COM;Pot_Cont;Escalao;ORD;COD_Proposta;Contagem;TF;TV|TVFV|TVP;TVV|TVC;TVVz;TFGN;TVGN
EDPSU;1,15;;;TUR;1;0,085;0,1609;;;;
EDPSU;2,3;;;TUR;1;0,1413;0,1609;;;;
EDPSU;3,45;;;TUR;1;0,1786;0,1658;;;;
EDPSU;4,6;;;TUR;1;0,2325;0,1658;;;;
EDPSU;5,75;;;TUR;1;0,286;0,1658;;;;
EDPSU;6,9;;;TUR;1;0,3396;0,1658;;;;
EDPSU;10,35;;;TUR;1;0,5004;0,1658;;;;
EDPSU;13,8;;;TUR;1;0,6612;0,1658;;;;
EDPSU;17,25;;;TUR;1;0,822;0,1658;;;;
EDPSU;20,7;;;TUR;1;0,9827;0,1658;;;;
EDPSU;27,6;;;TUR;1;;;;;;
EDPSU;34,5;;;TUR;1;;;;;;
EDPSU;41,4;;;TUR;1;;;;;;
EDPSU;1,15;;;TUR;2;0,085;0,2008;0,1094;;;
EDPSU;2,3;;;TUR;2;0,1413;0,2008;0,1094;;;
EDPSU;3,45;;;TUR;2;0,1786;0,2008;0,1094;;;
EDPSU;4,6;;;TUR;2;0,2325;0,2008;0,1094;;;
EDPSU;5,75;;;TUR;2;0,286;0,2008;0,1094;;;
EDPSU;6,9;;;TUR;2;0,3396;0,2008;0,1094;;;
EDPSU;10,35;;;TUR;2;0,5004;0,2008;0,1094;;;
EDPSU;13,8;;;TUR;2;0,6612;0,2008;0,1094;;;
EDPSU;17,25;;;TUR;2;0,822;0,2008;0,1094;;;
EDPSU;20,7;;;TUR;2;0,9827;0,2008;0,1094;;;
EDPSU;27,6;;;TUR;2;;;;;;
EDPSU;34,5;;;TUR;2;;;;;;
EDPSU;41,4;;;TUR;2;;;;;;
EDPSU;1,15;;;TUR;3;0,085;0,2448;0,1777;0,1094;;
EDPSU;2,3;;;TUR;3;0,1413;0,2448;0,1777;0,1094;;
EDPSU;3,45;;;TUR;3;0,1786;0,2448;0,1777;0,1094;;
EDPSU;4,6;;;TUR;3;0,2325;0,2448;0,1777;0,1094;;
EDPSU;5,75;;;TUR;3;0,286;0,2448;0,1777;0,1094;;
EDPSU;6,9;;;TUR;3;0,3396;0,2448;0,1777;0,1094;;
EDPSU;10,35;;;TUR;3;0,5004;0,2448;0,1777;0,1094;;
EDPSU;13,8;;;TUR;3;0,6612;0,2448;0,1777;0,1094;;
EDPSU;17,25;;;TUR;3;0,822;0,2448;0,1777;0,1094;;
EDPSU;20,7;;;TUR;3;0,9827;0,2448;0,1777;0,1094;;
EDPSU;27,6;;;TUR;3;1,3135;0,2986;0,163;0,0947;;
EDPSU;34,5;;;TUR;3;1,634;0,2986;0,163;0,0947;;
EDPSU;41,4;;;TUR;3;1,9545;0,2986;0,163;0,0947;;
CURBEI;;1;BEI;CUR;;;;;;0,0897;0,0647
CURBEI;;2;BEI;CUR;;;;;;0,1298;0,0601
CURBEI;;3;BEI;CUR;;;;;;0,1643;0,0571
CURBEI;;4;BEI;CUR;;;;;;0,2068;0,0559
CURDIA;;1;DIA;CUR;;;;;;0,0897;0,0647
CURDIA;;2;DIA;CUR;;;;;;0,1298;0,0601
CURDIA;;3;DIA;CUR;;;;;;0,1643;0,0571
CURDIA;;4;DIA;CUR;;;;;;0,2068;0,0559
CURSON;;1;SON;CUR;;;;;;0,0897;0,0647
CURSON;;2;SON;CUR;;;;;;0,1298;0,0601
CURSON;;3;SON;CUR;;;;;;0,1643;0,0571
CURSON;;4;SON;CUR;;;;;;0,2068;0,0559
CURDUR;;1;DUR;CUR;;;;;;0,0897;0,0647
CURDUR;;2;DUR;CUR;;;;;;0,1298;0,0601
CURDUR;;3;DUR;CUR;;;;;;0,1643;0,0571
CURDUR;;4;DUR;CUR;;;;;;0,2068;0,0559
CURLIS;;1;LIS;CUR;;;;;;0,0897;0,0647
CURLIS;;2;LIS;CUR;;;;;;0,1298;0,0601
CURLIS;;3;LIS;CUR;;;;;;0,1643;0,0571
CURLIS;;4;LIS;CUR;;;;;;0,2068;0,0559
CURLUS;;1;LUS;CUR;;;;;;0,0897;0,0647
CURLUS;;2;LUS;CUR;;;;;;0,1298;0,0601
CURLUS;;3;LUS;CUR;;;;;;0,1643;0,0571
CURLUS;;4;LUS;CUR;;;;;;0,2068;0,0559
CURMED;;1;MED;CUR;;;;;;0,0897;0,0647
CURMED;;2;MED;CUR;;;;;;0,1298;0,0601
CURMED;;3;MED;CUR;;;;;;0,1643;0,0571
CURMED;;4;MED;CUR;;;;;;0,2068;0,0559
CURPAX;;1;PAX;CUR;;;;;;0,0897;0,0647
CURPAX;;2;PAX;CUR;;;;;;0,1298;0,0601
CURPAX;;3;PAX;CUR;;;;;;0,1643;0,0571
CURPAX;;4;PAX;CUR;;;;;;0,2068;0,0559
CURREN;;1;REN;CUR;;;;;;0,0897;0,0647
CURREN;;2;REN;CUR;;;;;;0,1298;0,0601
CURREN;;3;REN;CUR;;;;;;0,1643;0,0571
CURREN;;4;REN;CUR;;;;;;0,2068;0,0559
CURSET;;1;SET;CUR;;;;;;0,0897;0,0647
CURSET;;2;SET;CUR;;;;;;0,1298;0,0601
CURSET;;3;SET;CUR;;;;;;0,1643;0,0571
CURSET;;4;SET;CUR;;;;;;0,2068;0,0559
CURTAG;;1;TAG;CUR;;;;;;0,0897;0,0647
CURTAG;;2;TAG;CUR;;;;;;0,1298;0,0601
CURTAG;;3;TAG;CUR;;;;;;0,1643;0,0571
CURTAG;;4;TAG;CUR;;;;;;0,2068;0,0559
ACCIONA;1,15;1;;ACCIONA_01;1;0,1757;0,175535065396;;;;
ACCIONA;2,3;2;;ACCIONA_01;1;0,2564;0,175535065396;;;;
ACCIONA;3,45;3;;ACCIONA_01;1;0,3106;0,175535065396;;;;
ACCIONA;4,6;4;;ACCIONA_01;1;0,4082;0,175535065396;;;;
ACCIONA;5,75;;;ACCIONA_01;1;0,4986;0,175535065396;;;;
ACCIONA;6,9;;;ACCIONA_01;1;0,5799;0,175535065396;;;;
ACCIONA;10,35;;;ACCIONA_01;1;0,8073;0,175535065396;;;;
ACCIONA;13,8;;;ACCIONA_01;1;1,0201;0,175535065396;;;;
ACCIONA;17,25;;;ACCIONA_01;1;1,2241;0,175535065396;;;;
ACCIONA;20,7;;;ACCIONA_01;1;1,4696;0,175535065396;;;;
ACCIONA;1,15;1;;ACCIONA_02;1;0,1757;0,220696626;;;;
ACCIONA;2,3;2;;ACCIONA_02;1;0,2564;0,220696626;;;;
ACCIONA;3,45;3;;ACCIONA_02;1;0,3106;0,220696626;;;;
ACCIONA;4,6;4;;ACCIONA_02;1;0,4082;0,220696626;;;;
ACCIONA;5,75;;;ACCIONA_02;1;0,4986;0,220696626;;;;
ACCIONA;6,9;;;ACCIONA_02;1;0,5799;0,220696626;;;;
ACCIONA;10,35;;;ACCIONA_02;1;0,8073;0,220696626;;;;
ACCIONA;13,8;;;ACCIONA_02;1;1,0201;0,220696626;;;;
ACCIONA;17,25;;;ACCIONA_02;1;1,2241;0,220696626;;;;
ACCIONA;20,7;;;ACCIONA_02;1;1,4696;0,220696626;;;;
ACCIONA;1,15;;;ACCIONA_01;2;0,1757;0,1993451149216;0,1293005947144;;;
ACCIONA;2,3;;;ACCIONA_01;2;0,2564;0,1993451149216;0,1293005947144;;;
ACCIONA;3,45;;;ACCIONA_01;2;0,3106;0,1993451149216;0,1293005947144;;;
ACCIONA;4,6;;;ACCIONA_01;2;0,4082;0,1993451149216;0,1293005947144;;;
ACCIONA;5,75;;;ACCIONA_01;2;0,4986;0,1993451149216;0,1293005947144;;;
ACCIONA;6,9;;;ACCIONA_01;2;0,5799;0,1993451149216;0,1293005947144;;;
ACCIONA;10,35;;;ACCIONA_01;2;0,8073;0,1993451149216;0,1293005947144;;;
ACCIONA;13,8;;;ACCIONA_01;2;1,0201;0,1993451149216;0,1293005947144;;;
ACCIONA;17,25;;;ACCIONA_01;2;1,2241;0,1993451149216;0,1293005947144;;;
ACCIONA;20,7;;;ACCIONA_01;2;1,4696;0,1993451149216;0,1293005947144;;;
ACCIONA;1,15;;;ACCIONA_02;2;0,1757;0,173515106;0,247003082;;;
ACCIONA;2,3;;;ACCIONA_02;2;0,2564;0,173515106;0,247003082;;;
ACCIONA;3,45;;;ACCIONA_02;2;0,3106;0,173515106;0,247003082;;;
ACCIONA;4,6;;;ACCIONA_02;2;0,4082;0,173515106;0,247003082;;;
ACCIONA;5,75;;;ACCIONA_02;2;0,4986;0,173515106;0,247003082;;;
ACCIONA;6,9;;;ACCIONA_02;2;0,5799;0,173515106;0,247003082;;;
ACCIONA;10,35;;;ACCIONA_02;2;0,8073;0,173515106;0,247003082;;;
ACCIONA;13,8;;;ACCIONA_02;2;1,0201;0,173515106;0,247003082;;;
ACCIONA;17,25;;;ACCIONA_02;2;1,2241;0,173515106;0,247003082;;;
ACCIONA;20,7;;;ACCIONA_02;2;1,4696;0,173515106;0,247003082;;;
ACCIONA;1,15;;;ACCIONA_01;3;0,1757;0,3638872681376;0,1548882536352;0,1293005947144;;
ACCIONA;2,3;;;ACCIONA_01;3;0,2564;0,3638872681376;0,1548882536352;0,1293005947144;;
ACCIONA;3,45;;;ACCIONA_01;3;0,3106;0,3638872681376;0,1548882536352;0,1293005947144;;
ACCIONA;4,6;;;ACCIONA_01;3;0,4082;0,3638872681376;0,1548882536352;0,1293005947144;;
ACCIONA;5,75;;;ACCIONA_01;3;0,4986;0,3638872681376;0,1548882536352;0,1293005947144;;
ACCIONA;6,9;;;ACCIONA_01;3;0,5799;0,3638872681376;0,1548882536352;0,1293005947144;;
ACCIONA;10,35;;;ACCIONA_01;3;0,8073;0,3638872681376;0,1548882536352;0,1293005947144;;
ACCIONA;13,8;;;ACCIONA_01;3;1,0201;0,3638872681376;0,1548882536352;0,1293005947144;;
ACCIONA;17,25;;;ACCIONA_01;3;1,2241;0,3638872681376;0,1548882536352;0,1293005947144;;
ACCIONA;20,7;;;ACCIONA_01;3;1,4696;0,3638872681376;0,1548882536352;0,1293005947144;;
ACCIONA;27,6;;;ACCIONA_01;3;1,8501;0,3637872681376;0,1668882536352;0,1285005947144;;
ACCIONA;34,5;;;ACCIONA_01;3;2,3072;0,3637872681376;0,1668882536352;0,1285005947144;;
ACCIONA;41,4;;;ACCIONA_01;3;2,7693;0,3637872681376;0,1668882536352;0,1285005947144;;
ACCIONA;1,15;;;ACCIONA_02;3;0,1757;0,418750028;0,192003321;0,178903082;;
ACCIONA;2,3;;;ACCIONA_02;3;0,2564;0,418750028;0,192003321;0,178903082;;
ACCIONA;3,45;;;ACCIONA_02;3;0,3106;0,418750028;0,192003321;0,178903082;;
ACCIONA;4,6;;;ACCIONA_02;3;0,4082;0,418750028;0,192003321;0,178903082;;
ACCIONA;5,75;;;ACCIONA_02;3;0,4986;0,418750028;0,192003321;0,178903082;;
ACCIONA;6,9;;;ACCIONA_02;3;0,5799;0,418750028;0,192003321;0,178903082;;
ACCIONA;10,35;;;ACCIONA_02;3;0,8073;0,418750028;0,192003321;0,178903082;;
ACCIONA;13,8;;;ACCIONA_02;3;1,0201;0,418750028;0,192003321;0,178903082;;
ACCIONA;17,25;;;ACCIONA_02;3;1,2241;0,418750028;0,192003321;0,178903082;;
ACCIONA;20,7;;;ACCIONA_02;3;1,4696;0,418750028;0,192003321;0,178903082;;
ACCIONA;27,6;;;ACCIONA_02;3;1,8501;0,418650028;0,204003321;0,178103082;;
ACCIONA;34,5;;;ACCIONA_02;3;2,3072;0,418650028;0,204003321;0,178103082;;
ACCIONA;41,4;;;ACCIONA_02;3;2,7693;0,418650028;0,204003321;0,178103082;;
ALFAENERGIA;1,15;1;;ALFAENERGIA_01;1;0,2038;0,166815432;;;;
ALFAENERGIA;2,3;2;;ALFAENERGIA_01;1;0,3008;0,166815432;;;;
ALFAENERGIA;3,45;3;;ALFAENERGIA_01;1;0,4142;0,166815432;;;;
ALFAENERGIA;4,6;4;;ALFAENERGIA_01;1;0,518;0,166815432;;;;
ALFAENERGIA;5,75;;;ALFAENERGIA_01;1;0,6095;0,166815432;;;;
ALFAENERGIA;6,9;;;ALFAENERGIA_01;1;0,7393;0,166815432;;;;
ALFAENERGIA;10,35;;;ALFAENERGIA_01;1;1,0042;0,166815432;;;;
ALFAENERGIA;13,8;;;ALFAENERGIA_01;1;1,2718;0,166815432;;;;
ALFAENERGIA;17,25;;;ALFAENERGIA_01;1;1,5367;0,166815432;;;;
ALFAENERGIA;20,7;;;ALFAENERGIA_01;1;1,8399;0,166815432;;;;
ALFAENERGIA;1,15;1;;ALFAENERGIA_02;1;0,2038;0,166815432;;;;
ALFAENERGIA;2,3;2;;ALFAENERGIA_02;1;0,3008;0,166815432;;;;
ALFAENERGIA;3,45;3;;ALFAENERGIA_02;1;0,4142;0,166815432;;;;
ALFAENERGIA;4,6;4;;ALFAENERGIA_02;1;0,518;0,166815432;;;;
ALFAENERGIA;5,75;;;ALFAENERGIA_02;1;0,6095;0,166815432;;;;
ALFAENERGIA;6,9;;;ALFAENERGIA_02;1;0,7393;0,166815432;;;;
ALFAENERGIA;10,35;;;ALFAENERGIA_02;1;1,0042;0,166815432;;;;
ALFAENERGIA;13,8;;;ALFAENERGIA_02;1;1,2718;0,166815432;;;;
ALFAENERGIA;17,25;;;ALFAENERGIA_02;1;1,5367;0,166815432;;;;
ALFAENERGIA;20,7;;;ALFAENERGIA_02;1;1,8399;0,166815432;;;;
ALFAENERGIA;1,15;1;;ALFAENERGIA_03;1;0,2038;0,168;;;;
ALFAENERGIA;2,3;2;;ALFAENERGIA_03;1;0,3008;0,168;;;;
ALFAENERGIA;3,45;3;;ALFAENERGIA_03;1;0,4142;0,168;;;;
ALFAENERGIA;4,6;4;;ALFAENERGIA_03;1;0,518;0,168;;;;
ALFAENERGIA;5,75;;;ALFAENERGIA_03;1;0,6095;0,168;;;;
ALFAENERGIA;6,9;;;ALFAENERGIA_03;1;0,7393;0,168;;;;
ALFAENERGIA;10,35;;;ALFAENERGIA_03;1;1,0042;0,168;;;;
ALFAENERGIA;13,8;;;ALFAENERGIA_03;1;1,2718;0,168;;;;
ALFAENERGIA;17,25;;;ALFAENERGIA_03;1;1,5367;0,168;;;;
ALFAENERGIA;20,7;;;ALFAENERGIA_03;1;1,8399;0,168;;;;
ALFAENERGIA;1,15;1;;ALFAENERGIA_04;1;;;;;0,128344444444444;0,112130116683247
ALFAENERGIA;2,3;2;;ALFAENERGIA_04;1;;;;;0,241566666666667;0,106514561127691
ALFAENERGIA;3,45;3;;ALFAENERGIA_04;1;;;;;0,374788888888889;0,103262338905469
ALFAENERGIA;4,6;4;;ALFAENERGIA_04;1;;;;;0,568944444444444;0,101848561127691
ALFAENERGIA;1,15;;;ALFAENERGIA_01;2;0,2038;0,189815432;0,121715432;;;
ALFAENERGIA;2,3;;;ALFAENERGIA_01;2;0,3008;0,189815432;0,121715432;;;
ALFAENERGIA;3,45;;;ALFAENERGIA_01;2;0,4142;0,189815432;0,121715432;;;
ALFAENERGIA;4,6;;;ALFAENERGIA_01;2;0,518;0,189815432;0,121715432;;;
ALFAENERGIA;5,75;;;ALFAENERGIA_01;2;0,6095;0,189815432;0,121715432;;;
ALFAENERGIA;6,9;;;ALFAENERGIA_01;2;0,7393;0,189815432;0,121715432;;;
ALFAENERGIA;10,35;;;ALFAENERGIA_01;2;1,0042;0,189815432;0,121715432;;;
ALFAENERGIA;13,8;;;ALFAENERGIA_01;2;1,2718;0,189815432;0,121715432;;;
ALFAENERGIA;17,25;;;ALFAENERGIA_01;2;1,5367;0,189815432;0,121715432;;;
ALFAENERGIA;20,7;;;ALFAENERGIA_01;2;1,8399;0,189815432;0,121715432;;;
ALFAENERGIA;1,15;;;ALFAENERGIA_02;2;0,2038;0,189815432;0,121715432;;;
ALFAENERGIA;2,3;;;ALFAENERGIA_02;2;0,3008;0,189815432;0,121715432;;;
ALFAENERGIA;3,45;;;ALFAENERGIA_02;2;0,4142;0,189815432;0,121715432;;;
ALFAENERGIA;4,6;;;ALFAENERGIA_02;2;0,518;0,189815432;0,121715432;;;
ALFAENERGIA;5,75;;;ALFAENERGIA_02;2;0,6095;0,189815432;0,121715432;;;
ALFAENERGIA;6,9;;;ALFAENERGIA_02;2;0,7393;0,189815432;0,121715432;;;
ALFAENERGIA;10,35;;;ALFAENERGIA_02;2;1,0042;0,189815432;0,121715432;;;
ALFAENERGIA;13,8;;;ALFAENERGIA_02;2;1,2718;0,189815432;0,121715432;;;
ALFAENERGIA;17,25;;;ALFAENERGIA_02;2;1,5367;0,189815432;0,121715432;;;
ALFAENERGIA;20,7;;;ALFAENERGIA_02;2;1,8399;0,189815432;0,121715432;;;
ALFAENERGIA;3,45;;;ALFAENERGIA_03;2;0,4142;0,191;0,1229;;;
ALFAENERGIA;4,6;;;ALFAENERGIA_03;2;0,518;0,191;0,1229;;;
ALFAENERGIA;5,75;;;ALFAENERGIA_03;2;0,6095;0,191;0,1229;;;
ALFAENERGIA;6,9;;;ALFAENERGIA_03;2;0,7393;0,191;0,1229;;;
ALFAENERGIA;10,35;;;ALFAENERGIA_03;2;1,0042;0,191;0,1229;;;
ALFAENERGIA;13,8;;;ALFAENERGIA_03;2;1,2718;0,191;0,1229;;;
ALFAENERGIA;17,25;;;ALFAENERGIA_03;2;1,5367;0,191;0,1229;;;
ALFAENERGIA;20,7;;;ALFAENERGIA_03;2;1,8399;0,191;0,1229;;;
ALFAENERGIA;1,15;;;ALFAENERGIA_01;3;0,2038;0,353715432;0,145615432;0,121715432;;
ALFAENERGIA;2,3;;;ALFAENERGIA_01;3;0,3008;0,353715432;0,145615432;0,121715432;;
ALFAENERGIA;3,45;;;ALFAENERGIA_01;3;0,4142;0,353715432;0,145615432;0,121715432;;
ALFAENERGIA;4,6;;;ALFAENERGIA_01;3;0,518;0,353715432;0,145615432;0,121715432;;
ALFAENERGIA;5,75;;;ALFAENERGIA_01;3;0,6095;0,353715432;0,145615432;0,121715432;;
ALFAENERGIA;6,9;;;ALFAENERGIA_01;3;0,7393;0,353715432;0,145615432;0,121715432;;
ALFAENERGIA;10,35;;;ALFAENERGIA_01;3;1,0042;0,353715432;0,145615432;0,121715432;;
ALFAENERGIA;13,8;;;ALFAENERGIA_01;3;1,2718;0,353715432;0,145615432;0,121715432;;
ALFAENERGIA;17,25;;;ALFAENERGIA_01;3;1,5367;0,353715432;0,145615432;0,121715432;;
ALFAENERGIA;20,7;;;ALFAENERGIA_01;3;1,8399;0,353715432;0,145615432;0,121715432;;
ALFAENERGIA;27,6;;;ALFAENERGIA_01;3;2,3967;0,353615432;0,157615432;0,120915432;;
ALFAENERGIA;34,5;;;ALFAENERGIA_01;3;2,9086;0,353615432;0,157615432;0,120915432;;
ALFAENERGIA;41,4;;;ALFAENERGIA_01;3;3,4204;0,353615432;0,157615432;0,120915432;;
ALFAENERGIA;1,15;;;ALFAENERGIA_02;3;0,2038;0,353715432;0,145615432;0,121715432;;
ALFAENERGIA;2,3;;;ALFAENERGIA_02;3;0,3008;0,353715432;0,145615432;0,121715432;;
ALFAENERGIA;3,45;;;ALFAENERGIA_02;3;0,4142;0,353715432;0,145615432;0,121715432;;
ALFAENERGIA;4,6;;;ALFAENERGIA_02;3;0,518;0,353715432;0,145615432;0,121715432;;
ALFAENERGIA;5,75;;;ALFAENERGIA_02;3;0,6095;0,353715432;0,145615432;0,121715432;;
ALFAENERGIA;6,9;;;ALFAENERGIA_02;3;0,7393;0,353715432;0,145615432;0,121715432;;
ALFAENERGIA;10,35;;;ALFAENERGIA_02;3;1,0042;0,353715432;0,145615432;0,121715432;;
ALFAENERGIA;13,8;;;ALFAENERGIA_02;3;1,2718;0,353715432;0,145615432;0,121715432;;
ALFAENERGIA;17,25;;;ALFAENERGIA_02;3;1,5367;0,353715432;0,145615432;0,121715432;;
ALFAENERGIA;20,7;;;ALFAENERGIA_02;3;1,8399;0,353715432;0,145615432;0,121715432;;
ALFAENERGIA;27,6;;;ALFAENERGIA_02;3;2,3967;0,353615432;0,157615432;0,120915432;;
ALFAENERGIA;34,5;;;ALFAENERGIA_02;3;2,9086;0,353615432;0,157615432;0,120915432;;
ALFAENERGIA;41,4;;;ALFAENERGIA_02;3;3,4204;0,353615432;0,157615432;0,120915432;;
ALFAENERGIA;3,45;;;ALFAENERGIA_03;3;0,4142;0,3549;0,1468;0,1229;;
ALFAENERGIA;4,6;;;ALFAENERGIA_03;3;0,518;0,3549;0,1468;0,1229;;
ALFAENERGIA;5,75;;;ALFAENERGIA_03;3;0,6095;0,3549;0,1468;0,1229;;
ALFAENERGIA;6,9;;;ALFAENERGIA_03;3;0,7393;0,3549;0,1468;0,1229;;
ALFAENERGIA;10,35;;;ALFAENERGIA_03;3;1,0042;0,3549;0,1468;0,1229;;
ALFAENERGIA;13,8;;;ALFAENERGIA_03;3;1,2718;0,3549;0,1468;0,1229;;
ALFAENERGIA;17,25;;;ALFAENERGIA_03;3;1,5367;0,3549;0,1468;0,1229;;
ALFAENERGIA;20,7;;;ALFAENERGIA_03;3;1,8399;0,3549;0,1468;0,1229;;
ALFAENERGIA;27,6;;;ALFAENERGIA_03;3;2,3967;0,3548;0,1588;0,1221;;
ALFAENERGIA;34,5;;;ALFAENERGIA_03;3;2,9086;0,3548;0,1588;0,1221;;
ALFAENERGIA;41,4;;;ALFAENERGIA_03;3;3,4204;0,3548;0,1588;0,1221;;
AUDAX;1,15;1;;AUDAX_01;1;0,348790410958904;0,152692697618254;;;;
AUDAX;2,3;2;;AUDAX_01;1;0,401690410958904;0,152692697618254;;;;
AUDAX;3,45;3;;AUDAX_01;1;0,454590410958904;0,152692697618254;;;;
AUDAX;4,6;4;;AUDAX_01;1;0,507490410958904;0,152692697618254;;;;
AUDAX;5,75;;;AUDAX_01;1;0,560390410958904;0,152692697618254;;;;
AUDAX;6,9;;;AUDAX_01;1;0,613290410958904;0,152692697618254;;;;
AUDAX;10,35;;;AUDAX_01;1;0,870620547945205;0,152692697618254;;;;
AUDAX;13,8;;;AUDAX_01;1;1,02932054794521;0,152692697618254;;;;
AUDAX;17,25;;;AUDAX_01;1;1,18802054794521;0,152692697618254;;;;
AUDAX;20,7;;;AUDAX_01;1;1,34672054794521;0,152692697618254;;;;
AUDAX;1,15;1;;AUDAX_02;1;0,2173;0,1634;;;;
AUDAX;2,3;2;;AUDAX_02;1;0,2702;0,1634;;;;
AUDAX;3,45;3;;AUDAX_02;1;0,3231;0,1634;;;;
AUDAX;4,6;4;;AUDAX_02;1;0,376;0,1634;;;;
AUDAX;5,75;;;AUDAX_02;1;0,4289;0,1634;;;;
AUDAX;6,9;;;AUDAX_02;1;0,4818;0,1634;;;;
AUDAX;10,35;;;AUDAX_02;1;0,6405;0,1634;;;;
AUDAX;13,8;;;AUDAX_02;1;0,7992;0,1634;;;;
AUDAX;17,25;;;AUDAX_02;1;0,9579;0,1634;;;;
AUDAX;20,7;;;AUDAX_02;1;1,1166;0,1634;;;;
AUDAX;1,15;1;;AUDAX_03;1;;;;;0,3156;0,1195
AUDAX;2,3;2;;AUDAX_03;1;;;;;0,383;0,1074
AUDAX;3,45;3;;AUDAX_03;1;;;;;0,4494;0,0975
AUDAX;4,6;4;;AUDAX_03;1;;;;;0,5031;0,0932
AUDAX;1,15;1;;AUDAX_04;1;;;;;0,1816125;0,115598339160305
AUDAX;2,3;2;;AUDAX_04;1;;;;;0,22131875;0,103506339160305
AUDAX;3,45;3;;AUDAX_04;1;;;;;0,26670625;0,093557339160305
AUDAX;4,6;4;;AUDAX_04;1;;;;;0,300379105086452;0,092275339160305
AUDAX;1,15;1;;AUDAX_05;1;0,3159;0,1744;;;;
AUDAX;2,3;2;;AUDAX_05;1;0,3688;0,1744;;;;
AUDAX;3,45;3;;AUDAX_05;1;0,4217;0,1744;;;;
AUDAX;4,6;4;;AUDAX_05;1;0,4746;0,1744;;;;
AUDAX;5,75;;;AUDAX_05;1;0,5275;0,1744;;;;
AUDAX;6,9;;;AUDAX_05;1;0,5804;0,1744;;;;
AUDAX;10,35;;;AUDAX_05;1;0,7391;0,1744;;;;
AUDAX;13,8;;;AUDAX_05;1;0,8978;0,1744;;;;
AUDAX;17,25;;;AUDAX_05;1;1,0565;0,1744;;;;
AUDAX;20,7;;;AUDAX_05;1;1,2152;0,1744;;;;
AUDAX;1,15;1;;AUDAX_06;1;0,4803;0,1594;;;;
AUDAX;2,3;2;;AUDAX_06;1;0,5332;0,1594;;;;
AUDAX;3,45;3;;AUDAX_06;1;0,619;0,1594;;;;
AUDAX;4,6;4;;AUDAX_06;1;0,6719;0,1594;;;;
AUDAX;5,75;;;AUDAX_06;1;0,7412;0,1594;;;;
AUDAX;6,9;;;AUDAX_06;1;0,9092;0,1594;;;;
AUDAX;10,35;;;AUDAX_06;1;1,298;0,1594;;;;
AUDAX;13,8;;;AUDAX_06;1;1,4567;0,1594;;;;
AUDAX;17,25;;;AUDAX_06;1;1,7798;0,1594;;;;
AUDAX;20,7;;;AUDAX_06;1;1,9835;0,1594;;;;
AUDAX;1,15;1;;AUDAX_07;1;0,3159;0,1719;;;;
AUDAX;2,3;2;;AUDAX_07;1;0,3688;0,1719;;;;
AUDAX;3,45;3;;AUDAX_07;1;0,4217;0,1719;;;;
AUDAX;4,6;4;;AUDAX_07;1;0,4746;0,1719;;;;
AUDAX;5,75;;;AUDAX_07;1;0,5275;0,1719;;;;
AUDAX;6,9;;;AUDAX_07;1;0,5804;0,1719;;;;
AUDAX;10,35;;;AUDAX_07;1;0,7391;0,1719;;;;
AUDAX;13,8;;;AUDAX_07;1;0,8978;0,1719;;;;
AUDAX;17,25;;;AUDAX_07;1;1,0565;0,1719;;;;
AUDAX;20,7;;;AUDAX_07;1;1,2152;0,1719;;;;
AUDAX;1,15;1;;AUDAX_08;1;0,3817;0,1784;;;;
AUDAX;2,3;2;;AUDAX_08;1;0,4346;0,1784;;;;
AUDAX;3,45;3;;AUDAX_08;1;0,4875;0,1784;;;;
AUDAX;4,6;4;;AUDAX_08;1;0,5404;0,1784;;;;
AUDAX;5,75;;;AUDAX_08;1;0,5933;0,1784;;;;
AUDAX;6,9;;;AUDAX_08;1;0,6462;0,1784;;;;
AUDAX;10,35;;;AUDAX_08;1;0,8049;0,1784;;;;
AUDAX;13,8;;;AUDAX_08;1;0,9636;0,1784;;;;
AUDAX;17,25;;;AUDAX_08;1;1,1223;0,1784;;;;
AUDAX;20,7;;;AUDAX_08;1;1,281;0,1784;;;;
AUDAX;1,15;1;;AUDAX_09;1;0,4803;0,1824;;;;
AUDAX;2,3;2;;AUDAX_09;1;0,5332;0,1824;;;;
AUDAX;3,45;3;;AUDAX_09;1;0,5861;0,1824;;;;
AUDAX;4,6;4;;AUDAX_09;1;0,639;0,1824;;;;
AUDAX;5,75;;;AUDAX_09;1;0,6919;0,1824;;;;
AUDAX;6,9;;;AUDAX_09;1;0,7448;0,1824;;;;
AUDAX;10,35;;;AUDAX_09;1;0,9035;0,1824;;;;
AUDAX;13,8;;;AUDAX_09;1;1,0622;0,1824;;;;
AUDAX;17,25;;;AUDAX_09;1;1,2209;0,1824;;;;
AUDAX;20,7;;;AUDAX_09;1;1,3796;0,1824;;;;
AUDAX;3,45;;;AUDAX_01;2;0,454590410958904;0,175692697618254;0,107592697618254;;;
AUDAX;4,6;;;AUDAX_01;2;0,507490410958904;0,175692697618254;0,107592697618254;;;
AUDAX;5,75;;;AUDAX_01;2;0,560390410958904;0,175692697618254;0,107592697618254;;;
AUDAX;6,9;;;AUDAX_01;2;0,613290410958904;0,175692697618254;0,107592697618254;;;
AUDAX;10,35;;;AUDAX_01;2;0,870620547945205;0,175692697618254;0,107592697618254;;;
AUDAX;13,8;;;AUDAX_01;2;1,02932054794521;0,175692697618254;0,107592697618254;;;
AUDAX;17,25;;;AUDAX_01;2;1,18802054794521;0,175692697618254;0,107592697618254;;;
AUDAX;20,7;;;AUDAX_01;2;1,34672054794521;0,175692697618254;0,107592697618254;;;
AUDAX;1,15;;;AUDAX_02;2;0,2173;0,1822;0,1268;;;
AUDAX;2,3;;;AUDAX_02;2;0,2702;0,1822;0,1268;;;
AUDAX;3,45;;;AUDAX_02;2;0,3231;0,1822;0,1268;;;
AUDAX;4,6;;;AUDAX_02;2;0,376;0,1822;0,1268;;;
AUDAX;5,75;;;AUDAX_02;2;0,4289;0,1822;0,1268;;;
AUDAX;6,9;;;AUDAX_02;2;0,4818;0,1822;0,1268;;;
AUDAX;10,35;;;AUDAX_02;2;0,6405;0,1822;0,1268;;;
AUDAX;13,8;;;AUDAX_02;2;0,7992;0,1822;0,1268;;;
AUDAX;17,25;;;AUDAX_02;2;0,9579;0,1822;0,1268;;;
AUDAX;20,7;;;AUDAX_02;2;1,1166;0,1822;0,1268;;;
AUDAX;1,15;;;AUDAX_05;2;0,3159;0,1932;0,1378;;;
AUDAX;2,3;;;AUDAX_05;2;0,3688;0,1932;0,1378;;;
AUDAX;3,45;;;AUDAX_05;2;0,4217;0,1932;0,1378;;;
AUDAX;4,6;;;AUDAX_05;2;0,4746;0,1932;0,1378;;;
AUDAX;5,75;;;AUDAX_05;2;0,5275;0,1932;0,1378;;;
AUDAX;6,9;;;AUDAX_05;2;0,5804;0,1932;0,1378;;;
AUDAX;10,35;;;AUDAX_05;2;0,7391;0,1932;0,1378;;;
AUDAX;13,8;;;AUDAX_05;2;0,8978;0,1932;0,1378;;;
AUDAX;17,25;;;AUDAX_05;2;1,0565;0,1932;0,1378;;;
AUDAX;20,7;;;AUDAX_05;2;1,2152;0,1932;0,1378;;;
AUDAX;1,15;;;AUDAX_06;2;0,4803;0,1782;0,1228;;;
AUDAX;2,3;;;AUDAX_06;2;0,5332;0,1782;0,1228;;;
AUDAX;3,45;;;AUDAX_06;2;0,619;0,1782;0,1228;;;
AUDAX;4,6;;;AUDAX_06;2;0,6719;0,1782;0,1228;;;
AUDAX;5,75;;;AUDAX_06;2;0,7412;0,1782;0,1228;;;
AUDAX;6,9;;;AUDAX_06;2;0,9092;0,1782;0,1228;;;
AUDAX;10,35;;;AUDAX_06;2;1,298;0,1782;0,1228;;;
AUDAX;13,8;;;AUDAX_06;2;1,4567;0,1782;0,1228;;;
AUDAX;17,25;;;AUDAX_06;2;1,7798;0,1782;0,1228;;;
AUDAX;20,7;;;AUDAX_06;2;1,9835;0,1782;0,1228;;;
AUDAX;1,15;;;AUDAX_07;2;0,3159;0,1901;0,1346;;;
AUDAX;2,3;;;AUDAX_07;2;0,3688;0,1901;0,1346;;;
AUDAX;3,45;;;AUDAX_07;2;0,4217;0,1901;0,1346;;;
AUDAX;4,6;;;AUDAX_07;2;0,4746;0,1901;0,1346;;;
AUDAX;5,75;;;AUDAX_07;2;0,5275;0,1901;0,1346;;;
AUDAX;6,9;;;AUDAX_07;2;0,5804;0,1901;0,1346;;;
AUDAX;10,35;;;AUDAX_07;2;0,7391;0,1901;0,1346;;;
AUDAX;13,8;;;AUDAX_07;2;0,8978;0,1901;0,1346;;;
AUDAX;17,25;;;AUDAX_07;2;1,0565;0,1901;0,1346;;;
AUDAX;20,7;;;AUDAX_07;2;1,2152;0,1901;0,1346;;;
AUDAX;1,15;;;AUDAX_08;2;0,3817;0,1972;0,1418;;;
AUDAX;2,3;;;AUDAX_08;2;0,4346;0,1972;0,1418;;;
AUDAX;3,45;;;AUDAX_08;2;0,4875;0,1972;0,1418;;;
AUDAX;4,6;;;AUDAX_08;2;0,5404;0,1972;0,1418;;;
AUDAX;5,75;;;AUDAX_08;2;0,5933;0,1972;0,1418;;;
AUDAX;6,9;;;AUDAX_08;2;0,6462;0,1972;0,1418;;;
AUDAX;10,35;;;AUDAX_08;2;0,8049;0,1972;0,1418;;;
AUDAX;13,8;;;AUDAX_08;2;0,9636;0,1972;0,1418;;;
AUDAX;17,25;;;AUDAX_08;2;1,1223;0,1972;0,1418;;;
AUDAX;20,7;;;AUDAX_08;2;1,281;0,1972;0,1418;;;
AUDAX;1,15;;;AUDAX_09;2;0,4803;0,2012;0,1458;;;
AUDAX;2,3;;;AUDAX_09;2;0,5332;0,2012;0,1458;;;
AUDAX;3,45;;;AUDAX_09;2;0,5861;0,2012;0,1458;;;
AUDAX;4,6;;;AUDAX_09;2;0,639;0,2012;0,1458;;;
AUDAX;5,75;;;AUDAX_09;2;0,6919;0,2012;0,1458;;;
AUDAX;6,9;;;AUDAX_09;2;0,7448;0,2012;0,1458;;;
AUDAX;10,35;;;AUDAX_09;2;0,9035;0,2012;0,1458;;;
AUDAX;13,8;;;AUDAX_09;2;1,0622;0,2012;0,1458;;;
AUDAX;17,25;;;AUDAX_09;2;1,2209;0,2012;0,1458;;;
AUDAX;20,7;;;AUDAX_09;2;1,3796;0,2012;0,1458;;;
AUDAX;3,45;;;AUDAX_01;3;0,454590410958904;0,339592697618254;0,131492697618254;0,107592697618254;;
AUDAX;4,6;;;AUDAX_01;3;0,507490410958904;0,339592697618254;0,131492697618254;0,107592697618254;;
AUDAX;5,75;;;AUDAX_01;3;0,560390410958904;0,339592697618254;0,131492697618254;0,107592697618254;;
AUDAX;6,9;;;AUDAX_01;3;0,613290410958904;0,339592697618254;0,131492697618254;0,107592697618254;;
AUDAX;10,35;;;AUDAX_01;3;0,870620547945205;0,339592697618254;0,131492697618254;0,107592697618254;;
AUDAX;13,8;;;AUDAX_01;3;1,02932054794521;0,339592697618254;0,131492697618254;0,107592697618254;;
AUDAX;17,25;;;AUDAX_01;3;1,18802054794521;0,339592697618254;0,131492697618254;0,107592697618254;;
AUDAX;20,7;;;AUDAX_01;3;1,34672054794521;0,339592697618254;0,131492697618254;0,107592697618254;;
AUDAX;27,6;;;AUDAX_01;3;1,61442054794521;0,339492697618254;0,143492697618254;0,106792697618254;;
AUDAX;34,5;;;AUDAX_01;3;1,91942054794521;0,339492697618254;0,143492697618254;0,106792697618254;;
AUDAX;41,4;;;AUDAX_01;3;2,22442054794521;0,339492697618254;0,143492697618254;0,106792697618254;;
AUDAX;1,15;;;AUDAX_02;3;0;0;0;0;;
AUDAX;2,3;;;AUDAX_02;3;0;0;0;0;;
AUDAX;3,45;;;AUDAX_02;3;0,3231;0,3588;0,1323;0,1268;;
AUDAX;4,6;;;AUDAX_02;3;0,376;0,3588;0,1323;0,1268;;
AUDAX;5,75;;;AUDAX_02;3;0,4289;0,3588;0,1323;0,1268;;
AUDAX;6,9;;;AUDAX_02;3;0,4818;0,3588;0,1323;0,1268;;
AUDAX;10,35;;;AUDAX_02;3;0,6405;0,3588;0,1323;0,1268;;
AUDAX;13,8;;;AUDAX_02;3;0,7992;0,3588;0,1323;0,1268;;
AUDAX;17,25;;;AUDAX_02;3;0,9579;0,3588;0,1323;0,1268;;
AUDAX;20,7;;;AUDAX_02;3;1,1166;0,3588;0,1323;0,1268;;
AUDAX;27,6;;;AUDAX_02;3;1,3843;0,353;0,1419;0,1263;;
AUDAX;34,5;;;AUDAX_02;3;1,6893;0,353;0,1419;0,1263;;
AUDAX;41,4;;;AUDAX_02;3;1,9943;0,353;0,1419;0,1263;;
AUDAX;1,15;;;AUDAX_05;3;0;0;0;0;;
AUDAX;2,3;;;AUDAX_05;3;0;0;0;0;;
AUDAX;3,45;;;AUDAX_05;3;0,4217;0,3698;0,1433;0,1378;;
AUDAX;4,6;;;AUDAX_05;3;0,4746;0,3698;0,1433;0,1378;;
AUDAX;5,75;;;AUDAX_05;3;0,5275;0,3698;0,1433;0,1378;;
AUDAX;6,9;;;AUDAX_05;3;0,5804;0,3698;0,1433;0,1378;;
AUDAX;10,35;;;AUDAX_05;3;0,7391;0,3698;0,1433;0,1378;;
AUDAX;13,8;;;AUDAX_05;3;0,8978;0,3698;0,1433;0,1378;;
AUDAX;17,25;;;AUDAX_05;3;1,0565;0,3698;0,1433;0,1378;;
AUDAX;20,7;;;AUDAX_05;3;1,2152;0,3698;0,1433;0,1378;;
AUDAX;27,6;;;AUDAX_05;3;1,4829;0,364;0,1529;0,1373;;
AUDAX;34,5;;;AUDAX_05;3;1,7879;0,364;0,1529;0,1373;;
AUDAX;41,4;;;AUDAX_05;3;2,0929;0,364;0,1529;0,1373;;
AUDAX;1,15;;;AUDAX_06;3;0;0;0;0;;
AUDAX;2,3;;;AUDAX_06;3;0;0;0;0;;
AUDAX;3,45;;;AUDAX_06;3;0,619;0,3548;0,1283;0,1228;;
AUDAX;4,6;;;AUDAX_06;3;0,6719;0,3548;0,1283;0,1228;;
AUDAX;5,75;;;AUDAX_06;3;0,7412;0,3548;0,1283;0,1228;;
AUDAX;6,9;;;AUDAX_06;3;0,9092;0,3548;0,1283;0,1228;;
AUDAX;10,35;;;AUDAX_06;3;1,298;0,3548;0,1283;0,1228;;
AUDAX;13,8;;;AUDAX_06;3;1,4567;0,3548;0,1283;0,1228;;
AUDAX;17,25;;;AUDAX_06;3;1,7798;0,3548;0,1283;0,1228;;
AUDAX;20,7;;;AUDAX_06;3;1,9835;0,3548;0,1283;0,1228;;
AUDAX;27,6;;;AUDAX_06;3;2,8637;0,349;0,1379;0,1223;;
AUDAX;34,5;;;AUDAX_06;3;3,1687;0,349;0,1379;0,1223;;
AUDAX;41,4;;;AUDAX_06;3;3,4737;0,349;0,1379;0,1223;;
AUDAX;1,15;;;AUDAX_07;3;0;0;0;0;;
AUDAX;2,3;;;AUDAX_07;3;0;0;0;0;;
AUDAX;3,45;;;AUDAX_07;3;0,4217;0,3671;0,14;0,1346;;
AUDAX;4,6;;;AUDAX_07;3;0,4746;0,3671;0,14;0,1346;;
AUDAX;5,75;;;AUDAX_07;3;0,5275;0,3671;0,14;0,1346;;
AUDAX;6,9;;;AUDAX_07;3;0,5804;0,3671;0,14;0,1346;;
AUDAX;10,35;;;AUDAX_07;3;0,7391;0,3671;0,14;0,1346;;
AUDAX;13,8;;;AUDAX_07;3;0,8978;0,3671;0,14;0,1346;;
AUDAX;17,25;;;AUDAX_07;3;1,0565;0,3671;0,14;0,1346;;
AUDAX;20,7;;;AUDAX_07;3;1,2152;0,3671;0,14;0,1346;;
AUDAX;27,6;;;AUDAX_07;3;1,4829;0,361;0,1496;0,1341;;
AUDAX;34,5;;;AUDAX_07;3;1,7879;0,361;0,1496;0,1341;;
AUDAX;41,4;;;AUDAX_07;3;2,0929;0,361;0,1496;0,1341;;
AUDAX;1,15;;;AUDAX_08;3;0;0;0;0;;
AUDAX;2,3;;;AUDAX_08;3;0;0;0;0;;
AUDAX;3,45;;;AUDAX_08;3;0,4875;0,3738;0,1473;0,1418;;
AUDAX;4,6;;;AUDAX_08;3;0,5404;0,3738;0,1473;0,1418;;
AUDAX;5,75;;;AUDAX_08;3;0,5933;0,3738;0,1473;0,1418;;
AUDAX;6,9;;;AUDAX_08;3;0,6462;0,3738;0,1473;0,1418;;
AUDAX;10,35;;;AUDAX_08;3;0,8049;0,3738;0,1473;0,1418;;
AUDAX;13,8;;;AUDAX_08;3;0,9636;0,3738;0,1473;0,1418;;
AUDAX;17,25;;;AUDAX_08;3;1,1223;0,3738;0,1473;0,1418;;
AUDAX;20,7;;;AUDAX_08;3;1,281;0,3738;0,1473;0,1418;;
AUDAX;27,6;;;AUDAX_08;3;1,5487;0,368;0,1569;0,1413;;
AUDAX;34,5;;;AUDAX_08;3;1,8537;0,368;0,1569;0,1413;;
AUDAX;41,4;;;AUDAX_08;3;2,1587;0,368;0,1569;0,1413;;
AUDAX;1,15;;;AUDAX_09;3;0;0;0;0;;
AUDAX;2,3;;;AUDAX_09;3;0;0;0;0;;
AUDAX;3,45;;;AUDAX_09;3;0,5861;0,3778;0,1513;0,1458;;
AUDAX;4,6;;;AUDAX_09;3;0,639;0,3778;0,1513;0,1458;;
AUDAX;5,75;;;AUDAX_09;3;0,6919;0,3778;0,1513;0,1458;;
AUDAX;6,9;;;AUDAX_09;3;0,7448;0,3778;0,1513;0,1458;;
AUDAX;10,35;;;AUDAX_09;3;0,9035;0,3778;0,1513;0,1458;;
AUDAX;13,8;;;AUDAX_09;3;1,0622;0,3778;0,1513;0,1458;;
AUDAX;17,25;;;AUDAX_09;3;1,2209;0,3778;0,1513;0,1458;;
AUDAX;20,7;;;AUDAX_09;3;1,3796;0,3778;0,1513;0,1458;;
AUDAX;27,6;;;AUDAX_09;3;1,6473;0,372;0,1609;0,1453;;
AUDAX;34,5;;;AUDAX_09;3;1,9523;0,372;0,1609;0,1453;;
AUDAX;41,4;;;AUDAX_09;3;2,2573;0,372;0,1609;0,1453;;
AXPO;1,15;1;;AXPO_01;1;0,1058;0,17930218;;;;
AXPO;2,3;2;;AXPO_01;1;0,2116;0,17930218;;;;
AXPO;3,45;3;;AXPO_01;1;0,3174;0,17930218;;;;
AXPO;4,6;4;;AXPO_01;1;0,4232;0,17930218;;;;
AXPO;5,75;;;AXPO_01;1;0,529;0,17930218;;;;
AXPO;6,9;;;AXPO_01;1;0,6348;0,17930218;;;;
AXPO;10,35;;;AXPO_01;1;0,9522;0,17930218;;;;
AXPO;13,8;;;AXPO_01;1;1,2696;0,17930218;;;;
AXPO;17,25;;;AXPO_01;1;1,587;0,17930218;;;;
AXPO;20,7;;;AXPO_01;1;1,9044;0,17930218;;;;
AXPO;1,15;1;;AXPO_02;1;0,1058;0,18230218;;;;
AXPO;2,3;2;;AXPO_02;1;0,2116;0,18230218;;;;
AXPO;3,45;3;;AXPO_02;1;0,3174;0,18230218;;;;
AXPO;4,6;4;;AXPO_02;1;0,4232;0,18230218;;;;
AXPO;5,75;;;AXPO_02;1;0,529;0,18230218;;;;
AXPO;6,9;;;AXPO_02;1;0,6348;0,18230218;;;;
AXPO;10,35;;;AXPO_02;1;0,9522;0,18230218;;;;
AXPO;13,8;;;AXPO_02;1;1,2696;0,18230218;;;;
AXPO;17,25;;;AXPO_02;1;1,587;0,18230218;;;;
AXPO;20,7;;;AXPO_02;1;1,9044;0,18230218;;;;
AXPO;1,15;1;;AXPO_03;1;0,0529;0,18568;;;;
AXPO;2,3;2;;AXPO_03;1;0,1058;0,18568;;;;
AXPO;3,45;3;;AXPO_03;1;0,1587;0,18568;;;;
AXPO;4,6;4;;AXPO_03;1;0,2116;0,18568;;;;
AXPO;5,75;;;AXPO_03;1;0,2645;0,18568;;;;
AXPO;6,9;;;AXPO_03;1;0,3174;0,18568;;;;
AXPO;10,35;;;AXPO_03;1;0,4761;0,18568;;;;
AXPO;13,8;;;AXPO_03;1;0,6348;0,18568;;;;
AXPO;17,25;;;AXPO_03;1;0,7935;0,18568;;;;
AXPO;20,7;;;AXPO_03;1;0,9522;0,18568;;;;
AXPO;1,15;1;;AXPO_04;1;0,0529;0,18867;;;;
AXPO;2,3;2;;AXPO_04;1;0,1058;0,18867;;;;
AXPO;3,45;3;;AXPO_04;1;0,1587;0,18867;;;;
AXPO;4,6;4;;AXPO_04;1;0,2116;0,18867;;;;
AXPO;5,75;;;AXPO_04;1;0,2645;0,18867;;;;
AXPO;6,9;;;AXPO_04;1;0,3174;0,18867;;;;
AXPO;10,35;;;AXPO_04;1;0,4761;0,18867;;;;
AXPO;13,8;;;AXPO_04;1;0,6348;0,18867;;;;
AXPO;17,25;;;AXPO_04;1;0,7935;0,18867;;;;
AXPO;20,7;;;AXPO_04;1;0,9522;0,18867;;;;
AXPO;1,15;;;AXPO_01;2;0,1058;0,20360918;0,13289518;;;
AXPO;2,3;;;AXPO_01;2;0,2116;0,20360918;0,13289518;;;
AXPO;3,45;;;AXPO_01;2;0,3174;0,20360918;0,13289518;;;
AXPO;4,6;;;AXPO_01;2;0,4232;0,20360918;0,13289518;;;
AXPO;5,75;;;AXPO_01;2;0,529;0,20360918;0,13289518;;;
AXPO;6,9;;;AXPO_01;2;0,6348;0,20360918;0,13289518;;;
AXPO;10,35;;;AXPO_01;2;0,9522;0,20360918;0,13289518;;;
AXPO;13,8;;;AXPO_01;2;1,2696;0,20360918;0,13289518;;;
AXPO;17,25;;;AXPO_01;2;1,587;0,20360918;0,13289518;;;
AXPO;20,7;;;AXPO_01;2;1,9044;0,20360918;0,13289518;;;
AXPO;1,15;;;AXPO_02;2;0,1058;0,20660918;0,13589518;;;
AXPO;2,3;;;AXPO_02;2;0,2116;0,20660918;0,13589518;;;
AXPO;3,45;;;AXPO_02;2;0,3174;0,20660918;0,13589518;;;
AXPO;4,6;;;AXPO_02;2;0,4232;0,20660918;0,13589518;;;
AXPO;5,75;;;AXPO_02;2;0,529;0,20660918;0,13589518;;;
AXPO;6,9;;;AXPO_02;2;0,6348;0,20660918;0,13589518;;;
AXPO;10,35;;;AXPO_02;2;0,9522;0,20660918;0,13589518;;;
AXPO;13,8;;;AXPO_02;2;1,2696;0,20660918;0,13589518;;;
AXPO;17,25;;;AXPO_02;2;1,587;0,20660918;0,13589518;;;
AXPO;20,7;;;AXPO_02;2;1,9044;0,20660918;0,13589518;;;
AXPO;1,15;;;AXPO_03;2;0,0529;0,21308;0,13536;;;
AXPO;2,3;;;AXPO_03;2;0,1058;0,21308;0,13536;;;
AXPO;3,45;;;AXPO_03;2;0,1587;0,21308;0,13536;;;
AXPO;4,6;;;AXPO_03;2;0,2116;0,21308;0,13536;;;
AXPO;5,75;;;AXPO_03;2;0,2645;0,21308;0,13536;;;
AXPO;6,9;;;AXPO_03;2;0,3174;0,21308;0,13536;;;
AXPO;10,35;;;AXPO_03;2;0,4761;0,21308;0,13536;;;
AXPO;13,8;;;AXPO_03;2;0,6348;0,21308;0,13536;;;
AXPO;17,25;;;AXPO_03;2;0,7935;0,21308;0,13536;;;
AXPO;20,7;;;AXPO_03;2;0,9522;0,21308;0,13536;;;
AXPO;1,15;;;AXPO_04;2;0,0529;0,21607;0,13835;;;
AXPO;2,3;;;AXPO_04;2;0,1058;0,21607;0,13835;;;
AXPO;3,45;;;AXPO_04;2;0,1587;0,21607;0,13835;;;
AXPO;4,6;;;AXPO_04;2;0,2116;0,21607;0,13835;;;
AXPO;5,75;;;AXPO_04;2;0,2645;0,21607;0,13835;;;
AXPO;6,9;;;AXPO_04;2;0,3174;0,21607;0,13835;;;
AXPO;10,35;;;AXPO_04;2;0,4761;0,21607;0,13835;;;
AXPO;13,8;;;AXPO_04;2;0,6348;0,21607;0,13835;;;
AXPO;17,25;;;AXPO_04;2;0,7935;0,21607;0,13835;;;
AXPO;20,7;;;AXPO_04;2;0,9522;0,21607;0,13835;;;
AXPO;1,15;;;AXPO_01;3;0,1058;0,36881618;0,15940918;0,13289518;;
AXPO;2,3;;;AXPO_01;3;0,2116;0,36881618;0,15940918;0,13289518;;
AXPO;3,45;;;AXPO_01;3;0,3174;0,36881618;0,15940918;0,13289518;;
AXPO;4,6;;;AXPO_01;3;0,4232;0,36881618;0,15940918;0,13289518;;
AXPO;5,75;;;AXPO_01;3;0,529;0,36881618;0,15940918;0,13289518;;
AXPO;6,9;;;AXPO_01;3;0,6348;0,36881618;0,15940918;0,13289518;;
AXPO;10,35;;;AXPO_01;3;0,9522;0,36881618;0,15940918;0,13289518;;
AXPO;13,8;;;AXPO_01;3;1,2696;0,36881618;0,15940918;0,13289518;;
AXPO;17,25;;;AXPO_01;3;1,587;0,36881618;0,15940918;0,13289518;;
AXPO;20,7;;;AXPO_01;3;1,9044;0,36881618;0,15940918;0,13289518;;
AXPO;27,6;;;AXPO_01;3;2,4398;0,36871618;0,17140918;0,13209518;;
AXPO;34,5;;;AXPO_01;3;3,0498;0,36871618;0,17140918;0,13209518;;
AXPO;41,4;;;AXPO_01;3;3,6598;0,36871618;0,17140918;0,13209518;;
AXPO;1,15;;;AXPO_02;3;0,1058;0,37181618;0,16240918;0,13589518;;
AXPO;2,3;;;AXPO_02;3;0,2116;0,37181618;0,16240918;0,13589518;;
AXPO;3,45;;;AXPO_02;3;0,3174;0,37181618;0,16240918;0,13589518;;
AXPO;4,6;;;AXPO_02;3;0,4232;0,37181618;0,16240918;0,13589518;;
AXPO;5,75;;;AXPO_02;3;0,529;0,37181618;0,16240918;0,13589518;;
AXPO;6,9;;;AXPO_02;3;0,6348;0,37181618;0,16240918;0,13589518;;
AXPO;10,35;;;AXPO_02;3;0,9522;0,37181618;0,16240918;0,13589518;;
AXPO;13,8;;;AXPO_02;3;1,2696;0,37181618;0,16240918;0,13589518;;
AXPO;17,25;;;AXPO_02;3;1,587;0,37181618;0,16240918;0,13589518;;
AXPO;20,7;;;AXPO_02;3;1,9044;0,37181618;0,16240918;0,13589518;;
AXPO;27,6;;;AXPO_02;3;2,4398;0,37171618;0,17440918;0,13509518;;
AXPO;34,5;;;AXPO_02;3;3,0498;0,37171618;0,17440918;0,13509518;;
AXPO;41,4;;;AXPO_02;3;3,6598;0,37171618;0,17440918;0,13509518;;
AXPO;1,15;;;AXPO_03;3;0,0529;0,37871;0,16841;0,13536;;
AXPO;2,3;;;AXPO_03;3;0,1058;0,37871;0,16841;0,13536;;
AXPO;3,45;;;AXPO_03;3;0,1587;0,37871;0,16841;0,13536;;
AXPO;4,6;;;AXPO_03;3;0,2116;0,37871;0,16841;0,13536;;
AXPO;5,75;;;AXPO_03;3;0,2645;0,37871;0,16841;0,13536;;
AXPO;6,9;;;AXPO_03;3;0,3174;0,37871;0,16841;0,13536;;
AXPO;10,35;;;AXPO_03;3;0,4761;0,37871;0,16841;0,13536;;
AXPO;13,8;;;AXPO_03;3;0,6348;0,37871;0,16841;0,13536;;
AXPO;17,25;;;AXPO_03;3;0,7935;0,37871;0,16841;0,13536;;
AXPO;20,7;;;AXPO_03;3;0,9522;0,37871;0,16841;0,13536;;
AXPO;27,6;;;AXPO_03;3;1,2199;0,37861;0,18041;0,13456;;
AXPO;34,5;;;AXPO_03;3;1,5249;0,37861;0,18041;0,13456;;
AXPO;41,4;;;AXPO_03;3;1,8299;0,37861;0,18041;0,13456;;
AXPO;1,15;;;AXPO_04;3;0,0529;0,3817;0,1714;0,13835;;
AXPO;2,3;;;AXPO_04;3;0,1058;0,3817;0,1714;0,13835;;
AXPO;3,45;;;AXPO_04;3;0,1587;0,3817;0,1714;0,13835;;
AXPO;4,6;;;AXPO_04;3;0,2116;0,3817;0,1714;0,13835;;
AXPO;5,75;;;AXPO_04;3;0,2645;0,3817;0,1714;0,13835;;
AXPO;6,9;;;AXPO_04;3;0,3174;0,3817;0,1714;0,13835;;
AXPO;10,35;;;AXPO_04;3;0,4761;0,3817;0,1714;0,13835;;
AXPO;13,8;;;AXPO_04;3;0,6348;0,3817;0,1714;0,13835;;
AXPO;17,25;;;AXPO_04;3;0,7935;0,3817;0,1714;0,13835;;
AXPO;20,7;;;AXPO_04;3;0,9522;0,3817;0,1714;0,13835;;
AXPO;27,6;;;AXPO_04;3;1,2199;0,3816;0,1834;0,13755;;
AXPO;34,5;;;AXPO_04;3;1,5249;0,3816;0,1834;0,13755;;
AXPO;41,4;;;AXPO_04;3;1,8299;0,3816;0,1834;0,13755;;
COOP;1,15;1;;COOP_02;1;0,0743;0,147246;;;;
COOP;2,3;2;;COOP_02;1;0,1272;0,147246;;;;
COOP;3,45;3;;COOP_02;1;0,1811525;0,147246;;;;
COOP;4,6;4;;COOP_02;1;0,2346985;0,147246;;;;
COOP;5,75;;;COOP_02;1;0,288029;0,147246;;;;
COOP;6,9;;;COOP_02;1;0,3417865;0,147246;;;;
COOP;10,35;;;COOP_02;1;0,504975;0,147246;;;;
COOP;13,8;;;COOP_02;1;0,673305;0,147246;;;;
COOP;17,25;;;COOP_02;1;0,8352105;0,147246;;;;
COOP;20,7;;;COOP_02;1;0,9984;0,147246;;;;
COOP;1,15;1;;COOP_04;1;0,0743;0,146246;;;;
COOP;2,3;2;;COOP_04;1;0,1272;0,146246;;;;
COOP;3,45;3;;COOP_04;1;0,1811525;0,146246;;;;
COOP;4,6;4;;COOP_04;1;0,2346985;0,146246;;;;
COOP;5,75;;;COOP_04;1;0,288029;0,146246;;;;
COOP;6,9;;;COOP_04;1;0,3417865;0,146246;;;;
COOP;10,35;;;COOP_04;1;0,504975;0,146246;;;;
COOP;13,8;;;COOP_04;1;0,673305;0,146246;;;;
COOP;17,25;;;COOP_04;1;0,8352105;0,146246;;;;
COOP;20,7;;;COOP_04;1;0,9984;0,146246;;;;
COOP;1,15;;;COOP_02;2;0,0743;0,170246;0,102146;;;
COOP;2,3;;;COOP_02;2;0,1272;0,170246;0,102146;;;
COOP;3,45;;;COOP_02;2;0,1811525;0,170246;0,102146;;;
COOP;4,6;;;COOP_02;2;0,2346985;0,170246;0,102146;;;
COOP;5,75;;;COOP_02;2;0,288029;0,170246;0,102146;;;
COOP;6,9;;;COOP_02;2;0,3417865;0,170246;0,102146;;;
COOP;10,35;;;COOP_02;2;0,504975;0,170246;0,102146;;;
COOP;13,8;;;COOP_02;2;0,673305;0,170246;0,102146;;;
COOP;17,25;;;COOP_02;2;0,8352105;0,170246;0,102146;;;
COOP;20,7;;;COOP_02;2;0,9984;0,170246;0,102146;;;
COOP;1,15;;;COOP_04;2;0,0743;0,169246;0,101146;;;
COOP;2,3;;;COOP_04;2;0,1272;0,169246;0,101146;;;
COOP;3,45;;;COOP_04;2;0,1811525;0,169246;0,101146;;;
COOP;4,6;;;COOP_04;2;0,2346985;0,169246;0,101146;;;
COOP;5,75;;;COOP_04;2;0,288029;0,169246;0,101146;;;
COOP;6,9;;;COOP_04;2;0,3417865;0,169246;0,101146;;;
COOP;10,35;;;COOP_04;2;0,504975;0,169246;0,101146;;;
COOP;13,8;;;COOP_04;2;0,673305;0,169246;0,101146;;;
COOP;17,25;;;COOP_04;2;0,8352105;0,169246;0,101146;;;
COOP;20,7;;;COOP_04;2;0,9984;0,169246;0,101146;;;
COOP;1,15;;;COOP_02;3;0,0743;0,334146;0,126046;0,102146;;
COOP;2,3;;;COOP_02;3;0,1272;0,334146;0,126046;0,102146;;
COOP;3,45;;;COOP_02;3;0,1811525;0,334146;0,126046;0,102146;;
COOP;4,6;;;COOP_02;3;0,2346985;0,334146;0,126046;0,102146;;
COOP;5,75;;;COOP_02;3;0,288029;0,334146;0,126046;0,102146;;
COOP;6,9;;;COOP_02;3;0,3417865;0,334146;0,126046;0,102146;;
COOP;10,35;;;COOP_02;3;0,504975;0,334146;0,126046;0,102146;;
COOP;13,8;;;COOP_02;3;0,673305;0,334146;0,126046;0,102146;;
COOP;17,25;;;COOP_02;3;0,8352105;0,334146;0,126046;0,102146;;
COOP;20,7;;;COOP_02;3;0,9984;0,334146;0,126046;0,102146;;
COOP;27,6;;;COOP_02;3;1,27427;0,334046;0,138046;0,101346;;
COOP;34,5;;;COOP_02;3;1,592865;0,334046;0,138046;0,101346;;
COOP;41,4;;;COOP_02;3;1,91146;0,334046;0,138046;0,101346;;
COOP;1,15;;;COOP_04;3;0,0743;0,333146;0,125046;0,101146;;
COOP;2,3;;;COOP_04;3;0,1272;0,333146;0,125046;0,101146;;
COOP;3,45;;;COOP_04;3;0,1811525;0,333146;0,125046;0,101146;;
COOP;4,6;;;COOP_04;3;0,2346985;0,333146;0,125046;0,101146;;
COOP;5,75;;;COOP_04;3;0,288029;0,333146;0,125046;0,101146;;
COOP;6,9;;;COOP_04;3;0,3417865;0,333146;0,125046;0,101146;;
COOP;10,35;;;COOP_04;3;0,504975;0,333146;0,125046;0,101146;;
COOP;13,8;;;COOP_04;3;0,673305;0,333146;0,125046;0,101146;;
COOP;17,25;;;COOP_04;3;0,8352105;0,333146;0,125046;0,101146;;
COOP;20,7;;;COOP_04;3;0,9984;0,333146;0,125046;0,101146;;
COOP;27,6;;;COOP_04;3;1,27427;0,333046;0,137046;0,100346;;
COOP;34,5;;;COOP_04;3;1,592865;0,333046;0,137046;0,100346;;
COOP;41,4;;;COOP_04;3;1,91146;0,333046;0,137046;0,100346;;
DOUROGAS;1,15;1;;DOUROGAS_01;1;;;;;0,0946;0,126734
DOUROGAS;2,3;2;;DOUROGAS_01;1;;;;;0,154;0,117833
DOUROGAS;3,45;3;;DOUROGAS_01;1;;;;;0,1988;0,110852
DOUROGAS;4,6;4;;DOUROGAS_01;1;;;;;0,2597;0,105385
DOUROGAS;1,15;1;;DOUROGAS_02;1;;;;;0,0156;0,126734
DOUROGAS;2,3;2;;DOUROGAS_02;1;;;;;0,0497;0,117833
DOUROGAS;3,45;3;;DOUROGAS_02;1;;;;;0,0827;0,110852
DOUROGAS;4,6;4;;DOUROGAS_02;1;;;;;0,1364;0,105385
DOUROGAS;1,15;1;;DOUROGAS_03;1;;;;;0,0828;0,098112
DOUROGAS;2,3;2;;DOUROGAS_03;1;;;;;0,1421;0,09202
DOUROGAS;3,45;3;;DOUROGAS_03;1;;;;;0,1987;0,086771
DOUROGAS;4,6;4;;DOUROGAS_03;1;;;;;0,2992;0,085189
DOUROGAS;1,15;1;;DOUROGAS_04;1;;;;;0,1019;0,104734
DOUROGAS;2,3;2;;DOUROGAS_04;1;;;;;0,1613;0,096833
DOUROGAS;3,45;3;;DOUROGAS_04;1;;;;;0,1988;0,088852
DOUROGAS;4,6;4;;DOUROGAS_04;1;;;;;0,2597;0,085385
EDPC;1,15;1;;EDPC_01;1;;;;;0,0714;0,093
EDPC;2,3;2;;EDPC_01;1;;;;;0,1058;0,0905
EDPC;3,45;3;;EDPC_01;1;0,2031;0,1675;;;0,1453;0,0889
EDPC;4,6;4;;EDPC_01;1;0,3242;0,1675;;;0,2093;0,0888
EDPC;5,75;;;EDPC_01;1;0,3827;0,1675;;;;
EDPC;6,9;;;EDPC_01;1;0,4061;0,1675;;;;
EDPC;10,35;;;EDPC_01;1;0,5899;0,1675;;;;
EDPC;13,8;;;EDPC_01;1;0,7711;0,1675;;;;
EDPC;17,25;;;EDPC_01;1;1,0105;0,1675;;;;
EDPC;20,7;;;EDPC_01;1;1,2128;0,1675;;;;
EDPC;1,15;1;;EDPC_02;1;;;;;0,0714;0,093
EDPC;2,3;2;;EDPC_02;1;;;;;0,1058;0,0905
EDPC;3,45;3;;EDPC_02;1;0,2901;0,1424;;;0,1453;0,0889
EDPC;4,6;4;;EDPC_02;1;0,4631;0,1424;;;0,2093;0,0888
EDPC;5,75;;;EDPC_02;1;0,5467;0,1424;;;;
EDPC;6,9;;;EDPC_02;1;0,5801;0,1424;;;;
EDPC;10,35;;;EDPC_02;1;0,8427;0,1424;;;;
EDPC;13,8;;;EDPC_02;1;1,1015;0,1424;;;;
EDPC;17,25;;;EDPC_02;1;1,4435;0,1424;;;;
EDPC;20,7;;;EDPC_02;1;1,7325;0,1424;;;;
EDPC;1,15;1;;EDPC_03;1;0,1367;0,1627;;;;
EDPC;2,3;2;;EDPC_03;1;0,2094;0,1627;;;;
EDPC;3,45;3;;EDPC_03;1;0,2872;0,1658;;;;
EDPC;4,6;4;;EDPC_03;1;0,4585;0,1658;;;;
EDPC;5,75;;;EDPC_03;1;0,5412;0,1658;;;;
EDPC;6,9;;;EDPC_03;1;0,5743;0,1658;;;;
EDPC;10,35;;;EDPC_03;1;0,8343;0,1658;;;;
EDPC;13,8;;;EDPC_03;1;1,0905;0,1658;;;;
EDPC;17,25;;;EDPC_03;1;1,4291;0,1658;;;;
EDPC;20,7;;;EDPC_03;1;1,7152;0,1658;;;;
EDPC;1,15;1;;EDPC_04;1;0,1367;0,1627;;;;
EDPC;2,3;2;;EDPC_04;1;0,2094;0,1627;;;;
EDPC;3,45;3;;EDPC_04;1;0,2785;0,1608;;;;
EDPC;4,6;4;;EDPC_04;1;0,4446;0,1608;;;;
EDPC;5,75;;;EDPC_04;1;0,5248;0,1608;;;;
EDPC;6,9;;;EDPC_04;1;0,5569;0,1608;;;;
EDPC;10,35;;;EDPC_04;1;0,809;0,1608;;;;
EDPC;13,8;;;EDPC_04;1;1,0574;0,1608;;;;
EDPC;17,25;;;EDPC_04;1;1,3858;0,1608;;;;
EDPC;20,7;;;EDPC_04;1;1,6632;0,1608;;;;
EDPC;1,15;1;;EDPC_05;1;0,1367;0,1627;;;;
EDPC;2,3;2;;EDPC_05;1;0,2094;0,1627;;;;
EDPC;3,45;3;;EDPC_05;1;0,2843;0,1642;;;;
EDPC;4,6;4;;EDPC_05;1;0,4538;0,1642;;;;
EDPC;5,75;;;EDPC_05;1;0,5358;0,1642;;;;
EDPC;6,9;;;EDPC_05;1;0,5685;0,1642;;;;
EDPC;10,35;;;EDPC_05;1;0,8258;0,1642;;;;
EDPC;13,8;;;EDPC_05;1;1,0795;0,1642;;;;
EDPC;17,25;;;EDPC_05;1;1,4146;0,1642;;;;
EDPC;20,7;;;EDPC_05;1;1,6979;0,1642;;;;
EDPC;1,15;1;;EDPC_06;1;;;;;0,0714;0,093
EDPC;2,3;2;;EDPC_06;1;;;;;0,1058;0,0905
EDPC;3,45;3;;EDPC_06;1;0,2321;0,134;;;0,1453;0,0889
EDPC;4,6;4;;EDPC_06;1;0,3705;0,134;;;0,2093;0,0888
EDPC;5,75;;;EDPC_06;1;0,4374;0,134;;;;
EDPC;6,9;;;EDPC_06;1;0,4641;0,134;;;;
EDPC;10,35;;;EDPC_06;1;0,6742;0,134;;;;
EDPC;13,8;;;EDPC_06;1;0,8812;0,134;;;;
EDPC;17,25;;;EDPC_06;1;1,1548;0,134;;;;
EDPC;20,7;;;EDPC_06;1;1,386;0,134;;;;
EDPC;1,15;1;;EDPC_07;1;;;;;0,0714;0,093
EDPC;2,3;2;;EDPC_07;1;;;;;0,1058;0,0905
EDPC;3,45;3;;EDPC_07;1;;;;;0,1453;0,0889
EDPC;4,6;4;;EDPC_07;1;;;;;0,2093;0,0888
EDPC;1,15;1;;EDPC_08;1;;;;;0,0752;0,0979
EDPC;2,3;2;;EDPC_08;1;;;;;0,1114;0,0953
EDPC;3,45;3;;EDPC_08;1;;;;;0,1529;0,0936
EDPC;4,6;4;;EDPC_08;1;;;;;0,2203;0,0935
EDPC;1,15;1;;EDPC_09;1;;;;;0,0714;0,093
EDPC;2,3;2;;EDPC_09;1;;;;;0,1058;0,0905
EDPC;3,45;3;;EDPC_09;1;;;;;0,1453;0,0889
EDPC;4,6;4;;EDPC_09;1;;;;;0,2093;0,0888
EDPC;1,15;1;;EDPC_10;1;0,1353;0,1611;;;0,0729;0,095
EDPC;2,3;2;;EDPC_10;1;0,2073;0,1611;;;0,1081;0,0924
EDPC;3,45;3;;EDPC_10;1;0,2872;0,1658;;;0,1483;0,0908
EDPC;4,6;4;;EDPC_10;1;0,4585;0,1658;;;0,2137;0,0907
EDPC;5,75;;;EDPC_10;1;0,5412;0,1658;;;;
EDPC;6,9;;;EDPC_10;1;0,5743;0,1658;;;;
EDPC;10,35;;;EDPC_10;1;0,8343;0,1658;;;;
EDPC;13,8;;;EDPC_10;1;1,0905;0,1658;;;;
EDPC;17,25;;;EDPC_10;1;1,4291;0,1658;;;;
EDPC;20,7;;;EDPC_10;1;1,7152;0,1658;;;;
EDPC;1,15;1;;EDPC_100;1;0,135884;0,179599962;;;0,04851;0,145233
EDPC;2,3;2;;EDPC_100;1;0,207368;0,180870528;;;0,079497;0,124839
EDPC;3,45;3;;EDPC_100;1;0,262752;0,181736823;;;0,112167;0,114642
EDPC;4,6;4;;EDPC_100;1;0,331384;0,181794576;;;0,157707;0,099594
EDPC;5,75;;;EDPC_100;1;0,40756;0,181852329;;;;
EDPC;6,9;;;EDPC_100;1;0,474812;0,181736823;;;;
EDPC;10,35;;;EDPC_100;1;0,68402;0,181736823;;;;
EDPC;13,8;;;EDPC_100;1;0,90896;0,181736823;;;;
EDPC;17,25;;;EDPC_100;1;1,11228;0,1735754685;;;;
EDPC;20,7;;;EDPC_100;1;1,33308;0,173521637;;;;
EDPC;1,15;1;;EDPC_101;1;0,144746;0,1581260535;;;0,04802;0,143766
EDPC;2,3;2;;EDPC_101;1;0,220892;0,159244704;;;0,078694;0,123578
EDPC;3,45;3;;EDPC_101;1;0,279888;0,16000742025;;;0,111034;0,113484
EDPC;4,6;4;;EDPC_101;1;0,352996;0,160058268;;;0,156114;0,098588
EDPC;5,75;;;EDPC_101;1;0,43414;0,16010911575;;;;
EDPC;6,9;;;EDPC_101;1;0,505778;0,16000742025;;;;
EDPC;10,35;;;EDPC_101;1;0,72863;0,16000742025;;;;
EDPC;13,8;;;EDPC_101;1;0,96824;0,16000742025;;;;
EDPC;17,25;;;EDPC_101;1;1,18482;0,152821879875;;;;
EDPC;20,7;;;EDPC_101;1;1,42002;0,15277448475;;;;
EDPC;1,15;1;;EDPC_102;1;0,135884;0,1464130125;;;0,04802;0,143766
EDPC;2,3;2;;EDPC_102;1;0,207368;0,1474488;;;0,078694;0,123578
EDPC;3,45;3;;EDPC_102;1;0,262752;0,14815501875;;;0,111034;0,113484
EDPC;4,6;4;;EDPC_102;1;0,331384;0,1482021;;;0,156114;0,098588
EDPC;5,75;;;EDPC_102;1;0,40756;0,14824918125;;;;
EDPC;6,9;;;EDPC_102;1;0,474812;0,14815501875;;;;
EDPC;10,35;;;EDPC_102;1;0,68402;0,14815501875;;;;
EDPC;13,8;;;EDPC_102;1;0,90896;0,14815501875;;;;
EDPC;17,25;;;EDPC_102;1;1,11228;0,141501740625;;;;
EDPC;20,7;;;EDPC_102;1;1,33308;0,14145785625;;;;
EDPC;1,15;1;;EDPC_103;1;0,138838;0,1503173595;;;0,04802;0,143766
EDPC;2,3;2;;EDPC_103;1;0,211876;0,151380768;;;0,078694;0,123578
EDPC;3,45;3;;EDPC_103;1;0,268464;0,15210581925;;;0,111034;0,113484
EDPC;4,6;4;;EDPC_103;1;0,338588;0,152154156;;;0,156114;0,098588
EDPC;5,75;;;EDPC_103;1;0,41642;0,15220249275;;;;
EDPC;6,9;;;EDPC_103;1;0,485134;0,15210581925;;;;
EDPC;10,35;;;EDPC_103;1;0,69889;0,15210581925;;;;
EDPC;13,8;;;EDPC_103;1;0,92872;0,15210581925;;;;
EDPC;17,25;;;EDPC_103;1;1,13646;0,145275120375;;;;
EDPC;20,7;;;EDPC_103;1;1,36206;0,14523006575;;;;
EDPC;1,15;1;;EDPC_104;1;0,138838;0,183504309;;;0,04851;0,145233
EDPC;2,3;2;;EDPC_104;1;0,211876;0,184802496;;;0,079497;0,124839
EDPC;3,45;3;;EDPC_104;1;0,268464;0,1856876235;;;0,112167;0,114642
EDPC;4,6;4;;EDPC_104;1;0,338588;0,185746632;;;0,157707;0,099594
EDPC;5,75;;;EDPC_104;1;0,41642;0,1858056405;;;;
EDPC;6,9;;;EDPC_104;1;0,485134;0,1856876235;;;;
EDPC;10,35;;;EDPC_104;1;0,69889;0,1856876235;;;;
EDPC;13,8;;;EDPC_104;1;0,92872;0,1856876235;;;;
EDPC;17,25;;;EDPC_104;1;1,13646;0,17734884825;;;;
EDPC;20,7;;;EDPC_104;1;1,36206;0,1772938465;;;;
EDPC;1,15;1;;EDPC_105;1;0,144746;0,191313003;;;0,04851;0,145233
EDPC;2,3;2;;EDPC_105;1;0,220892;0,192666432;;;0,079497;0,124839
EDPC;3,45;3;;EDPC_105;1;0,279888;0,1935892245;;;0,112167;0,114642
EDPC;4,6;4;;EDPC_105;1;0,352996;0,193650744;;;0,157707;0,099594
EDPC;5,75;;;EDPC_105;1;0,43414;0,1937122635;;;;
EDPC;6,9;;;EDPC_105;1;0,505778;0,1935892245;;;;
EDPC;10,35;;;EDPC_105;1;0,72863;0,1935892245;;;;
EDPC;13,8;;;EDPC_105;1;0,96824;0,1935892245;;;;
EDPC;17,25;;;EDPC_105;1;1,18482;0,18489560775;;;;
EDPC;20,7;;;EDPC_105;1;1,42002;0,1848382655;;;;
EDPC;1,15;1;;EDPC_106;1;0,1477;0,123;;;0,049;0,1467
EDPC;2,3;2;;EDPC_106;1;0,2254;0,1239;;;0,0803;0,1261
EDPC;3,45;3;;EDPC_106;1;0,2856;0,1245;;;0,1133;0,1158
EDPC;4,6;4;;EDPC_106;1;0,3602;0,1245;;;0,1593;0,1006
EDPC;5,75;;;EDPC_106;1;0,443;0,1245;;;;
EDPC;6,9;;;EDPC_106;1;0,5161;0,1245;;;;
EDPC;10,35;;;EDPC_106;1;0,7435;0,1245;;;;
EDPC;13,8;;;EDPC_106;1;0,988;0,1245;;;;
EDPC;17,25;;;EDPC_106;1;1,209;0,1189;;;;
EDPC;20,7;;;EDPC_106;1;1,449;0,1188;;;;
EDPC;1,15;1;;EDPC_107;1;0,1477;0,1620304005;;;0,049;0,1467
EDPC;2,3;2;;EDPC_107;1;0,2254;0,163176672;;;0,0803;0,1261
EDPC;3,45;3;;EDPC_107;1;0,2856;0,16395822075;;;0,1133;0,1158
EDPC;4,6;4;;EDPC_107;1;0,3602;0,164010324;;;0,1593;0,1006
EDPC;5,75;;;EDPC_107;1;0,443;0,16406242725;;;;
EDPC;6,9;;;EDPC_107;1;0,5161;0,16395822075;;;;
EDPC;10,35;;;EDPC_107;1;0,7435;0,16395822075;;;;
EDPC;13,8;;;EDPC_107;1;0,988;0,16395822075;;;;
EDPC;17,25;;;EDPC_107;1;1,209;0,156595259625;;;;
EDPC;20,7;;;EDPC_107;1;1,449;0,15654669425;;;;
EDPC;1,15;1;;EDPC_108;1;0;0;;;0,049;0,1467
EDPC;2,3;2;;EDPC_108;1;0;0;;;0,0803;0,1261
EDPC;3,45;3;;EDPC_108;1;0;0;;;0,1133;0,1158
EDPC;4,6;4;;EDPC_108;1;0;0;;;0,1593;0,1006
EDPC;5,75;;;EDPC_108;1;0;0;;;;
EDPC;6,9;;;EDPC_108;1;0;0;;;;
EDPC;10,35;;;EDPC_108;1;0;0;;;;
EDPC;13,8;;;EDPC_108;1;0;0;;;;
EDPC;17,25;;;EDPC_108;1;0;0;;;;
EDPC;20,7;;;EDPC_108;1;0;0;;;;
EDPC;1,15;1;;EDPC_109;1;0,1477;0,1620304005;;;0,04802;0,143766
EDPC;2,3;2;;EDPC_109;1;0,2254;0,163176672;;;0,078694;0,123578
EDPC;3,45;3;;EDPC_109;1;0,2856;0,16395822075;;;0,111034;0,113484
EDPC;4,6;4;;EDPC_109;1;0,3602;0,164010324;;;0,156114;0,098588
EDPC;5,75;;;EDPC_109;1;0,443;0,16406242725;;;;
EDPC;6,9;;;EDPC_109;1;0,5161;0,16395822075;;;;
EDPC;10,35;;;EDPC_109;1;0,7435;0,16395822075;;;;
EDPC;13,8;;;EDPC_109;1;0,988;0,16395822075;;;;
EDPC;17,25;;;EDPC_109;1;1,209;0,156595259625;;;;
EDPC;20,7;;;EDPC_109;1;1,449;0,15654669425;;;;
EDPC;1,15;1;;EDPC_11;1;0,1367;0,1627;;;0,0752;0,0979
EDPC;2,3;2;;EDPC_11;1;0,2094;0,1627;;;0,1114;0,0953
EDPC;3,45;3;;EDPC_11;1;0,2901;0,1675;;;0,1529;0,0936
EDPC;4,6;4;;EDPC_11;1;0,4631;0,1675;;;0,2203;0,0935
EDPC;5,75;;;EDPC_11;1;0,5467;0,1675;;;;
EDPC;6,9;;;EDPC_11;1;0,5801;0,1675;;;;
EDPC;10,35;;;EDPC_11;1;0,8427;0,1675;;;;
EDPC;13,8;;;EDPC_11;1;1,1015;0,1675;;;;
EDPC;17,25;;;EDPC_11;1;1,4435;0,1675;;;;
EDPC;20,7;;;EDPC_11;1;1,7325;0,1675;;;;
EDPC;1,15;1;;EDPC_110;1;0,146223;0,1932651765;;;0,04851;0,145233
EDPC;2,3;2;;EDPC_110;1;0,223146;0,194632416;;;0,079497;0,124839
EDPC;3,45;3;;EDPC_110;1;0,282744;0,19556462475;;;0,112167;0,114642
EDPC;4,6;4;;EDPC_110;1;0,356598;0,195626772;;;0,157707;0,099594
EDPC;5,75;;;EDPC_110;1;0,43857;0,19568891925;;;;
EDPC;6,9;;;EDPC_110;1;0,510939;0,19556462475;;;;
EDPC;10,35;;;EDPC_110;1;0,736065;0,19556462475;;;;
EDPC;13,8;;;EDPC_110;1;0,97812;0,19556462475;;;;
EDPC;17,25;;;EDPC_110;1;1,19691;0,186782297625;;;;
EDPC;20,7;;;EDPC_110;1;1,43451;0,18672437025;;;;
EDPC;1,15;1;;EDPC_12;1;0,1367;0,1627;;;0,0707;0,092
EDPC;2,3;2;;EDPC_12;1;0,2094;0,1627;;;0,1047;0,0896
EDPC;3,45;3;;EDPC_12;1;0,2727;0,1575;;;0,1437;0,088
EDPC;4,6;4;;EDPC_12;1;0,4353;0,1575;;;0,2071;0,0879
EDPC;5,75;;;EDPC_12;1;0,5139;0,1575;;;;
EDPC;6,9;;;EDPC_12;1;0,5453;0,1575;;;;
EDPC;10,35;;;EDPC_12;1;0,7921;0,1575;;;;
EDPC;13,8;;;EDPC_12;1;1,0354;0,1575;;;;
EDPC;17,25;;;EDPC_12;1;1,3569;0,1575;;;;
EDPC;20,7;;;EDPC_12;1;1,6286;0,1575;;;;
EDPC;1,15;1;;EDPC_13;1;0,1367;0,1627;;;0,0722;0,094
EDPC;2,3;2;;EDPC_13;1;0,2094;0,1627;;;0,1069;0,0915
EDPC;3,45;3;;EDPC_13;1;0,2785;0,1608;;;0,1468;0,0899
EDPC;4,6;4;;EDPC_13;1;0,4446;0,1608;;;0,2115;0,0898
EDPC;5,75;;;EDPC_13;1;0,5248;0,1608;;;;
EDPC;6,9;;;EDPC_13;1;0,5569;0,1608;;;;
EDPC;10,35;;;EDPC_13;1;0,809;0,1608;;;;
EDPC;13,8;;;EDPC_13;1;1,0574;0,1608;;;;
EDPC;17,25;;;EDPC_13;1;1,3858;0,1608;;;;
EDPC;20,7;;;EDPC_13;1;1,6632;0,1608;;;;
EDPC;1,15;1;;EDPC_133;1;0;0;;;;
EDPC;2,3;2;;EDPC_133;1;0;0;;;;
EDPC;3,45;3;;EDPC_133;1;0;0;;;;
EDPC;4,6;4;;EDPC_133;1;0;0;;;;
EDPC;5,75;;;EDPC_133;1;0;0;;;;
EDPC;6,9;;;EDPC_133;1;0;0;;;;
EDPC;10,35;;;EDPC_133;1;0;0;;;;
EDPC;13,8;;;EDPC_133;1;0;0;;;;
EDPC;17,25;;;EDPC_133;1;0;0;;;;
EDPC;20,7;;;EDPC_133;1;0;0;;;;
EDPC;1,15;1;;EDPC_134;1;0,138838;0,111264;;;;
EDPC;2,3;2;;EDPC_134;1;0,211876;0,112062;;;;
EDPC;3,45;3;;EDPC_134;1;0,268464;0,112575;;;;
EDPC;4,6;4;;EDPC_134;1;0,338588;0,112632;;;;
EDPC;5,75;;;EDPC_134;1;0,41642;0,112689;;;;
EDPC;6,9;;;EDPC_134;1;0,485134;0,112575;;;;
EDPC;10,35;;;EDPC_134;1;0,69889;0,112575;;;;
EDPC;13,8;;;EDPC_134;1;0,92872;0,112575;;;;
EDPC;17,25;;;EDPC_134;1;1,13646;0,107559;;;;
EDPC;20,7;;;EDPC_134;1;1,36206;0,107502;;;;
EDPC;1,15;1;;EDPC_135;1;0,138838;0,150304;;;;
EDPC;2,3;2;;EDPC_135;1;0,211876;0,151382;;;;
EDPC;3,45;3;;EDPC_135;1;0,268464;0,152075;;;;
EDPC;4,6;4;;EDPC_135;1;0,338588;0,152152;;;;
EDPC;5,75;;;EDPC_135;1;0,41642;0,152229;;;;
EDPC;6,9;;;EDPC_135;1;0,485134;0,152075;;;;
EDPC;10,35;;;EDPC_135;1;0,69889;0,152075;;;;
EDPC;13,8;;;EDPC_135;1;0,92872;0,152075;;;;
EDPC;17,25;;;EDPC_135;1;1,13646;0,145299;;;;
EDPC;20,7;;;EDPC_135;1;1,36206;0,145222;;;;
EDPC;1,15;1;;EDPC_136;1;0,123;0,1464;;;;
EDPC;2,3;2;;EDPC_136;1;0,1885;0,1464;;;;
EDPC;3,45;3;;EDPC_136;1;0,2611;0,1508;;;;
EDPC;4,6;4;;EDPC_136;1;0,4168;0,1508;;;;
EDPC;5,75;;;EDPC_136;1;0,492;0,1508;;;;
EDPC;6,9;;;EDPC_136;1;0,5221;0,1508;;;;
EDPC;10,35;;;EDPC_136;1;0,7584;0,1508;;;;
EDPC;13,8;;;EDPC_136;1;0,9914;0,1508;;;;
EDPC;17,25;;;EDPC_136;1;1,2992;0,1508;;;;
EDPC;20,7;;;EDPC_136;1;1,5593;0,1508;;;;
EDPC;1,15;1;;EDPC_137;1;;;;;0,049;0,1467
EDPC;2,3;2;;EDPC_137;1;;;;;0,0803;0,1261
EDPC;3,45;3;;EDPC_137;1;;;;;0,1133;0,1158
EDPC;4,6;4;;EDPC_137;1;;;;;0,1593;0,1006
EDPC;1,15;1;;EDPC_138;1;0,138838;0,1503173595;;;;
EDPC;2,3;2;;EDPC_138;1;0,211876;0,151380768;;;;
EDPC;3,45;3;;EDPC_138;1;0,268464;0,15210581925;;;;
EDPC;4,6;4;;EDPC_138;1;0,338588;0,152154156;;;;
EDPC;5,75;;;EDPC_138;1;0,41642;0,15220249275;;;;
EDPC;6,9;;;EDPC_138;1;0,485134;0,15210581925;;;;
EDPC;10,35;;;EDPC_138;1;0,69889;0,15210581925;;;;
EDPC;13,8;;;EDPC_138;1;0,92872;0,15210581925;;;;
EDPC;17,25;;;EDPC_138;1;1,13646;0,145275120375;;;;
EDPC;20,7;;;EDPC_138;1;1,36206;0,14523006575;;;;
EDPC;1,15;1;;EDPC_139;1;0,135884;0,1464130125;;;;
EDPC;2,3;2;;EDPC_139;1;0,207368;0,1474488;;;;
EDPC;3,45;3;;EDPC_139;1;0,262752;0,14815501875;;;;
EDPC;4,6;4;;EDPC_139;1;0,331384;0,1482021;;;;
EDPC;5,75;;;EDPC_139;1;0,40756;0,14824918125;;;;
EDPC;6,9;;;EDPC_139;1;0,474812;0,14815501875;;;;
EDPC;10,35;;;EDPC_139;1;0,68402;0,14815501875;;;;
EDPC;13,8;;;EDPC_139;1;0,90896;0,14815501875;;;;
EDPC;17,25;;;EDPC_139;1;1,11228;0,141501740625;;;;
EDPC;20,7;;;EDPC_139;1;1,33308;0,14145785625;;;;
EDPC;1,15;1;;EDPC_14;1;0,1367;0,1627;;;0,0692;0,0901
EDPC;2,3;2;;EDPC_14;1;0,2094;0,1627;;;0,1025;0,0877
EDPC;3,45;3;;EDPC_14;1;0,2669;0,1541;;;0,1407;0,0861
EDPC;4,6;4;;EDPC_14;1;0,4261;0,1541;;;0,2027;0,086
EDPC;5,75;;;EDPC_14;1;0,503;0,1541;;;;
EDPC;6,9;;;EDPC_14;1;0,5337;0,1541;;;;
EDPC;10,35;;;EDPC_14;1;0,7753;0,1541;;;;
EDPC;13,8;;;EDPC_14;1;1,0134;0,1541;;;;
EDPC;17,25;;;EDPC_14;1;1,328;0,1541;;;;
EDPC;20,7;;;EDPC_14;1;1,5939;0,1541;;;;
EDPC;1,15;1;;EDPC_140;1;0,144746;0,158112;;;;
EDPC;2,3;2;;EDPC_140;1;0,220892;0,159246;;;;
EDPC;3,45;3;;EDPC_140;1;0,279888;0,159975;;;;
EDPC;4,6;4;;EDPC_140;1;0,352996;0,160056;;;;
EDPC;5,75;;;EDPC_140;1;0,43414;0,160137;;;;
EDPC;6,9;;;EDPC_140;1;0,505778;0,159975;;;;
EDPC;10,35;;;EDPC_140;1;0,72863;0,159975;;;;
EDPC;13,8;;;EDPC_140;1;0,96824;0,159975;;;;
EDPC;17,25;;;EDPC_140;1;1,18482;0,152847;;;;
EDPC;20,7;;;EDPC_140;1;1,42002;0,152766;;;;
EDPC;1,15;1;;EDPC_141;1;0,135884;0,10736;;;;
EDPC;2,3;2;;EDPC_141;1;0,207368;0,10813;;;;
EDPC;3,45;3;;EDPC_141;1;0,262752;0,108625;;;;
EDPC;4,6;4;;EDPC_141;1;0,331384;0,10868;;;;
EDPC;5,75;;;EDPC_141;1;0,40756;0,108735;;;;
EDPC;6,9;;;EDPC_141;1;0,474812;0,108625;;;;
EDPC;10,35;;;EDPC_141;1;0,68402;0,108625;;;;
EDPC;13,8;;;EDPC_141;1;0,90896;0,108625;;;;
EDPC;17,25;;;EDPC_141;1;1,11228;0,103785;;;;
EDPC;20,7;;;EDPC_141;1;1,33308;0,10373;;;;
EDPC;1,15;1;;EDPC_142;1;0,135884;0,1464;;;;
EDPC;2,3;2;;EDPC_142;1;0,207368;0,14745;;;;
EDPC;3,45;3;;EDPC_142;1;0,262752;0,148125;;;;
EDPC;4,6;4;;EDPC_142;1;0,331384;0,1482;;;;
EDPC;5,75;;;EDPC_142;1;0,40756;0,148275;;;;
EDPC;6,9;;;EDPC_142;1;0,474812;0,148125;;;;
EDPC;10,35;;;EDPC_142;1;0,68402;0,148125;;;;
EDPC;13,8;;;EDPC_142;1;0,90896;0,148125;;;;
EDPC;17,25;;;EDPC_142;1;1,11228;0,141525;;;;
EDPC;20,7;;;EDPC_142;1;1,33308;0,14145;;;;
EDPC;1,15;1;;EDPC_143;1;0;0;;;;
EDPC;2,3;2;;EDPC_143;1;0;0;;;;
EDPC;3,45;3;;EDPC_143;1;0;0;;;;
EDPC;4,6;4;;EDPC_143;1;0;0;;;;
EDPC;5,75;;;EDPC_143;1;0;0;;;;
EDPC;6,9;;;EDPC_143;1;0;0;;;;
EDPC;10,35;;;EDPC_143;1;0;0;;;;
EDPC;13,8;;;EDPC_143;1;0;0;;;;
EDPC;17,25;;;EDPC_143;1;0;0;;;;
EDPC;20,7;;;EDPC_143;1;0;0;;;;
EDPC;1,15;1;;EDPC_144;1;;;;;0,0714;0,093
EDPC;2,3;2;;EDPC_144;1;;;;;0,1058;0,0905
EDPC;3,45;3;;EDPC_144;1;0,2756;0,1591;;;0,1453;0,0889
EDPC;4,6;4;;EDPC_144;1;0,4399;0,1591;;;0,2093;0,0888
EDPC;5,75;;;EDPC_144;1;0,5194;0,1591;;;;
EDPC;6,9;;;EDPC_144;1;0,5511;0,1591;;;;
EDPC;10,35;;;EDPC_144;1;0,8006;0,1591;;;;
EDPC;13,8;;;EDPC_144;1;1,0464;0,1591;;;;
EDPC;17,25;;;EDPC_144;1;1,3713;0,1591;;;;
EDPC;20,7;;;EDPC_144;1;1,6459;0,1591;;;;
EDPC;1,15;1;;EDPC_146;1;;;;;0,0714;0,093
EDPC;2,3;2;;EDPC_146;1;;;;;0,1058;0,0905
EDPC;3,45;3;;EDPC_146;1;0,2756;0,1591;;;0,1453;0,0889
EDPC;4,6;4;;EDPC_146;1;0,4399;0,1591;;;0,2093;0,0888
EDPC;5,75;;;EDPC_146;1;0,5194;0,1591;;;;
EDPC;6,9;;;EDPC_146;1;0,5511;0,1591;;;;
EDPC;10,35;;;EDPC_146;1;0,8006;0,1591;;;;
EDPC;13,8;;;EDPC_146;1;1,0464;0,1591;;;;
EDPC;17,25;;;EDPC_146;1;1,3713;0,1591;;;;
EDPC;20,7;;;EDPC_146;1;1,6459;0,1591;;;;
EDPC;1,15;1;;EDPC_147;1;;;;;0,0714;0,093
EDPC;2,3;2;;EDPC_147;1;;;;;0,1058;0,0905
EDPC;3,45;3;;EDPC_147;1;0,2611;0,1508;;;0,1453;0,0889
EDPC;4,6;4;;EDPC_147;1;0,4168;0,1508;;;0,2093;0,0888
EDPC;5,75;;;EDPC_147;1;0,492;0,1508;;;;
EDPC;6,9;;;EDPC_147;1;0,5221;0,1508;;;;
EDPC;10,35;;;EDPC_147;1;0,7584;0,1508;;;;
EDPC;13,8;;;EDPC_147;1;0,9914;0,1508;;;;
EDPC;17,25;;;EDPC_147;1;1,2992;0,1508;;;;
EDPC;20,7;;;EDPC_147;1;1,5593;0,1508;;;;
EDPC;1,15;1;;EDPC_148;1;;;;;0,0714;0,093
EDPC;2,3;2;;EDPC_148;1;;;;;0,1058;0,0905
EDPC;3,45;3;;EDPC_148;1;0,2756;0,1591;;;0,1453;0,0889
EDPC;4,6;4;;EDPC_148;1;0,4399;0,1591;;;0,2093;0,0888
EDPC;5,75;;;EDPC_148;1;0,5194;0,1591;;;;
EDPC;6,9;;;EDPC_148;1;0,5511;0,1591;;;;
EDPC;10,35;;;EDPC_148;1;0,8006;0,1591;;;;
EDPC;13,8;;;EDPC_148;1;1,0464;0,1591;;;;
EDPC;17,25;;;EDPC_148;1;1,3713;0,1591;;;;
EDPC;20,7;;;EDPC_148;1;1,6459;0,1591;;;;
EDPC;1,15;1;;EDPC_15;1;0,1367;0,1627;;;;
EDPC;2,3;2;;EDPC_15;1;0,2094;0,1627;;;;
EDPC;3,45;3;;EDPC_15;1;0,2785;0,1608;;;;
EDPC;4,6;4;;EDPC_15;1;0,4446;0,1608;;;;
EDPC;5,75;;;EDPC_15;1;0,5248;0,1608;;;;
EDPC;6,9;;;EDPC_15;1;0,5569;0,1608;;;;
EDPC;10,35;;;EDPC_15;1;0,809;0,1608;;;;
EDPC;13,8;;;EDPC_15;1;1,0574;0,1608;;;;
EDPC;17,25;;;EDPC_15;1;1,3858;0,1608;;;;
EDPC;20,7;;;EDPC_15;1;1,6632;0,1608;;;;
EDPC;1,15;1;;EDPC_150;1;0,1353;0,1611;;;;
EDPC;2,3;2;;EDPC_150;1;0,2073;0,1611;;;;
EDPC;3,45;3;;EDPC_150;1;0,2872;0,1658;;;;
EDPC;4,6;4;;EDPC_150;1;0,4585;0,1658;;;;
EDPC;5,75;;;EDPC_150;1;0,5412;0,1658;;;;
EDPC;6,9;;;EDPC_150;1;0,5743;0,1658;;;;
EDPC;10,35;;;EDPC_150;1;0,8343;0,1658;;;;
EDPC;13,8;;;EDPC_150;1;1,0905;0,1658;;;;
EDPC;17,25;;;EDPC_150;1;1,4291;0,1658;;;;
EDPC;20,7;;;EDPC_150;1;1,7152;0,1658;;;;
EDPC;1,15;1;;EDPC_151;1;0,1367;0,1627;;;;
EDPC;2,3;2;;EDPC_151;1;0,2094;0,1627;;;;
EDPC;3,45;3;;EDPC_151;1;0,2901;0,1675;;;;
EDPC;4,6;4;;EDPC_151;1;0,4631;0,1675;;;;
EDPC;5,75;;;EDPC_151;1;0,5467;0,1675;;;;
EDPC;6,9;;;EDPC_151;1;0,5801;0,1675;;;;
EDPC;10,35;;;EDPC_151;1;0,8427;0,1675;;;;
EDPC;13,8;;;EDPC_151;1;1,1015;0,1675;;;;
EDPC;17,25;;;EDPC_151;1;1,4435;0,1675;;;;
EDPC;20,7;;;EDPC_151;1;1,7325;0,1675;;;;
EDPC;3,45;3;;EDPC_152;1;0,2321;0,134;;;;
EDPC;4,6;4;;EDPC_152;1;0,3705;0,134;;;;
EDPC;5,75;;;EDPC_152;1;0,4374;0,134;;;;
EDPC;6,9;;;EDPC_152;1;0,4641;0,134;;;;
EDPC;10,35;;;EDPC_152;1;0,6742;0,134;;;;
EDPC;13,8;;;EDPC_152;1;0,8812;0,134;;;;
EDPC;17,25;;;EDPC_152;1;1,1548;0,134;;;;
EDPC;20,7;;;EDPC_152;1;1,386;0,134;;;;
EDPC;3,45;3;;EDPC_153;1;0,2031;0,1675;;;;
EDPC;4,6;4;;EDPC_153;1;0,3242;0,1675;;;;
EDPC;5,75;;;EDPC_153;1;0,3827;0,1675;;;;
EDPC;6,9;;;EDPC_153;1;0,4061;0,1675;;;;
EDPC;10,35;;;EDPC_153;1;0,5899;0,1675;;;;
EDPC;13,8;;;EDPC_153;1;0,7711;0,1675;;;;
EDPC;17,25;;;EDPC_153;1;1,0105;0,1675;;;;
EDPC;20,7;;;EDPC_153;1;1,2128;0,1675;;;;
EDPC;3,45;3;;EDPC_154;1;0,2901;0,1424;;;;
EDPC;4,6;4;;EDPC_154;1;0,4631;0,1424;;;;
EDPC;5,75;;;EDPC_154;1;0,5467;0,1424;;;;
EDPC;6,9;;;EDPC_154;1;0,5801;0,1424;;;;
EDPC;10,35;;;EDPC_154;1;0,8427;0,1424;;;;
EDPC;13,8;;;EDPC_154;1;1,1015;0,1424;;;;
EDPC;17,25;;;EDPC_154;1;1,4435;0,1424;;;;
EDPC;20,7;;;EDPC_154;1;1,7325;0,1424;;;;
EDPC;1,15;1;;EDPC_155;1;0;0;;;0,049;0,1467
EDPC;2,3;2;;EDPC_155;1;0;0;;;0,0803;0,1261
EDPC;3,45;3;;EDPC_155;1;0;0;;;0,1133;0,1158
EDPC;4,6;4;;EDPC_155;1;0;0;;;0,1593;0,1006
EDPC;5,75;;;EDPC_155;1;0;0;;;;
EDPC;6,9;;;EDPC_155;1;0;0;;;;
EDPC;10,35;;;EDPC_155;1;0;0;;;;
EDPC;13,8;;;EDPC_155;1;0;0;;;;
EDPC;17,25;;;EDPC_155;1;0;0;;;;
EDPC;20,7;;;EDPC_155;1;0;0;;;;
EDPC;1,15;1;;EDPC_156;1;0,135884;0,10736;;;0,049;0,1467
EDPC;2,3;2;;EDPC_156;1;0,207368;0,10813;;;0,0803;0,1261
EDPC;3,45;3;;EDPC_156;1;0,262752;0,108625;;;0,1133;0,1158
EDPC;4,6;4;;EDPC_156;1;0,331384;0,10868;;;0,1593;0,1006
EDPC;5,75;;;EDPC_156;1;0,40756;0,108735;;;;
EDPC;6,9;;;EDPC_156;1;0,474812;0,108625;;;;
EDPC;10,35;;;EDPC_156;1;0,68402;0,108625;;;;
EDPC;13,8;;;EDPC_156;1;0,90896;0,108625;;;;
EDPC;17,25;;;EDPC_156;1;1,11228;0,103785;;;;
EDPC;20,7;;;EDPC_156;1;1,33308;0,10373;;;;
EDPC;1,15;1;;EDPC_157;1;0,135884;0,1464;;;0,049;0,1467
EDPC;2,3;2;;EDPC_157;1;0,207368;0,14745;;;0,0803;0,1261
EDPC;3,45;3;;EDPC_157;1;0,262752;0,148125;;;0,1133;0,1158
EDPC;4,6;4;;EDPC_157;1;0,331384;0,1482;;;0,1593;0,1006
EDPC;5,75;;;EDPC_157;1;0,40756;0,148275;;;;
EDPC;6,9;;;EDPC_157;1;0,474812;0,148125;;;;
EDPC;10,35;;;EDPC_157;1;0,68402;0,148125;;;;
EDPC;13,8;;;EDPC_157;1;0,90896;0,148125;;;;
EDPC;17,25;;;EDPC_157;1;1,11228;0,141525;;;;
EDPC;20,7;;;EDPC_157;1;1,33308;0,14145;;;;
EDPC;1,15;1;;EDPC_158;1;0,138838;0,111264;;;0,049;0,1467
EDPC;2,3;2;;EDPC_158;1;0,211876;0,112062;;;0,0803;0,1261
EDPC;3,45;3;;EDPC_158;1;0,268464;0,112575;;;0,1133;0,1158
EDPC;4,6;4;;EDPC_158;1;0,338588;0,112632;;;0,1593;0,1006
EDPC;5,75;;;EDPC_158;1;0,41642;0,112689;;;;
EDPC;6,9;;;EDPC_158;1;0,485134;0,112575;;;;
EDPC;10,35;;;EDPC_158;1;0,69889;0,112575;;;;
EDPC;13,8;;;EDPC_158;1;0,92872;0,112575;;;;
EDPC;17,25;;;EDPC_158;1;1,13646;0,107559;;;;
EDPC;20,7;;;EDPC_158;1;1,36206;0,107502;;;;
EDPC;1,15;1;;EDPC_159;1;0,138838;0,1503173595;;;0,049;0,1467
EDPC;2,3;2;;EDPC_159;1;0,211876;0,151380768;;;0,0803;0,1261
EDPC;3,45;3;;EDPC_159;1;0,268464;0,15210581925;;;0,1133;0,1158
EDPC;4,6;4;;EDPC_159;1;0,338588;0,152154156;;;0,1593;0,1006
EDPC;5,75;;;EDPC_159;1;0,41642;0,15220249275;;;;
EDPC;6,9;;;EDPC_159;1;0,485134;0,15210581925;;;;
EDPC;10,35;;;EDPC_159;1;0,69889;0,15210581925;;;;
EDPC;13,8;;;EDPC_159;1;0,92872;0,15210581925;;;;
EDPC;17,25;;;EDPC_159;1;1,13646;0,145275120375;;;;
EDPC;20,7;;;EDPC_159;1;1,36206;0,14523006575;;;;
EDPC;1,15;1;;EDPC_16;1;0,1367;0,1627;;;;
EDPC;2,3;2;;EDPC_16;1;0,2094;0,1627;;;;
EDPC;3,45;3;;EDPC_16;1;0,2843;0,1642;;;;
EDPC;4,6;4;;EDPC_16;1;0,4538;0,1642;;;;
EDPC;5,75;;;EDPC_16;1;0,5358;0,1642;;;;
EDPC;6,9;;;EDPC_16;1;0,5685;0,1642;;;;
EDPC;10,35;;;EDPC_16;1;0,8258;0,1642;;;;
EDPC;13,8;;;EDPC_16;1;1,0795;0,1642;;;;
EDPC;17,25;;;EDPC_16;1;1,4146;0,1642;;;;
EDPC;20,7;;;EDPC_16;1;1,6979;0,1642;;;;
EDPC;1,15;1;;EDPC_160;1;0,135884;0,1464130125;;;0,049;0,1467
EDPC;2,3;2;;EDPC_160;1;0,207368;0,1474488;;;0,0803;0,1261
EDPC;3,45;3;;EDPC_160;1;0,262752;0,14815501875;;;0,1133;0,1158
EDPC;4,6;4;;EDPC_160;1;0,331384;0,1482021;;;0,1593;0,1006
EDPC;5,75;;;EDPC_160;1;0,40756;0,14824918125;;;;
EDPC;6,9;;;EDPC_160;1;0,474812;0,14815501875;;;;
EDPC;10,35;;;EDPC_160;1;0,68402;0,14815501875;;;;
EDPC;13,8;;;EDPC_160;1;0,90896;0,14815501875;;;;
EDPC;17,25;;;EDPC_160;1;1,11228;0,141501740625;;;;
EDPC;20,7;;;EDPC_160;1;1,33308;0,14145785625;;;;
EDPC;1,15;1;;EDPC_161;1;0,144746;0,1581260535;;;0,049;0,1467
EDPC;2,3;2;;EDPC_161;1;0,220892;0,159244704;;;0,0803;0,1261
EDPC;3,45;3;;EDPC_161;1;0,279888;0,16000742025;;;0,1133;0,1158
EDPC;4,6;4;;EDPC_161;1;0,352996;0,160058268;;;0,1593;0,1006
EDPC;5,75;;;EDPC_161;1;0,43414;0,16010911575;;;;
EDPC;6,9;;;EDPC_161;1;0,505778;0,16000742025;;;;
EDPC;10,35;;;EDPC_161;1;0,72863;0,16000742025;;;;
EDPC;13,8;;;EDPC_161;1;0,96824;0,16000742025;;;;
EDPC;17,25;;;EDPC_161;1;1,18482;0,152821879875;;;;
EDPC;20,7;;;EDPC_161;1;1,42002;0,15277448475;;;;
EDPC;1,15;1;;EDPC_162;1;0,1477;0,162;;;0,049;0,1467
EDPC;2,3;2;;EDPC_162;1;0,2254;0,1632;;;0,0803;0,1261
EDPC;3,45;3;;EDPC_162;1;0,2856;0,164;;;0,1133;0,1158
EDPC;4,6;4;;EDPC_162;1;0,3602;0,164;;;0,1593;0,1006
EDPC;5,75;;;EDPC_162;1;0,443;0,1641;;;;
EDPC;6,9;;;EDPC_162;1;0,5161;0,164;;;;
EDPC;10,35;;;EDPC_162;1;0,7435;0,164;;;;
EDPC;13,8;;;EDPC_162;1;0,988;0,164;;;;
EDPC;17,25;;;EDPC_162;1;1,209;0,1566;;;;
EDPC;20,7;;;EDPC_162;1;1,449;0,1565;;;;
EDPC;1,15;1;;EDPC_163;1;0,144746;0,119072;;;0,049;0,1467
EDPC;2,3;2;;EDPC_163;1;0,220892;0,119926;;;0,0803;0,1261
EDPC;3,45;3;;EDPC_163;1;0,279888;0,120475;;;0,1133;0,1158
EDPC;4,6;4;;EDPC_163;1;0,352996;0,120536;;;0,1593;0,1006
EDPC;5,75;;;EDPC_163;1;0,43414;0,120597;;;;
EDPC;6,9;;;EDPC_163;1;0,505778;0,120475;;;;
EDPC;10,35;;;EDPC_163;1;0,72863;0,120475;;;;
EDPC;13,8;;;EDPC_163;1;0,96824;0,120475;;;;
EDPC;17,25;;;EDPC_163;1;1,18482;0,115107;;;;
EDPC;20,7;;;EDPC_163;1;1,42002;0,115046;;;;
EDPC;1,15;1;;EDPC_164;1;0,144746;0,158112;;;0,049;0,1467
EDPC;2,3;2;;EDPC_164;1;0,220892;0,159246;;;0,0803;0,1261
EDPC;3,45;3;;EDPC_164;1;0,279888;0,159975;;;0,1133;0,1158
EDPC;4,6;4;;EDPC_164;1;0,352996;0,160056;;;0,1593;0,1006
EDPC;5,75;;;EDPC_164;1;0,43414;0,160137;;;;
EDPC;6,9;;;EDPC_164;1;0,505778;0,159975;;;;
EDPC;10,35;;;EDPC_164;1;0,72863;0,159975;;;;
EDPC;13,8;;;EDPC_164;1;0,96824;0,159975;;;;
EDPC;17,25;;;EDPC_164;1;1,18482;0,152847;;;;
EDPC;20,7;;;EDPC_164;1;1,42002;0,152766;;;;
EDPC;1,15;1;;EDPC_165;1;0;0;;;0,049;0,1467
EDPC;2,3;2;;EDPC_165;1;0;0;;;0,0803;0,1261
EDPC;3,45;3;;EDPC_165;1;0;0;;;0,1133;0,1158
EDPC;4,6;4;;EDPC_165;1;0;0;;;0,1593;0,1006
EDPC;5,75;;;EDPC_165;1;0;0;;;;
EDPC;6,9;;;EDPC_165;1;0;0;;;;
EDPC;10,35;;;EDPC_165;1;0;0;;;;
EDPC;13,8;;;EDPC_165;1;0;0;;;;
EDPC;17,25;;;EDPC_165;1;0;0;;;;
EDPC;20,7;;;EDPC_165;1;0;0;;;;
EDPC;1,15;1;;EDPC_166;1;0,1477;0,162;;;;
EDPC;2,3;2;;EDPC_166;1;0,2254;0,1632;;;;
EDPC;3,45;3;;EDPC_166;1;0,2856;0,164;;;;
EDPC;4,6;4;;EDPC_166;1;0,3602;0,164;;;;
EDPC;5,75;;;EDPC_166;1;0,443;0,1641;;;;
EDPC;6,9;;;EDPC_166;1;0,5161;0,164;;;;
EDPC;10,35;;;EDPC_166;1;0,7435;0,164;;;;
EDPC;13,8;;;EDPC_166;1;0,988;0,164;;;;
EDPC;17,25;;;EDPC_166;1;1,209;0,1566;;;;
EDPC;20,7;;;EDPC_166;1;1,449;0,1565;;;;
EDPC;1,15;1;;EDPC_167;1;0,1477;0,1620304005;;;;
EDPC;2,3;2;;EDPC_167;1;0,2254;0,163176672;;;;
EDPC;3,45;3;;EDPC_167;1;0,2856;0,16395822075;;;;
EDPC;4,6;4;;EDPC_167;1;0,3602;0,164010324;;;;
EDPC;5,75;;;EDPC_167;1;0,443;0,16406242725;;;;
EDPC;6,9;;;EDPC_167;1;0,5161;0,16395822075;;;;
EDPC;10,35;;;EDPC_167;1;0,7435;0,16395822075;;;;
EDPC;13,8;;;EDPC_167;1;0,988;0,16395822075;;;;
EDPC;17,25;;;EDPC_167;1;1,209;0,156595259625;;;;
EDPC;20,7;;;EDPC_167;1;1,449;0,15654669425;;;;
EDPC;1,15;1;;EDPC_168;1;0,144746;0,1581260535;;;;
EDPC;2,3;2;;EDPC_168;1;0,220892;0,159244704;;;;
EDPC;3,45;3;;EDPC_168;1;0,279888;0,16000742025;;;;
EDPC;4,6;4;;EDPC_168;1;0,352996;0,160058268;;;;
EDPC;5,75;;;EDPC_168;1;0,43414;0,16010911575;;;;
EDPC;6,9;;;EDPC_168;1;0,505778;0,16000742025;;;;
EDPC;10,35;;;EDPC_168;1;0,72863;0,16000742025;;;;
EDPC;13,8;;;EDPC_168;1;0,96824;0,16000742025;;;;
EDPC;17,25;;;EDPC_168;1;1,18482;0,152821879875;;;;
EDPC;20,7;;;EDPC_168;1;1,42002;0,15277448475;;;;
EDPC;1,15;1;;EDPC_169;1;0;0;;;;
EDPC;2,3;2;;EDPC_169;1;0;0;;;;
EDPC;3,45;3;;EDPC_169;1;0;0;;;;
EDPC;4,6;4;;EDPC_169;1;0;0;;;;
EDPC;5,75;;;EDPC_169;1;0;0;;;;
EDPC;6,9;;;EDPC_169;1;0;0;;;;
EDPC;10,35;;;EDPC_169;1;0;0;;;;
EDPC;13,8;;;EDPC_169;1;0;0;;;;
EDPC;17,25;;;EDPC_169;1;0;0;;;;
EDPC;20,7;;;EDPC_169;1;0;0;;;;
EDPC;1,15;1;;EDPC_17;1;0,1367;0,1627;;;;
EDPC;2,3;2;;EDPC_17;1;0,2094;0,1627;;;;
EDPC;3,45;3;;EDPC_17;1;0,2669;0,1541;;;;
EDPC;4,6;4;;EDPC_17;1;0,4261;0,1541;;;;
EDPC;5,75;;;EDPC_17;1;0,503;0,1541;;;;
EDPC;6,9;;;EDPC_17;1;0,5337;0,1541;;;;
EDPC;10,35;;;EDPC_17;1;0,7753;0,1541;;;;
EDPC;13,8;;;EDPC_17;1;1,0134;0,1541;;;;
EDPC;17,25;;;EDPC_17;1;1,328;0,1541;;;;
EDPC;20,7;;;EDPC_17;1;1,5939;0,1541;;;;
EDPC;1,15;1;;EDPC_170;1;0,144746;0,119072;;;;
EDPC;2,3;2;;EDPC_170;1;0,220892;0,119926;;;;
EDPC;3,45;3;;EDPC_170;1;0,279888;0,120475;;;;
EDPC;4,6;4;;EDPC_170;1;0,352996;0,120536;;;;
EDPC;5,75;;;EDPC_170;1;0,43414;0,120597;;;;
EDPC;6,9;;;EDPC_170;1;0,505778;0,120475;;;;
EDPC;10,35;;;EDPC_170;1;0,72863;0,120475;;;;
EDPC;13,8;;;EDPC_170;1;0,96824;0,120475;;;;
EDPC;17,25;;;EDPC_170;1;1,18482;0,115107;;;;
EDPC;20,7;;;EDPC_170;1;1,42002;0,115046;;;;
EDPC;1,15;1;;EDPC_171;1;0,146223;0,1932651765;;;;
EDPC;2,3;2;;EDPC_171;1;0,223146;0,194632416;;;;
EDPC;3,45;3;;EDPC_171;1;0,282744;0,19556462475;;;;
EDPC;4,6;4;;EDPC_171;1;0,356598;0,195626772;;;;
EDPC;5,75;;;EDPC_171;1;0,43857;0,19568891925;;;;
EDPC;6,9;;;EDPC_171;1;0,510939;0,19556462475;;;;
EDPC;10,35;;;EDPC_171;1;0,736065;0,19556462475;;;;
EDPC;13,8;;;EDPC_171;1;0,97812;0,19556462475;;;;
EDPC;17,25;;;EDPC_171;1;1,19691;0,186782297625;;;;
EDPC;20,7;;;EDPC_171;1;1,43451;0,18672437025;;;;
EDPC;1,15;1;;EDPC_172;1;0,138838;0,150304;;;0,049;0,1467
EDPC;2,3;2;;EDPC_172;1;0,211876;0,151382;;;0,0803;0,1261
EDPC;3,45;3;;EDPC_172;1;0,268464;0,152075;;;0,1133;0,1158
EDPC;4,6;4;;EDPC_172;1;0,338588;0,152152;;;0,1593;0,1006
EDPC;5,75;;;EDPC_172;1;0,41642;0,152229;;;;
EDPC;6,9;;;EDPC_172;1;0,485134;0,152075;;;;
EDPC;10,35;;;EDPC_172;1;0,69889;0,152075;;;;
EDPC;13,8;;;EDPC_172;1;0,92872;0,152075;;;;
EDPC;17,25;;;EDPC_172;1;1,13646;0,145299;;;;
EDPC;20,7;;;EDPC_172;1;1,36206;0,145222;;;;
EDPC;1,15;1;;EDPC_173;1;0;0;;;0,049;0,1467
EDPC;2,3;2;;EDPC_173;1;0;0;;;0,0803;0,1261
EDPC;3,45;3;;EDPC_173;1;0;0;;;0,1133;0,1158
EDPC;4,6;4;;EDPC_173;1;0;0;;;0,1593;0,1006
EDPC;5,75;;;EDPC_173;1;0;0;;;;
EDPC;6,9;;;EDPC_173;1;0;0;;;;
EDPC;10,35;;;EDPC_173;1;0;0;;;;
EDPC;13,8;;;EDPC_173;1;0;0;;;;
EDPC;17,25;;;EDPC_173;1;0;0;;;;
EDPC;20,7;;;EDPC_173;1;0;0;;;;
EDPC;1,15;1;;EDPC_174;1;0,1477;0,1620304005;;;;
EDPC;2,3;2;;EDPC_174;1;0,2254;0,163176672;;;;
EDPC;3,45;3;;EDPC_174;1;0,2856;0,16395822075;;;;
EDPC;4,6;4;;EDPC_174;1;0,3602;0,164010324;;;;
EDPC;5,75;;;EDPC_174;1;0,443;0,16406242725;;;;
EDPC;6,9;;;EDPC_174;1;0,5161;0,16395822075;;;;
EDPC;10,35;;;EDPC_174;1;0,7435;0,16395822075;;;;
EDPC;13,8;;;EDPC_174;1;0,988;0,16395822075;;;;
EDPC;17,25;;;EDPC_174;1;1,209;0,156595259625;;;;
EDPC;20,7;;;EDPC_174;1;1,449;0,15654669425;;;;
EDPC;1,15;1;;EDPC_175;1;0;0;;;;
EDPC;2,3;2;;EDPC_175;1;0;0;;;;
EDPC;3,45;3;;EDPC_175;1;0;0;;;;
EDPC;4,6;4;;EDPC_175;1;0;0;;;;
EDPC;5,75;;;EDPC_175;1;0;0;;;;
EDPC;6,9;;;EDPC_175;1;0;0;;;;
EDPC;10,35;;;EDPC_175;1;0;0;;;;
EDPC;13,8;;;EDPC_175;1;0;0;;;;
EDPC;17,25;;;EDPC_175;1;0;0;;;;
EDPC;20,7;;;EDPC_175;1;0;0;;;;
EDPC;1,15;1;;EDPC_176;1;0,1477;0,123;;;;
EDPC;2,3;2;;EDPC_176;1;0,2254;0,1239;;;;
EDPC;3,45;3;;EDPC_176;1;0,2856;0,1245;;;;
EDPC;4,6;4;;EDPC_176;1;0,3602;0,1245;;;;
EDPC;5,75;;;EDPC_176;1;0,443;0,1245;;;;
EDPC;6,9;;;EDPC_176;1;0,5161;0,1245;;;;
EDPC;10,35;;;EDPC_176;1;0,7435;0,1245;;;;
EDPC;13,8;;;EDPC_176;1;0,988;0,1245;;;;
EDPC;17,25;;;EDPC_176;1;1,209;0,1189;;;;
EDPC;20,7;;;EDPC_176;1;1,449;0,1188;;;;
EDPC;1,15;1;;EDPC_18;1;0,1367;0,1627;;;0,0737;0,0959
EDPC;2,3;2;;EDPC_18;1;0,2094;0,1627;;;0,1092;0,0934
EDPC;3,45;3;;EDPC_18;1;0,2843;0,1642;;;0,1498;0,0917
EDPC;4,6;4;;EDPC_18;1;0,4538;0,1642;;;0,2159;0,0916
EDPC;5,75;;;EDPC_18;1;0,5358;0,1642;;;;
EDPC;6,9;;;EDPC_18;1;0,5685;0,1642;;;;
EDPC;10,35;;;EDPC_18;1;0,8258;0,1642;;;;
EDPC;13,8;;;EDPC_18;1;1,0795;0,1642;;;;
EDPC;17,25;;;EDPC_18;1;1,4146;0,1642;;;;
EDPC;20,7;;;EDPC_18;1;1,6979;0,1642;;;;
EDPC;1,15;1;;EDPC_19;1;0,1367;0,1627;;;0,0744;0,0969
EDPC;2,3;2;;EDPC_19;1;0,2094;0,1627;;;0,1103;0,0943
EDPC;3,45;3;;EDPC_19;1;0,2872;0,1658;;;0,1514;0,0927
EDPC;4,6;4;;EDPC_19;1;0,4585;0,1658;;;0,2181;0,0926
EDPC;5,75;;;EDPC_19;1;0,5412;0,1658;;;;
EDPC;6,9;;;EDPC_19;1;0,5743;0,1658;;;;
EDPC;10,35;;;EDPC_19;1;0,8343;0,1658;;;;
EDPC;13,8;;;EDPC_19;1;1,0905;0,1658;;;;
EDPC;17,25;;;EDPC_19;1;1,4291;0,1658;;;;
EDPC;20,7;;;EDPC_19;1;1,7152;0,1658;;;;
EDPC;1,15;1;;EDPC_20;1;0,1367;0,1627;;;0,0722;0,094
EDPC;2,3;2;;EDPC_20;1;0,2094;0,1627;;;0,1069;0,0915
EDPC;3,45;3;;EDPC_20;1;0,2785;0,1608;;;0,1468;0,0899
EDPC;4,6;4;;EDPC_20;1;0,4446;0,1608;;;0,2115;0,0898
EDPC;5,75;;;EDPC_20;1;0,5248;0,1608;;;;
EDPC;6,9;;;EDPC_20;1;0,5569;0,1608;;;;
EDPC;10,35;;;EDPC_20;1;0,809;0,1608;;;;
EDPC;13,8;;;EDPC_20;1;1,0574;0,1608;;;;
EDPC;17,25;;;EDPC_20;1;1,3858;0,1608;;;;
EDPC;20,7;;;EDPC_20;1;1,6632;0,1608;;;;
EDPC;1,15;1;;EDPC_21;1;0,1367;0,1627;;;;
EDPC;2,3;2;;EDPC_21;1;0,2094;0,1627;;;;
EDPC;3,45;3;;EDPC_21;1;0,2727;0,1575;;;;
EDPC;4,6;4;;EDPC_21;1;0,4353;0,1575;;;;
EDPC;5,75;;;EDPC_21;1;0,5139;0,1575;;;;
EDPC;6,9;;;EDPC_21;1;0,5453;0,1575;;;;
EDPC;10,35;;;EDPC_21;1;0,7921;0,1575;;;;
EDPC;13,8;;;EDPC_21;1;1,0354;0,1575;;;;
EDPC;17,25;;;EDPC_21;1;1,3569;0,1575;;;;
EDPC;20,7;;;EDPC_21;1;1,6286;0,1575;;;;
EDPC;1,15;1;;EDPC_22;1;0,1367;0,1627;;;;
EDPC;2,3;2;;EDPC_22;1;0,2094;0,1627;;;;
EDPC;3,45;3;;EDPC_22;1;0,2785;0,1608;;;;
EDPC;4,6;4;;EDPC_22;1;0,4446;0,1608;;;;
EDPC;5,75;;;EDPC_22;1;0,5248;0,1608;;;;
EDPC;6,9;;;EDPC_22;1;0,5569;0,1608;;;;
EDPC;10,35;;;EDPC_22;1;0,809;0,1608;;;;
EDPC;13,8;;;EDPC_22;1;1,0574;0,1608;;;;
EDPC;17,25;;;EDPC_22;1;1,3858;0,1608;;;;
EDPC;20,7;;;EDPC_22;1;1,6632;0,1608;;;;
EDPC;1,15;1;;EDPC_23;1;;;;;0,0714;0,093
EDPC;2,3;2;;EDPC_23;1;;;;;0,1058;0,0905
EDPC;3,45;3;;EDPC_23;1;0,2756;0,1591;;;0,1453;0,0889
EDPC;4,6;4;;EDPC_23;1;0,4399;0,1591;;;0,2093;0,0888
EDPC;5,75;;;EDPC_23;1;0,5194;0,1591;;;;
EDPC;6,9;;;EDPC_23;1;0,5511;0,1591;;;;
EDPC;10,35;;;EDPC_23;1;0,8006;0,1591;;;;
EDPC;13,8;;;EDPC_23;1;1,0464;0,1591;;;;
EDPC;17,25;;;EDPC_23;1;1,3713;0,1591;;;;
EDPC;20,7;;;EDPC_23;1;1,6459;0,1591;;;;
EDPC;1,15;1;;EDPC_24;1;;;;;0,0714;0,093
EDPC;2,3;2;;EDPC_24;1;;;;;0,1058;0,0905
EDPC;3,45;3;;EDPC_24;1;0,2756;0,1591;;;0,1453;0,0889
EDPC;4,6;4;;EDPC_24;1;0,4399;0,1591;;;0,2093;0,0888
EDPC;5,75;;;EDPC_24;1;0,5194;0,1591;;;;
EDPC;6,9;;;EDPC_24;1;0,5511;0,1591;;;;
EDPC;10,35;;;EDPC_24;1;0,8006;0,1591;;;;
EDPC;13,8;;;EDPC_24;1;1,0464;0,1591;;;;
EDPC;17,25;;;EDPC_24;1;1,3713;0,1591;;;;
EDPC;20,7;;;EDPC_24;1;1,6459;0,1591;;;;
EDPC;3,45;3;;EDPC_25;1;0,2756;0,1591;;;;
EDPC;4,6;4;;EDPC_25;1;0,4399;0,1591;;;;
EDPC;5,75;;;EDPC_25;1;0,5194;0,1591;;;;
EDPC;6,9;;;EDPC_25;1;0,5511;0,1591;;;;
EDPC;10,35;;;EDPC_25;1;0,8006;0,1591;;;;
EDPC;13,8;;;EDPC_25;1;1,0464;0,1591;;;;
EDPC;17,25;;;EDPC_25;1;1,3713;0,1591;;;;
EDPC;20,7;;;EDPC_25;1;1,6459;0,1591;;;;
EDPC;3,45;3;;EDPC_26;1;0,2756;0,1591;;;;
EDPC;4,6;4;;EDPC_26;1;0,4399;0,1591;;;;
EDPC;5,75;;;EDPC_26;1;0,5194;0,1591;;;;
EDPC;6,9;;;EDPC_26;1;0,5511;0,1591;;;;
EDPC;10,35;;;EDPC_26;1;0,8006;0,1591;;;;
EDPC;13,8;;;EDPC_26;1;1,0464;0,1591;;;;
EDPC;17,25;;;EDPC_26;1;1,3713;0,1591;;;;
EDPC;20,7;;;EDPC_26;1;1,6459;0,1591;;;;
EDPC;3,45;3;;EDPC_27;1;0,2756;0,1591;;;;
EDPC;4,6;4;;EDPC_27;1;0,4399;0,1591;;;;
EDPC;5,75;;;EDPC_27;1;0,5194;0,1591;;;;
EDPC;6,9;;;EDPC_27;1;0,5511;0,1591;;;;
EDPC;10,35;;;EDPC_27;1;0,8006;0,1591;;;;
EDPC;13,8;;;EDPC_27;1;1,0464;0,1591;;;;
EDPC;17,25;;;EDPC_27;1;1,3713;0,1591;;;;
EDPC;20,7;;;EDPC_27;1;1,6459;0,1591;;;;
EDPC;1,15;1;;EDPC_28;1;;;;;0,0714;0,093
EDPC;2,3;2;;EDPC_28;1;;;;;0,1058;0,0905
EDPC;3,45;3;;EDPC_28;1;0,2756;0,1591;;;0,1453;0,0889
EDPC;4,6;4;;EDPC_28;1;0,4399;0,1591;;;0,2093;0,0888
EDPC;5,75;;;EDPC_28;1;0,5194;0,1591;;;;
EDPC;6,9;;;EDPC_28;1;0,5511;0,1591;;;;
EDPC;10,35;;;EDPC_28;1;0,8006;0,1591;;;;
EDPC;13,8;;;EDPC_28;1;1,0464;0,1591;;;;
EDPC;17,25;;;EDPC_28;1;1,3713;0,1591;;;;
EDPC;20,7;;;EDPC_28;1;1,6459;0,1591;;;;
EDPC;1,15;1;;EDPC_29;1;;;;;0,0714;0,093
EDPC;2,3;2;;EDPC_29;1;;;;;0,1058;0,0905
EDPC;3,45;3;;EDPC_29;1;0,2611;0,1508;;;0,1453;0,0889
EDPC;4,6;4;;EDPC_29;1;0,4168;0,1508;;;0,2093;0,0888
EDPC;5,75;;;EDPC_29;1;0,492;0,1508;;;;
EDPC;6,9;;;EDPC_29;1;0,5221;0,1508;;;;
EDPC;10,35;;;EDPC_29;1;0,7584;0,1508;;;;
EDPC;13,8;;;EDPC_29;1;0,9914;0,1508;;;;
EDPC;17,25;;;EDPC_29;1;1,2992;0,1508;;;;
EDPC;20,7;;;EDPC_29;1;1,5593;0,1508;;;;
EDPC;1,15;1;;EDPC_30;1;;;;;0,0714;0,093
EDPC;2,3;2;;EDPC_30;1;;;;;0,1058;0,0905
EDPC;3,45;3;;EDPC_30;1;0,2611;0,1508;;;0,1453;0,0889
EDPC;4,6;4;;EDPC_30;1;0,4168;0,1508;;;0,2093;0,0888
EDPC;5,75;;;EDPC_30;1;0,492;0,1508;;;;
EDPC;6,9;;;EDPC_30;1;0,5221;0,1508;;;;
EDPC;10,35;;;EDPC_30;1;0,7584;0,1508;;;;
EDPC;13,8;;;EDPC_30;1;0,9914;0,1508;;;;
EDPC;17,25;;;EDPC_30;1;1,2992;0,1508;;;;
EDPC;20,7;;;EDPC_30;1;1,5593;0,1508;;;;
EDPC;1,15;1;;EDPC_31;1;;;;;0,0714;0,093
EDPC;2,3;2;;EDPC_31;1;;;;;0,1058;0,0905
EDPC;3,45;3;;EDPC_31;1;0,2611;0,1508;;;0,1453;0,0889
EDPC;4,6;4;;EDPC_31;1;0,4168;0,1508;;;0,2093;0,0888
EDPC;5,75;;;EDPC_31;1;0,492;0,1508;;;;
EDPC;6,9;;;EDPC_31;1;0,5221;0,1508;;;;
EDPC;10,35;;;EDPC_31;1;0,7584;0,1508;;;;
EDPC;13,8;;;EDPC_31;1;0,9914;0,1508;;;;
EDPC;17,25;;;EDPC_31;1;1,2992;0,1508;;;;
EDPC;20,7;;;EDPC_31;1;1,5593;0,1508;;;;
EDPC;1,15;1;;EDPC_32;1;;;;;0,0714;0,093
EDPC;2,3;2;;EDPC_32;1;;;;;0,1058;0,0905
EDPC;3,45;3;;EDPC_32;1;0,2611;0,1508;;;0,1453;0,0889
EDPC;4,6;4;;EDPC_32;1;0,4168;0,1508;;;0,2093;0,0888
EDPC;5,75;;;EDPC_32;1;0,492;0,1508;;;;
EDPC;6,9;;;EDPC_32;1;0,5221;0,1508;;;;
EDPC;10,35;;;EDPC_32;1;0,7584;0,1508;;;;
EDPC;13,8;;;EDPC_32;1;0,9914;0,1508;;;;
EDPC;17,25;;;EDPC_32;1;1,2992;0,1508;;;;
EDPC;20,7;;;EDPC_32;1;1,5593;0,1508;;;;
EDPC;1,15;1;;EDPC_33;1;;;;;0,0714;0,093
EDPC;2,3;2;;EDPC_33;1;;;;;0,1058;0,0905
EDPC;3,45;3;;EDPC_33;1;0,2611;0,1508;;;0,1453;0,0889
EDPC;4,6;4;;EDPC_33;1;0,4168;0,1508;;;0,2093;0,0888
EDPC;5,75;;;EDPC_33;1;0,492;0,1508;;;;
EDPC;6,9;;;EDPC_33;1;0,5221;0,1508;;;;
EDPC;10,35;;;EDPC_33;1;0,7584;0,1508;;;;
EDPC;13,8;;;EDPC_33;1;0,9914;0,1508;;;;
EDPC;17,25;;;EDPC_33;1;1,2992;0,1508;;;;
EDPC;20,7;;;EDPC_33;1;1,5593;0,1508;;;;
EDPC;3,45;3;;EDPC_34;1;0,2756;0,1591;;;;
EDPC;4,6;4;;EDPC_34;1;0,4399;0,1591;;;;
EDPC;5,75;;;EDPC_34;1;0,5194;0,1591;;;;
EDPC;6,9;;;EDPC_34;1;0,5511;0,1591;;;;
EDPC;10,35;;;EDPC_34;1;0,8006;0,1591;;;;
EDPC;13,8;;;EDPC_34;1;1,0464;0,1591;;;;
EDPC;17,25;;;EDPC_34;1;1,3713;0,1591;;;;
EDPC;20,7;;;EDPC_34;1;1,6459;0,1591;;;;
EDPC;3,45;3;;EDPC_35;1;0,2756;0,1591;;;;
EDPC;4,6;4;;EDPC_35;1;0,4399;0,1591;;;;
EDPC;5,75;;;EDPC_35;1;0,5194;0,1591;;;;
EDPC;6,9;;;EDPC_35;1;0,5511;0,1591;;;;
EDPC;10,35;;;EDPC_35;1;0,8006;0,1591;;;;
EDPC;13,8;;;EDPC_35;1;1,0464;0,1591;;;;
EDPC;17,25;;;EDPC_35;1;1,3713;0,1591;;;;
EDPC;20,7;;;EDPC_35;1;1,6459;0,1591;;;;
EDPC;3,45;3;;EDPC_36;1;0,2756;0,1591;;;;
EDPC;4,6;4;;EDPC_36;1;0,4399;0,1591;;;;
EDPC;5,75;;;EDPC_36;1;0,5194;0,1591;;;;
EDPC;6,9;;;EDPC_36;1;0,5511;0,1591;;;;
EDPC;10,35;;;EDPC_36;1;0,8006;0,1591;;;;
EDPC;13,8;;;EDPC_36;1;1,0464;0,1591;;;;
EDPC;17,25;;;EDPC_36;1;1,3713;0,1591;;;;
EDPC;20,7;;;EDPC_36;1;1,6459;0,1591;;;;
EDPC;1,15;1;;EDPC_37;1;;;;;0,0729;0,095
EDPC;2,3;2;;EDPC_37;1;;;;;0,1081;0,0924
EDPC;3,45;3;;EDPC_37;1;;;;;0,1483;0,0908
EDPC;4,6;4;;EDPC_37;1;;;;;0,2137;0,0907
EDPC;1,15;1;;EDPC_38;1;;;;;0,0752;0,0979
EDPC;2,3;2;;EDPC_38;1;;;;;0,1114;0,0953
EDPC;3,45;3;;EDPC_38;1;;;;;0,1529;0,0936
EDPC;4,6;4;;EDPC_38;1;;;;;0,2203;0,0935
EDPC;3,45;3;;EDPC_39;1;0,2611;0,1508;;;;
EDPC;4,6;4;;EDPC_39;1;0,4168;0,1508;;;;
EDPC;5,75;;;EDPC_39;1;0,492;0,1508;;;;
EDPC;6,9;;;EDPC_39;1;0,5221;0,1508;;;;
EDPC;10,35;;;EDPC_39;1;0,7584;0,1508;;;;
EDPC;13,8;;;EDPC_39;1;0,9914;0,1508;;;;
EDPC;17,25;;;EDPC_39;1;1,2992;0,1508;;;;
EDPC;20,7;;;EDPC_39;1;1,5593;0,1508;;;;
EDPC;3,45;3;;EDPC_40;1;0,2611;0,1508;;;;
EDPC;4,6;4;;EDPC_40;1;0,4168;0,1508;;;;
EDPC;5,75;;;EDPC_40;1;0,492;0,1508;;;;
EDPC;6,9;;;EDPC_40;1;0,5221;0,1508;;;;
EDPC;10,35;;;EDPC_40;1;0,7584;0,1508;;;;
EDPC;13,8;;;EDPC_40;1;0,9914;0,1508;;;;
EDPC;17,25;;;EDPC_40;1;1,2992;0,1508;;;;
EDPC;20,7;;;EDPC_40;1;1,5593;0,1508;;;;
EDPC;3,45;3;;EDPC_41;1;0,2611;0,1508;;;;
EDPC;4,6;4;;EDPC_41;1;0,4168;0,1508;;;;
EDPC;5,75;;;EDPC_41;1;0,492;0,1508;;;;
EDPC;6,9;;;EDPC_41;1;0,5221;0,1508;;;;
EDPC;10,35;;;EDPC_41;1;0,7584;0,1508;;;;
EDPC;13,8;;;EDPC_41;1;0,9914;0,1508;;;;
EDPC;17,25;;;EDPC_41;1;1,2992;0,1508;;;;
EDPC;20,7;;;EDPC_41;1;1,5593;0,1508;;;;
EDPC;3,45;3;;EDPC_42;1;0,2611;0,1508;;;;
EDPC;4,6;4;;EDPC_42;1;0,4168;0,1508;;;;
EDPC;5,75;;;EDPC_42;1;0,492;0,1508;;;;
EDPC;6,9;;;EDPC_42;1;0,5221;0,1508;;;;
EDPC;10,35;;;EDPC_42;1;0,7584;0,1508;;;;
EDPC;13,8;;;EDPC_42;1;0,9914;0,1508;;;;
EDPC;17,25;;;EDPC_42;1;1,2992;0,1508;;;;
EDPC;20,7;;;EDPC_42;1;1,5593;0,1508;;;;
EDPC;3,45;3;;EDPC_43;1;0,2611;0,1508;;;;
EDPC;4,6;4;;EDPC_43;1;0,4168;0,1508;;;;
EDPC;5,75;;;EDPC_43;1;0,492;0,1508;;;;
EDPC;6,9;;;EDPC_43;1;0,5221;0,1508;;;;
EDPC;10,35;;;EDPC_43;1;0,7584;0,1508;;;;
EDPC;13,8;;;EDPC_43;1;0,9914;0,1508;;;;
EDPC;17,25;;;EDPC_43;1;1,2992;0,1508;;;;
EDPC;20,7;;;EDPC_43;1;1,5593;0,1508;;;;
EDPC;3,45;3;;EDPC_44;1;0,2611;0,1508;;;;
EDPC;4,6;4;;EDPC_44;1;0,4168;0,1508;;;;
EDPC;5,75;;;EDPC_44;1;0,492;0,1508;;;;
EDPC;6,9;;;EDPC_44;1;0,5221;0,1508;;;;
EDPC;10,35;;;EDPC_44;1;0,7584;0,1508;;;;
EDPC;13,8;;;EDPC_44;1;0,9914;0,1508;;;;
EDPC;17,25;;;EDPC_44;1;1,2992;0,1508;;;;
EDPC;20,7;;;EDPC_44;1;1,5593;0,1508;;;;
EDPC;1,15;1;;EDPC_45;1;;;;;0,0729;0,088392
EDPC;1,15;1;;EDPC_45;1;0,1367;0,1627;;;;
EDPC;2,3;2;;EDPC_45;1;;;;;0,107;0,0833
EDPC;2,3;2;;EDPC_45;1;0,2094;0,1627;;;;
EDPC;3,45;3;;EDPC_45;1;;;;;0,14;0,080351
EDPC;3,45;3;;EDPC_45;1;0,2901;0,1675;;;;
EDPC;4,6;4;;EDPC_45;1;;;;;0,1937;0,079069
EDPC;4,6;4;;EDPC_45;1;0,4631;0,1675;;;;
EDPC;5,75;;;EDPC_45;1;0,5467;0,1675;;;;
EDPC;6,9;;;EDPC_45;1;0,5801;0,1675;;;;
EDPC;10,35;;;EDPC_45;1;0,8427;0,1675;;;;
EDPC;13,8;;;EDPC_45;1;1,1015;0,1675;;;;
EDPC;17,25;;;EDPC_45;1;1,4435;0,1675;;;;
EDPC;20,7;;;EDPC_45;1;1,7325;0,1675;;;;
EDPC;1,15;1;;EDPC_46;1;;;;;0,0729;0,088392
EDPC;1,15;1;;EDPC_46;1;0,1367;0,1627;;;;
EDPC;2,3;2;;EDPC_46;1;;;;;0,107;0,0833
EDPC;2,3;2;;EDPC_46;1;0,2094;0,1627;;;;
EDPC;3,45;3;;EDPC_46;1;;;;;0,14;0,080351
EDPC;3,45;3;;EDPC_46;1;0,2466;0,1424;;;;
EDPC;4,6;4;;EDPC_46;1;;;;;0,1937;0,079069
EDPC;4,6;4;;EDPC_46;1;0,3936;0,1424;;;;
EDPC;5,75;;;EDPC_46;1;0,4647;0,1424;;;;
EDPC;6,9;;;EDPC_46;1;0,4931;0,1424;;;;
EDPC;10,35;;;EDPC_46;1;0,7163;0,1424;;;;
EDPC;13,8;;;EDPC_46;1;0,9363;0,1424;;;;
EDPC;17,25;;;EDPC_46;1;1,227;0,1424;;;;
EDPC;20,7;;;EDPC_46;1;1,4726;0,1424;;;;
EDPC;1,15;1;;EDPC_47;1;0,17;0,162148;;;;
EDPC;2,3;2;;EDPC_47;1;0,2229;0,162148;;;;
EDPC;3,45;3;;EDPC_47;1;0,2758;0,162148;;;;
EDPC;4,6;4;;EDPC_47;1;0,3287;0,162148;;;;
EDPC;5,75;;;EDPC_47;1;0,3816;0,162148;;;;
EDPC;6,9;;;EDPC_47;1;0,4345;0,162148;;;;
EDPC;10,35;;;EDPC_47;1;0,5932;0,162148;;;;
EDPC;13,8;;;EDPC_47;1;0,7519;0,162148;;;;
EDPC;17,25;;;EDPC_47;1;0,9106;0,162148;;;;
EDPC;20,7;;;EDPC_47;1;1,0693;0,162148;;;;
EDPC;1,15;1;;EDPC_48;1;0,17;0,162148;;;;
EDPC;2,3;2;;EDPC_48;1;0,2229;0,162148;;;;
EDPC;3,45;3;;EDPC_48;1;0,2758;0,162148;;;;
EDPC;4,6;4;;EDPC_48;1;0,3287;0,162148;;;;
EDPC;5,75;;;EDPC_48;1;0,3816;0,162148;;;;
EDPC;6,9;;;EDPC_48;1;0,4345;0,162148;;;;
EDPC;10,35;;;EDPC_48;1;0,5932;0,162148;;;;
EDPC;13,8;;;EDPC_48;1;0,7519;0,162148;;;;
EDPC;17,25;;;EDPC_48;1;0,9106;0,162148;;;;
EDPC;20,7;;;EDPC_48;1;1,0693;0,162148;;;;
EDPC;1,15;1;;EDPC_49;1;0,17;0,162148;;;;
EDPC;2,3;2;;EDPC_49;1;0,2229;0,162148;;;;
EDPC;3,45;3;;EDPC_49;1;0,2758;0,162148;;;;
EDPC;4,6;4;;EDPC_49;1;0,3287;0,162148;;;;
EDPC;5,75;;;EDPC_49;1;0,3816;0,162148;;;;
EDPC;6,9;;;EDPC_49;1;0,4345;0,162148;;;;
EDPC;10,35;;;EDPC_49;1;0,5932;0,162148;;;;
EDPC;13,8;;;EDPC_49;1;0,7519;0,162148;;;;
EDPC;17,25;;;EDPC_49;1;0,9106;0,162148;;;;
EDPC;20,7;;;EDPC_49;1;1,0693;0,162148;;;;
EDPC;1,15;1;;EDPC_50;1;;;;;0,0707;0,092
EDPC;2,3;2;;EDPC_50;1;;;;;0,1047;0,0896
EDPC;3,45;3;;EDPC_50;1;0,2727;0,1575;;;0,1437;0,088
EDPC;4,6;4;;EDPC_50;1;0,4353;0,1575;;;0,2071;0,0879
EDPC;5,75;;;EDPC_50;1;0,5139;0,1575;;;;
EDPC;6,9;;;EDPC_50;1;0,5453;0,1575;;;;
EDPC;10,35;;;EDPC_50;1;0,7921;0,1575;;;;
EDPC;13,8;;;EDPC_50;1;1,0354;0,1575;;;;
EDPC;17,25;;;EDPC_50;1;1,3569;0,1575;;;;
EDPC;20,7;;;EDPC_50;1;1,6286;0,1575;;;;
EDPC;1,15;1;;EDPC_51;1;;;;;0,0722;0,094
EDPC;2,3;2;;EDPC_51;1;;;;;0,1069;0,0915
EDPC;3,45;3;;EDPC_51;1;0,2785;0,1608;;;0,1468;0,0899
EDPC;4,6;4;;EDPC_51;1;0,4446;0,1608;;;0,2115;0,0898
EDPC;5,75;;;EDPC_51;1;0,5248;0,1608;;;;
EDPC;6,9;;;EDPC_51;1;0,5569;0,1608;;;;
EDPC;10,35;;;EDPC_51;1;0,809;0,1608;;;;
EDPC;13,8;;;EDPC_51;1;1,0574;0,1608;;;;
EDPC;17,25;;;EDPC_51;1;1,3858;0,1608;;;;
EDPC;20,7;;;EDPC_51;1;1,6632;0,1608;;;;
EDPC;3,45;3;;EDPC_52;1;0,2785;0,1608;;;;
EDPC;4,6;4;;EDPC_52;1;0,4446;0,1608;;;;
EDPC;5,75;;;EDPC_52;1;0,5248;0,1608;;;;
EDPC;6,9;;;EDPC_52;1;0,5569;0,1608;;;;
EDPC;10,35;;;EDPC_52;1;0,809;0,1608;;;;
EDPC;13,8;;;EDPC_52;1;1,0574;0,1608;;;;
EDPC;17,25;;;EDPC_52;1;1,3858;0,1608;;;;
EDPC;20,7;;;EDPC_52;1;1,6632;0,1608;;;;
EDPC;3,45;3;;EDPC_53;1;0,2669;0,1541;;;;
EDPC;4,6;4;;EDPC_53;1;0,4261;0,1541;;;;
EDPC;5,75;;;EDPC_53;1;0,503;0,1541;;;;
EDPC;6,9;;;EDPC_53;1;0,5337;0,1541;;;;
EDPC;10,35;;;EDPC_53;1;0,7753;0,1541;;;;
EDPC;13,8;;;EDPC_53;1;1,0134;0,1541;;;;
EDPC;17,25;;;EDPC_53;1;1,328;0,1541;;;;
EDPC;20,7;;;EDPC_53;1;1,5939;0,1541;;;;
EDPC;3,45;3;;EDPC_54;1;0,2727;0,1575;;;;
EDPC;4,6;4;;EDPC_54;1;0,4353;0,1575;;;;
EDPC;5,75;;;EDPC_54;1;0,5139;0,1575;;;;
EDPC;6,9;;;EDPC_54;1;0,5453;0,1575;;;;
EDPC;10,35;;;EDPC_54;1;0,7921;0,1575;;;;
EDPC;13,8;;;EDPC_54;1;1,0354;0,1575;;;;
EDPC;17,25;;;EDPC_54;1;1,3569;0,1575;;;;
EDPC;20,7;;;EDPC_54;1;1,6286;0,1575;;;;
EDPC;1,15;1;;EDPC_55;1;;;;;0,0692;0,0901
EDPC;2,3;2;;EDPC_55;1;;;;;0,1025;0,0877
EDPC;3,45;3;;EDPC_55;1;0,2669;0,1541;;;0,1407;0,0861
EDPC;4,6;4;;EDPC_55;1;0,4261;0,1541;;;0,2027;0,086
EDPC;5,75;;;EDPC_55;1;0,503;0,1541;;;;
EDPC;6,9;;;EDPC_55;1;0,5337;0,1541;;;;
EDPC;10,35;;;EDPC_55;1;0,7753;0,1541;;;;
EDPC;13,8;;;EDPC_55;1;1,0134;0,1541;;;;
EDPC;17,25;;;EDPC_55;1;1,328;0,1541;;;;
EDPC;20,7;;;EDPC_55;1;1,5939;0,1541;;;;
EDPC;1,15;1;;EDPC_56;1;;;;;0,0729;0,0883963566
EDPC;2,3;2;;EDPC_56;1;;;;;0,107;0,0833043566
EDPC;3,45;3;;EDPC_56;1;;;;;0,14;0,0803553566
EDPC;4,6;4;;EDPC_56;1;;;;;0,1937;0,0790733566
EDPC;1,15;1;;EDPC_57;1;0,17;0,162148;;;0,0729;0,088392
EDPC;2,3;2;;EDPC_57;1;0,2229;0,162148;;;0,107;0,0833
EDPC;3,45;3;;EDPC_57;1;0,2758;0,162148;;;0,14;0,080351
EDPC;4,6;4;;EDPC_57;1;0,3287;0,162148;;;0,1937;0,079069
EDPC;5,75;;;EDPC_57;1;0,3816;0,162148;;;;
EDPC;6,9;;;EDPC_57;1;0,4345;0,162148;;;;
EDPC;10,35;;;EDPC_57;1;0,5932;0,162148;;;;
EDPC;13,8;;;EDPC_57;1;0,7519;0,162148;;;;
EDPC;17,25;;;EDPC_57;1;0,9106;0,162148;;;;
EDPC;20,7;;;EDPC_57;1;1,0693;0,162148;;;;
EDPC;1,15;1;;EDPC_58;1;0,17;0,162148;;;0,0729;0,0883963566
EDPC;2,3;2;;EDPC_58;1;0,2229;0,162148;;;0,107;0,0833043566
EDPC;3,45;3;;EDPC_58;1;0,2758;0,162148;;;0,14;0,0803553566
EDPC;4,6;4;;EDPC_58;1;0,3287;0,162148;;;0,1937;0,0790733566
EDPC;5,75;;;EDPC_58;1;0,3816;0,162148;;;;
EDPC;6,9;;;EDPC_58;1;0,4345;0,162148;;;;
EDPC;10,35;;;EDPC_58;1;0,5932;0,162148;;;;
EDPC;13,8;;;EDPC_58;1;0,7519;0,162148;;;;
EDPC;17,25;;;EDPC_58;1;0,9106;0,162148;;;;
EDPC;20,7;;;EDPC_58;1;1,0693;0,162148;;;;
EDPC;1,15;1;;EDPC_59;1;0,17;0,162148;;;0,0729;0,088392
EDPC;2,3;2;;EDPC_59;1;0,2229;0,162148;;;0,107;0,0833
EDPC;3,45;3;;EDPC_59;1;0,2758;0,162148;;;0,14;0,080351
EDPC;4,6;4;;EDPC_59;1;0,3287;0,162148;;;0,1937;0,079069
EDPC;5,75;;;EDPC_59;1;0,3816;0,162148;;;;
EDPC;6,9;;;EDPC_59;1;0,4345;0,162148;;;;
EDPC;10,35;;;EDPC_59;1;0,5932;0,162148;;;;
EDPC;13,8;;;EDPC_59;1;0,7519;0,162148;;;;
EDPC;17,25;;;EDPC_59;1;0,9106;0,162148;;;;
EDPC;20,7;;;EDPC_59;1;1,0693;0,162148;;;;
EDPC;1,15;1;;EDPC_60;1;0,17;0,162148;;;;
EDPC;2,3;2;;EDPC_60;1;0,2229;0,162148;;;;
EDPC;3,45;3;;EDPC_60;1;0,2758;0,162148;;;;
EDPC;4,6;4;;EDPC_60;1;0,3287;0,162148;;;;
EDPC;5,75;;;EDPC_60;1;0,3816;0,162148;;;;
EDPC;6,9;;;EDPC_60;1;0,4345;0,162148;;;;
EDPC;10,35;;;EDPC_60;1;0,5932;0,162148;;;;
EDPC;13,8;;;EDPC_60;1;0,7519;0,162148;;;;
EDPC;17,25;;;EDPC_60;1;0,9106;0,162148;;;;
EDPC;20,7;;;EDPC_60;1;1,0693;0,162148;;;;
EDPC;1,15;1;;EDPC_61;1;0,17;0,162148;;;0,0729;0,088392
EDPC;2,3;2;;EDPC_61;1;0,2229;0,162148;;;0,107;0,0833
EDPC;3,45;3;;EDPC_61;1;0,2758;0,162148;;;0,14;0,080351
EDPC;4,6;4;;EDPC_61;1;0,3287;0,162148;;;0,1937;0,079069
EDPC;5,75;;;EDPC_61;1;0,3816;0,162148;;;;
EDPC;6,9;;;EDPC_61;1;0,4345;0,162148;;;;
EDPC;10,35;;;EDPC_61;1;0,5932;0,162148;;;;
EDPC;13,8;;;EDPC_61;1;0,7519;0,162148;;;;
EDPC;17,25;;;EDPC_61;1;0,9106;0,162148;;;;
EDPC;20,7;;;EDPC_61;1;1,0693;0,162148;;;;
EDPC;1,15;1;;EDPC_62;1;;;;;0,0729;0,088392
EDPC;2,3;2;;EDPC_62;1;;;;;0,107;0,0833
EDPC;3,45;3;;EDPC_62;1;;;;;0,14;0,080351
EDPC;4,6;4;;EDPC_62;1;;;;;0,1937;0,079069
EDPC;1,15;1;;EDPC_63;1;0,17;0,162148;;;;
EDPC;2,3;2;;EDPC_63;1;0,2229;0,162148;;;;
EDPC;3,45;3;;EDPC_63;1;0,2758;0,162148;;;;
EDPC;4,6;4;;EDPC_63;1;0,3287;0,162148;;;;
EDPC;5,75;;;EDPC_63;1;0,3816;0,162148;;;;
EDPC;6,9;;;EDPC_63;1;0,4345;0,162148;;;;
EDPC;10,35;;;EDPC_63;1;0,5932;0,162148;;;;
EDPC;13,8;;;EDPC_63;1;0,7519;0,162148;;;;
EDPC;17,25;;;EDPC_63;1;0,9106;0,162148;;;;
EDPC;20,7;;;EDPC_63;1;1,0693;0,162148;;;;
EDPC;1,15;1;;EDPC_64;1;;;;;0,0729;0,088392
EDPC;2,3;2;;EDPC_64;1;;;;;0,107;0,0833
EDPC;3,45;3;;EDPC_64;1;;;;;0,14;0,080351
EDPC;4,6;4;;EDPC_64;1;;;;;0,1937;0,079069
EDPC;1,15;1;;EDPC_65;1;0,17;0,162148;;;0,0729;0,088392
EDPC;2,3;2;;EDPC_65;1;0,2229;0,162148;;;0,107;0,0833
EDPC;3,45;3;;EDPC_65;1;0,2758;0,162148;;;0,14;0,080351
EDPC;4,6;4;;EDPC_65;1;0,3287;0,162148;;;0,1937;0,079069
EDPC;5,75;;;EDPC_65;1;0,3816;0,162148;;;;
EDPC;6,9;;;EDPC_65;1;0,4345;0,162148;;;;
EDPC;10,35;;;EDPC_65;1;0,5932;0,162148;;;;
EDPC;13,8;;;EDPC_65;1;0,7519;0,162148;;;;
EDPC;17,25;;;EDPC_65;1;0,9106;0,162148;;;;
EDPC;20,7;;;EDPC_65;1;1,0693;0,162148;;;;
EDPC;1,15;1;;EDPC_66;1;;;;;0,0729;0,088392
EDPC;2,3;2;;EDPC_66;1;;;;;0,107;0,0833
EDPC;3,45;3;;EDPC_66;1;;;;;0,14;0,080351
EDPC;4,6;4;;EDPC_66;1;;;;;0,1937;0,079069
EDPC;1,15;1;;EDPC_67;1;;;;;0,0714;0,093
EDPC;2,3;2;;EDPC_67;1;;;;;0,1058;0,0905
EDPC;3,45;3;;EDPC_67;1;0,2611;0,1508;;;0,1453;0,0889
EDPC;4,6;4;;EDPC_67;1;0,4168;0,1508;;;0,2093;0,0888
EDPC;5,75;;;EDPC_67;1;0,492;0,1508;;;;
EDPC;6,9;;;EDPC_67;1;0,5221;0,1508;;;;
EDPC;10,35;;;EDPC_67;1;0,7584;0,1508;;;;
EDPC;13,8;;;EDPC_67;1;0,9914;0,1508;;;;
EDPC;17,25;;;EDPC_67;1;1,2992;0,1508;;;;
EDPC;20,7;;;EDPC_67;1;1,5593;0,1508;;;;
EDPC;1,15;1;;EDPC_69;1;;;;;0,0714;0,093
EDPC;2,3;2;;EDPC_69;1;;;;;0,1058;0,0905
EDPC;3,45;3;;EDPC_69;1;0,2611;0,1508;;;0,1453;0,0889
EDPC;4,6;4;;EDPC_69;1;0,4168;0,1508;;;0,2093;0,0888
EDPC;5,75;;;EDPC_69;1;0,492;0,1508;;;;
EDPC;6,9;;;EDPC_69;1;0,5221;0,1508;;;;
EDPC;10,35;;;EDPC_69;1;0,7584;0,1508;;;;
EDPC;13,8;;;EDPC_69;1;0,9914;0,1508;;;;
EDPC;17,25;;;EDPC_69;1;1,2992;0,1508;;;;
EDPC;20,7;;;EDPC_69;1;1,5593;0,1508;;;;
EDPC;1,15;1;;EDPC_70;1;;;;;0,0714;0,093
EDPC;2,3;2;;EDPC_70;1;;;;;0,1058;0,0905
EDPC;3,45;3;;EDPC_70;1;0,2611;0,1508;;;0,1453;0,0889
EDPC;4,6;4;;EDPC_70;1;0,4168;0,1508;;;0,2093;0,0888
EDPC;5,75;;;EDPC_70;1;0,492;0,1508;;;;
EDPC;6,9;;;EDPC_70;1;0,5221;0,1508;;;;
EDPC;10,35;;;EDPC_70;1;0,7584;0,1508;;;;
EDPC;13,8;;;EDPC_70;1;0,9914;0,1508;;;;
EDPC;17,25;;;EDPC_70;1;1,2992;0,1508;;;;
EDPC;20,7;;;EDPC_70;1;1,5593;0,1508;;;;
EDPC;1,15;1;;EDPC_71;1;;;;;0,0714;0,093
EDPC;2,3;2;;EDPC_71;1;;;;;0,1058;0,0905
EDPC;3,45;3;;EDPC_71;1;0,2611;0,1508;;;0,1453;0,0889
EDPC;4,6;4;;EDPC_71;1;0,4168;0,1508;;;0,2093;0,0888
EDPC;5,75;;;EDPC_71;1;0,492;0,1508;;;;
EDPC;6,9;;;EDPC_71;1;0,5221;0,1508;;;;
EDPC;10,35;;;EDPC_71;1;0,7584;0,1508;;;;
EDPC;13,8;;;EDPC_71;1;0,9914;0,1508;;;;
EDPC;17,25;;;EDPC_71;1;1,2992;0,1508;;;;
EDPC;20,7;;;EDPC_71;1;1,5593;0,1508;;;;
EDPC;1,15;1;;EDPC_73;1;0,1367;0,1627;;;0,0737;0,0959
EDPC;2,3;2;;EDPC_73;1;0,2094;0,1627;;;0,1092;0,0934
EDPC;3,45;3;;EDPC_73;1;0,2843;0,1642;;;0,1498;0,0917
EDPC;4,6;4;;EDPC_73;1;0,4538;0,1642;;;0,2159;0,0916
EDPC;5,75;;;EDPC_73;1;0,5358;0,1642;;;;
EDPC;6,9;;;EDPC_73;1;0,5685;0,1642;;;;
EDPC;10,35;;;EDPC_73;1;0,8258;0,1642;;;;
EDPC;13,8;;;EDPC_73;1;1,0795;0,1642;;;;
EDPC;17,25;;;EDPC_73;1;1,4146;0,1642;;;;
EDPC;20,7;;;EDPC_73;1;1,6979;0,1642;;;;
EDPC;1,15;1;;EDPC_74;1;0,1367;0,1627;;;;
EDPC;2,3;2;;EDPC_74;1;0,2094;0,1627;;;;
EDPC;3,45;3;;EDPC_74;1;0,2727;0,1575;;;;
EDPC;4,6;4;;EDPC_74;1;0,4353;0,1575;;;;
EDPC;5,75;;;EDPC_74;1;0,5139;0,1575;;;;
EDPC;6,9;;;EDPC_74;1;0,5453;0,1575;;;;
EDPC;10,35;;;EDPC_74;1;0,7921;0,1575;;;;
EDPC;13,8;;;EDPC_74;1;1,0354;0,1575;;;;
EDPC;17,25;;;EDPC_74;1;1,3569;0,1575;;;;
EDPC;20,7;;;EDPC_74;1;1,6286;0,1575;;;;
EDPC;1,15;1;;EDPC_75;1;0,1367;0,1627;;;0,0722;0,094
EDPC;2,3;2;;EDPC_75;1;0,2094;0,1627;;;0,1069;0,0915
EDPC;3,45;3;;EDPC_75;1;0,2785;0,1608;;;0,1468;0,0899
EDPC;4,6;4;;EDPC_75;1;0,4446;0,1608;;;0,2115;0,0898
EDPC;5,75;;;EDPC_75;1;0,5248;0,1608;;;;
EDPC;6,9;;;EDPC_75;1;0,5569;0,1608;;;;
EDPC;10,35;;;EDPC_75;1;0,809;0,1608;;;;
EDPC;13,8;;;EDPC_75;1;1,0574;0,1608;;;;
EDPC;17,25;;;EDPC_75;1;1,3858;0,1608;;;;
EDPC;20,7;;;EDPC_75;1;1,6632;0,1608;;;;
EDPC;3,45;3;;EDPC_76;1;0,2901;0,1675;;;;
EDPC;4,6;4;;EDPC_76;1;0,4631;0,1675;;;;
EDPC;5,75;;;EDPC_76;1;0,5467;0,1675;;;;
EDPC;6,9;;;EDPC_76;1;0,5801;0,1675;;;;
EDPC;10,35;;;EDPC_76;1;0,8427;0,1675;;;;
EDPC;13,8;;;EDPC_76;1;1,1015;0,1675;;;;
EDPC;17,25;;;EDPC_76;1;1,4435;0,1675;;;;
EDPC;20,7;;;EDPC_76;1;1,7325;0,1675;;;;
EDPC;1,15;1;;EDPC_77;1;0,1367;0,1627;;;0,0707;0,092
EDPC;2,3;2;;EDPC_77;1;0,2094;0,1627;;;0,1047;0,0896
EDPC;3,45;3;;EDPC_77;1;0,2727;0,1575;;;0,1437;0,088
EDPC;4,6;4;;EDPC_77;1;0,4353;0,1575;;;0,2071;0,0879
EDPC;5,75;;;EDPC_77;1;0,5139;0,1575;;;;
EDPC;6,9;;;EDPC_77;1;0,5453;0,1575;;;;
EDPC;10,35;;;EDPC_77;1;0,7921;0,1575;;;;
EDPC;13,8;;;EDPC_77;1;1,0354;0,1575;;;;
EDPC;17,25;;;EDPC_77;1;1,3569;0,1575;;;;
EDPC;20,7;;;EDPC_77;1;1,6286;0,1575;;;;
EDPC;3,45;3;;EDPC_78;1;0,2611;0,1508;;;;
EDPC;4,6;4;;EDPC_78;1;0,4168;0,1508;;;;
EDPC;5,75;;;EDPC_78;1;0,492;0,1508;;;;
EDPC;6,9;;;EDPC_78;1;0,5221;0,1508;;;;
EDPC;10,35;;;EDPC_78;1;0,7584;0,1508;;;;
EDPC;13,8;;;EDPC_78;1;0,9914;0,1508;;;;
EDPC;17,25;;;EDPC_78;1;1,2992;0,1508;;;;
EDPC;20,7;;;EDPC_78;1;1,5593;0,1508;;;;
EDPC;3,45;3;;EDPC_79;1;0,2611;0,1508;;;;
EDPC;4,6;4;;EDPC_79;1;0,4168;0,1508;;;;
EDPC;5,75;;;EDPC_79;1;0,492;0,1508;;;;
EDPC;6,9;;;EDPC_79;1;0,5221;0,1508;;;;
EDPC;10,35;;;EDPC_79;1;0,7584;0,1508;;;;
EDPC;13,8;;;EDPC_79;1;0,9914;0,1508;;;;
EDPC;17,25;;;EDPC_79;1;1,2992;0,1508;;;;
EDPC;20,7;;;EDPC_79;1;1,5593;0,1508;;;;
EDPC;1,15;1;;EDPC_80;1;;;;;0,0714;0,093
EDPC;2,3;2;;EDPC_80;1;;;;;0,1058;0,0905
EDPC;3,45;3;;EDPC_80;1;;;;;0,1453;0,0889
EDPC;4,6;4;;EDPC_80;1;;;;;0,2093;0,0888
EDPC;1,15;1;;EDPC_81;1;;;;;0,0752;0,0979
EDPC;2,3;2;;EDPC_81;1;;;;;0,1114;0,0953
EDPC;3,45;3;;EDPC_81;1;0,2901;0,1675;;;0,1529;0,0936
EDPC;4,6;4;;EDPC_81;1;0,4631;0,1675;;;0,2203;0,0935
EDPC;5,75;;;EDPC_81;1;0,5467;0,1675;;;;
EDPC;6,9;;;EDPC_81;1;0,5801;0,1675;;;;
EDPC;10,35;;;EDPC_81;1;0,8427;0,1675;;;;
EDPC;13,8;;;EDPC_81;1;1,1015;0,1675;;;;
EDPC;17,25;;;EDPC_81;1;1,4435;0,1675;;;;
EDPC;20,7;;;EDPC_81;1;1,7325;0,1675;;;;
EDPC;1,15;1;;EDPC_82;1;;;;;0,0714;0,093
EDPC;2,3;2;;EDPC_82;1;;;;;0,1058;0,0905
EDPC;3,45;3;;EDPC_82;1;;;;;0,1453;0,0889
EDPC;4,6;4;;EDPC_82;1;;;;;0,2093;0,0888
EDPC;3,45;3;;EDPC_83;1;0,2611;0,1508;;;;
EDPC;4,6;4;;EDPC_83;1;0,4168;0,1508;;;;
EDPC;5,75;;;EDPC_83;1;0,492;0,1508;;;;
EDPC;6,9;;;EDPC_83;1;0,5221;0,1508;;;;
EDPC;10,35;;;EDPC_83;1;0,7584;0,1508;;;;
EDPC;13,8;;;EDPC_83;1;0,9914;0,1508;;;;
EDPC;17,25;;;EDPC_83;1;1,2992;0,1508;;;;
EDPC;20,7;;;EDPC_83;1;1,5593;0,1508;;;;
EDPC;1,15;1;;EDPC_84;1;;;;;0,0714;0,093
EDPC;2,3;2;;EDPC_84;1;;;;;0,1058;0,0905
EDPC;3,45;3;;EDPC_84;1;0,2611;0,1508;;;0,1453;0,0889
EDPC;4,6;4;;EDPC_84;1;0,4168;0,1508;;;0,2093;0,0888
EDPC;5,75;;;EDPC_84;1;0,492;0,1508;;;;
EDPC;6,9;;;EDPC_84;1;0,5221;0,1508;;;;
EDPC;10,35;;;EDPC_84;1;0,7584;0,1508;;;;
EDPC;13,8;;;EDPC_84;1;0,9914;0,1508;;;;
EDPC;17,25;;;EDPC_84;1;1,2992;0,1508;;;;
EDPC;20,7;;;EDPC_84;1;1,5593;0,1508;;;;
EDPC;1,15;1;;EDPC_85;1;;;;;0,0714;0,093
EDPC;2,3;2;;EDPC_85;1;;;;;0,1058;0,0905
EDPC;3,45;3;;EDPC_85;1;0,2611;0,1508;;;0,1453;0,0889
EDPC;4,6;4;;EDPC_85;1;0,4168;0,1508;;;0,2093;0,0888
EDPC;5,75;;;EDPC_85;1;0,492;0,1508;;;;
EDPC;6,9;;;EDPC_85;1;0,5221;0,1508;;;;
EDPC;10,35;;;EDPC_85;1;0,7584;0,1508;;;;
EDPC;13,8;;;EDPC_85;1;0,9914;0,1508;;;;
EDPC;17,25;;;EDPC_85;1;1,2992;0,1508;;;;
EDPC;20,7;;;EDPC_85;1;1,5593;0,1508;;;;
EDPC;3,45;3;;EDPC_86;1;0,2611;0,1508;;;;
EDPC;4,6;4;;EDPC_86;1;0,4168;0,1508;;;;
EDPC;5,75;;;EDPC_86;1;0,492;0,1508;;;;
EDPC;6,9;;;EDPC_86;1;0,5221;0,1508;;;;
EDPC;10,35;;;EDPC_86;1;0,7584;0,1508;;;;
EDPC;13,8;;;EDPC_86;1;0,9914;0,1508;;;;
EDPC;17,25;;;EDPC_86;1;1,2992;0,1508;;;;
EDPC;20,7;;;EDPC_86;1;1,5593;0,1508;;;;
EDPC;3,45;3;;EDPC_87;1;0,2611;0,1508;;;;
EDPC;4,6;4;;EDPC_87;1;0,4168;0,1508;;;;
EDPC;5,75;;;EDPC_87;1;0,492;0,1508;;;;
EDPC;6,9;;;EDPC_87;1;0,5221;0,1508;;;;
EDPC;10,35;;;EDPC_87;1;0,7584;0,1508;;;;
EDPC;13,8;;;EDPC_87;1;0,9914;0,1508;;;;
EDPC;17,25;;;EDPC_87;1;1,2992;0,1508;;;;
EDPC;20,7;;;EDPC_87;1;1,5593;0,1508;;;;
EDPC;3,45;3;;EDPC_88;1;0,2611;0,1508;;;;
EDPC;4,6;4;;EDPC_88;1;0,4168;0,1508;;;;
EDPC;5,75;;;EDPC_88;1;0,492;0,1508;;;;
EDPC;6,9;;;EDPC_88;1;0,5221;0,1508;;;;
EDPC;10,35;;;EDPC_88;1;0,7584;0,1508;;;;
EDPC;13,8;;;EDPC_88;1;0,9914;0,1508;;;;
EDPC;17,25;;;EDPC_88;1;1,2992;0,1508;;;;
EDPC;20,7;;;EDPC_88;1;1,5593;0,1508;;;;
EDPC;1,15;1;;EDPC_89;1;0,1367;0,1627;;;;
EDPC;2,3;2;;EDPC_89;1;0,2094;0,1627;;;;
EDPC;3,45;3;;EDPC_89;1;0,2901;0,1675;;;;
EDPC;4,6;4;;EDPC_89;1;0,4631;0,1675;;;;
EDPC;5,75;;;EDPC_89;1;0,5467;0,1675;;;;
EDPC;6,9;;;EDPC_89;1;0,5801;0,1675;;;;
EDPC;10,35;;;EDPC_89;1;0,8427;0,1675;;;;
EDPC;13,8;;;EDPC_89;1;1,1015;0,1675;;;;
EDPC;17,25;;;EDPC_89;1;1,4435;0,1675;;;;
EDPC;20,7;;;EDPC_89;1;1,7325;0,1675;;;;
EDPC;1,15;1;;EDPC_90;1;0,1367;0,1627;;;0,0752;0,0979
EDPC;2,3;2;;EDPC_90;1;0,2094;0,1627;;;0,1114;0,0953
EDPC;3,45;3;;EDPC_90;1;0,2466;0,1424;;;0,1529;0,0936
EDPC;4,6;4;;EDPC_90;1;0,3936;0,1424;;;0,2203;0,0935
EDPC;5,75;;;EDPC_90;1;0,4647;0,1424;;;;
EDPC;6,9;;;EDPC_90;1;0,4931;0,1424;;;;
EDPC;10,35;;;EDPC_90;1;0,7163;0,1424;;;;
EDPC;13,8;;;EDPC_90;1;0,9363;0,1424;;;;
EDPC;17,25;;;EDPC_90;1;1,227;0,1424;;;;
EDPC;20,7;;;EDPC_90;1;1,4726;0,1424;;;;
EDPC;1,15;1;;EDPC_91;1;0,1367;0,1627;;;0,0752;0,0979
EDPC;2,3;2;;EDPC_91;1;0,2094;0,1627;;;0,1114;0,0953
EDPC;3,45;3;;EDPC_91;1;0,2901;0,1675;;;0,1529;0,0936
EDPC;4,6;4;;EDPC_91;1;0,4631;0,1675;;;0,2203;0,0935
EDPC;5,75;;;EDPC_91;1;0,5467;0,1675;;;;
EDPC;6,9;;;EDPC_91;1;0,5801;0,1675;;;;
EDPC;10,35;;;EDPC_91;1;0,8427;0,1675;;;;
EDPC;13,8;;;EDPC_91;1;1,1015;0,1675;;;;
EDPC;17,25;;;EDPC_91;1;1,4435;0,1675;;;;
EDPC;20,7;;;EDPC_91;1;1,7325;0,1675;;;;
EDPC;1,15;1;;EDPC_92;1;0,1477;0,19521735;;;;
EDPC;2,3;2;;EDPC_92;1;0,2254;0,1965984;;;;
EDPC;3,45;3;;EDPC_92;1;0,2856;0,197540025;;;;
EDPC;4,6;4;;EDPC_92;1;0,3602;0,1976028;;;;
EDPC;5,75;;;EDPC_92;1;0,443;0,197665575;;;;
EDPC;6,9;;;EDPC_92;1;0,5161;0,197540025;;;;
EDPC;10,35;;;EDPC_92;1;0,7435;0,197540025;;;;
EDPC;13,8;;;EDPC_92;1;0,988;0,197540025;;;;
EDPC;17,25;;;EDPC_92;1;1,209;0,1886689875;;;;
EDPC;20,7;;;EDPC_92;1;1,449;0,188610475;;;;
EDPC;1,15;1;;EDPC_93;1;0,1477;0,19521735;;;0,049;0,1467
EDPC;2,3;2;;EDPC_93;1;0,2254;0,1965984;;;0,0803;0,1261
EDPC;3,45;3;;EDPC_93;1;0,2856;0,197540025;;;0,1133;0,1158
EDPC;4,6;4;;EDPC_93;1;0,3602;0,1976028;;;0,1593;0,1006
EDPC;5,75;;;EDPC_93;1;0,443;0,197665575;;;;
EDPC;6,9;;;EDPC_93;1;0,5161;0,197540025;;;;
EDPC;10,35;;;EDPC_93;1;0,7435;0,197540025;;;;
EDPC;13,8;;;EDPC_93;1;0,988;0,197540025;;;;
EDPC;17,25;;;EDPC_93;1;1,209;0,1886689875;;;;
EDPC;20,7;;;EDPC_93;1;1,449;0,188610475;;;;
EDPC;1,15;1;;EDPC_94;1;0,1367;0,1627;;;;
EDPC;2,3;2;;EDPC_94;1;0,2094;0,1627;;;;
EDPC;3,45;3;;EDPC_94;1;0,2466;0,1424;;;;
EDPC;4,6;4;;EDPC_94;1;0,3936;0,1424;;;;
EDPC;5,75;;;EDPC_94;1;0,4647;0,1424;;;;
EDPC;6,9;;;EDPC_94;1;0,4931;0,1424;;;;
EDPC;10,35;;;EDPC_94;1;0,7163;0,1424;;;;
EDPC;13,8;;;EDPC_94;1;0,9363;0,1424;;;;
EDPC;17,25;;;EDPC_94;1;1,227;0,1424;;;;
EDPC;20,7;;;EDPC_94;1;1,4726;0,1424;;;;
EDPC;3,45;;;EDPC_01;2;0,3107;0,1921;0,1161;;;
EDPC;4,6;;;EDPC_01;2;0,4005;0,1921;0,1161;;;
EDPC;5,75;;;EDPC_01;2;0,4736;0,1921;0,1161;;;
EDPC;6,9;;;EDPC_01;2;0,5396;0,1921;0,1161;;;
EDPC;10,35;;;EDPC_01;2;0,7736;0,1921;0,1161;;;
EDPC;13,8;;;EDPC_01;2;0,9381;0,1921;0,1161;;;
EDPC;17,25;;;EDPC_01;2;1,2174;0,1921;0,1161;;;
EDPC;20,7;;;EDPC_01;2;1,4911;0,1921;0,1161;;;
EDPC;3,45;;;EDPC_02;2;0,4439;0,1633;0,0987;;;
EDPC;4,6;;;EDPC_02;2;0,5721;0,1633;0,0987;;;
EDPC;5,75;;;EDPC_02;2;0,6765;0,1633;0,0987;;;
EDPC;6,9;;;EDPC_02;2;0,7708;0,1633;0,0987;;;
EDPC;10,35;;;EDPC_02;2;1,1052;0,1633;0,0987;;;
EDPC;13,8;;;EDPC_02;2;1,3402;0,1633;0,0987;;;
EDPC;17,25;;;EDPC_02;2;1,7391;0,1633;0,0987;;;
EDPC;20,7;;;EDPC_02;2;2,1302;0,1633;0,0987;;;
EDPC;3,45;;;EDPC_03;2;0,4395;0,1902;0,1149;;;
EDPC;4,6;;;EDPC_03;2;0,5664;0,1902;0,1149;;;
EDPC;5,75;;;EDPC_03;2;0,6697;0,1902;0,1149;;;
EDPC;6,9;;;EDPC_03;2;0,7631;0,1902;0,1149;;;
EDPC;10,35;;;EDPC_03;2;1,0941;0,1902;0,1149;;;
EDPC;13,8;;;EDPC_03;2;1,3268;0,1902;0,1149;;;
EDPC;17,25;;;EDPC_03;2;1,7217;0,1902;0,1149;;;
EDPC;20,7;;;EDPC_03;2;2,1089;0,1902;0,1149;;;
EDPC;3,45;;;EDPC_04;2;0,4261;0,1844;0,1115;;;
EDPC;4,6;;;EDPC_04;2;0,5492;0,1844;0,1115;;;
EDPC;5,75;;;EDPC_04;2;0,6494;0,1844;0,1115;;;
EDPC;6,9;;;EDPC_04;2;0,74;0,1844;0,1115;;;
EDPC;10,35;;;EDPC_04;2;1,061;0,1844;0,1115;;;
EDPC;13,8;;;EDPC_04;2;1,2866;0,1844;0,1115;;;
EDPC;17,25;;;EDPC_04;2;1,6695;0,1844;0,1115;;;
EDPC;20,7;;;EDPC_04;2;2,045;0,1844;0,1115;;;
EDPC;3,45;;;EDPC_05;2;0,435;0,1883;0,1138;;;
EDPC;4,6;;;EDPC_05;2;0,5607;0,1883;0,1138;;;
EDPC;5,75;;;EDPC_05;2;0,663;0,1883;0,1138;;;
EDPC;6,9;;;EDPC_05;2;0,7554;0,1883;0,1138;;;
EDPC;10,35;;;EDPC_05;2;1,0831;0,1883;0,1138;;;
EDPC;13,8;;;EDPC_05;2;1,3134;0,1883;0,1138;;;
EDPC;17,25;;;EDPC_05;2;1,7043;0,1883;0,1138;;;
EDPC;20,7;;;EDPC_05;2;2,0876;0,1883;0,1138;;;
EDPC;3,45;;;EDPC_06;2;0,3551;0,1537;0,0929;;;
EDPC;4,6;;;EDPC_06;2;0,4577;0,1537;0,0929;;;
EDPC;5,75;;;EDPC_06;2;0,5412;0,1537;0,0929;;;
EDPC;6,9;;;EDPC_06;2;0,6166;0,1537;0,0929;;;
EDPC;10,35;;;EDPC_06;2;0,8842;0,1537;0,0929;;;
EDPC;13,8;;;EDPC_06;2;1,0722;0,1537;0,0929;;;
EDPC;17,25;;;EDPC_06;2;1,3913;0,1537;0,0929;;;
EDPC;20,7;;;EDPC_06;2;1,7042;0,1537;0,0929;;;
EDPC;3,45;;;EDPC_07;2;0,435;0,1883;0,1045;;;
EDPC;4,6;;;EDPC_07;2;0,5607;0,1883;0,1045;;;
EDPC;5,75;;;EDPC_07;2;0,663;0,1883;0,1045;;;
EDPC;6,9;;;EDPC_07;2;0,7554;0,1883;0,1045;;;
EDPC;10,35;;;EDPC_07;2;1,0831;0,1883;0,1045;;;
EDPC;13,8;;;EDPC_07;2;1,3134;0,1883;0,1045;;;
EDPC;17,25;;;EDPC_07;2;1,7043;0,1883;0,1045;;;
EDPC;20,7;;;EDPC_07;2;2,0876;0,1883;0,1045;;;
EDPC;3,45;;;EDPC_09;2;0,435;0,1883;0,0929;;;
EDPC;4,6;;;EDPC_09;2;0,5607;0,1883;0,0929;;;
EDPC;5,75;;;EDPC_09;2;0,663;0,1883;0,0929;;;
EDPC;6,9;;;EDPC_09;2;0,7554;0,1883;0,0929;;;
EDPC;10,35;;;EDPC_09;2;1,0831;0,1883;0,0929;;;
EDPC;13,8;;;EDPC_09;2;1,3134;0,1883;0,0929;;;
EDPC;17,25;;;EDPC_09;2;1,7043;0,1883;0,0929;;;
EDPC;20,7;;;EDPC_09;2;2,0876;0,1883;0,0929;;;
EDPC;3,45;;;EDPC_10;2;0,4395;0,1902;0,1149;;;
EDPC;4,6;;;EDPC_10;2;0,5664;0,1902;0,1149;;;
EDPC;5,75;;;EDPC_10;2;0,6697;0,1902;0,1149;;;
EDPC;6,9;;;EDPC_10;2;0,7631;0,1902;0,1149;;;
EDPC;10,35;;;EDPC_10;2;1,0941;0,1902;0,1149;;;
EDPC;13,8;;;EDPC_10;2;1,3268;0,1902;0,1149;;;
EDPC;17,25;;;EDPC_10;2;1,7217;0,1902;0,1149;;;
EDPC;20,7;;;EDPC_10;2;2,1089;0,1902;0,1149;;;
EDPC;3,45;;;EDPC_100;2;0,317492;0,208383358;0,129502765;;;
EDPC;4,6;;;EDPC_100;2;0,399464;0,208498864;0,129560518;;;
EDPC;5,75;;;EDPC_100;2;0,471408;0,208498864;0,129560518;;;
EDPC;6,9;;;EDPC_100;2;0,545284;0,208441111;0,129560518;;;
EDPC;10,35;;;EDPC_100;2;0,748236;0,208441111;0,129560518;;;
EDPC;13,8;;;EDPC_100;2;0,96738;0,208152346;0,129040741;;;
EDPC;17,25;;;EDPC_100;2;1,175668;0,1993649775;0,121693989;;;
EDPC;20,7;;;EDPC_100;2;1,415512;0,1993649775;0,121693989;;;
EDPC;3,45;;;EDPC_101;2;0,338198;0,1834679565;0,11401873875;;;
EDPC;4,6;;;EDPC_101;2;0,425516;0,183569652;0,1140695865;;;
EDPC;5,75;;;EDPC_101;2;0,502152;0,183569652;0,1140695865;;;
EDPC;6,9;;;EDPC_101;2;0,580846;0,18351880425;0,1140695865;;;
EDPC;10,35;;;EDPC_101;2;0,797034;0,18351880425;0,1140695865;;;
EDPC;13,8;;;EDPC_101;2;1,03047;0,1832645655;0,11361195675;;;
EDPC;17,25;;;EDPC_101;2;1,252342;0,175527860625;0,10714362075;;;
EDPC;20,7;;;EDPC_101;2;1,507828;0,175527860625;0,10714362075;;;
EDPC;3,45;;;EDPC_102;2;0,317492;0,1698777375;0,10557290625;;;
EDPC;4,6;;;EDPC_102;2;0,399464;0,1699719;0,1056199875;;;
EDPC;5,75;;;EDPC_102;2;0,471408;0,1699719;0,1056199875;;;
EDPC;6,9;;;EDPC_102;2;0,545284;0,16992481875;0,1056199875;;;
EDPC;10,35;;;EDPC_102;2;0,748236;0,16992481875;0,1056199875;;;
EDPC;13,8;;;EDPC_102;2;0,96738;0,1696894125;0,10519625625;;;
EDPC;17,25;;;EDPC_102;2;1,175668;0,162525796875;0,09920705625;;;
EDPC;20,7;;;EDPC_102;2;1,415512;0,162525796875;0,09920705625;;;
EDPC;3,45;;;EDPC_103;2;0,324394;0,1744078105;0,10838818375;;;
EDPC;4,6;;;EDPC_103;2;0,408148;0,174504484;0,1084365205;;;
EDPC;5,75;;;EDPC_103;2;0,481656;0,174504484;0,1084365205;;;
EDPC;6,9;;;EDPC_103;2;0,557138;0,17445614725;0,1084365205;;;
EDPC;10,35;;;EDPC_103;2;0,764502;0,17445614725;0,1084365205;;;
EDPC;13,8;;;EDPC_103;2;0,98841;0,1742144635;0,10800148975;;;
EDPC;17,25;;;EDPC_103;2;1,201226;0,166859818125;0,10185257775;;;
EDPC;20,7;;;EDPC_103;2;1,446284;0,166859818125;0,10185257775;;;
EDPC;3,45;;;EDPC_104;2;0,324394;0,212913431;0,1323180425;;;
EDPC;4,6;;;EDPC_104;2;0,408148;0,213031448;0,132377051;;;
EDPC;5,75;;;EDPC_104;2;0,481656;0,213031448;0,132377051;;;
EDPC;6,9;;;EDPC_104;2;0,557138;0,2129724395;0,132377051;;;
EDPC;10,35;;;EDPC_104;2;0,764502;0,2129724395;0,132377051;;;
EDPC;13,8;;;EDPC_104;2;0,98841;0,212677397;0,1318459745;;;
EDPC;17,25;;;EDPC_104;2;1,201226;0,20369899875;0,1243395105;;;
EDPC;20,7;;;EDPC_104;2;1,446284;0,20369899875;0,1243395105;;;
EDPC;3,45;;;EDPC_105;2;0,338198;0,221973577;0,1379485975;;;
EDPC;4,6;;;EDPC_105;2;0,425516;0,222096616;0,138010117;;;
EDPC;5,75;;;EDPC_105;2;0,502152;0,222096616;0,138010117;;;
EDPC;6,9;;;EDPC_105;2;0,580846;0,2220350965;0,138010117;;;
EDPC;10,35;;;EDPC_105;2;0,797034;0,2220350965;0,138010117;;;
EDPC;13,8;;;EDPC_105;2;1,03047;0,221727499;0,1374564415;;;
EDPC;17,25;;;EDPC_105;2;1,252342;0,21236704125;0,1296305535;;;
EDPC;20,7;;;EDPC_105;2;1,507828;0,21236704125;0,1296305535;;;
EDPC;3,45;;;EDPC_106;2;0,3451;0,1427;0,0887;;;
EDPC;4,6;;;EDPC_106;2;0,4342;0,1428;0,0887;;;
EDPC;5,75;;;EDPC_106;2;0,5124;0,1428;0,0887;;;
EDPC;6,9;;;EDPC_106;2;0,5927;0,1427;0,0887;;;
EDPC;10,35;;;EDPC_106;2;0,8133;0,1427;0,0887;;;
EDPC;13,8;;;EDPC_106;2;1,0515;0,1425;0,0884;;;
EDPC;17,25;;;EDPC_106;2;1,2779;0,1365;0,0833;;;
EDPC;20,7;;;EDPC_106;2;1,5386;0,1365;0,0833;;;
EDPC;3,45;;;EDPC_107;2;0,3451;0,1879980295;0,11683401625;;;
EDPC;4,6;;;EDPC_107;2;0,4342;0,188102236;0,1168861195;;;
EDPC;5,75;;;EDPC_107;2;0,5124;0,188102236;0,1168861195;;;
EDPC;6,9;;;EDPC_107;2;0,5927;0,18805013275;0,1168861195;;;
EDPC;10,35;;;EDPC_107;2;0,8133;0,18805013275;0,1168861195;;;
EDPC;13,8;;;EDPC_107;2;1,0515;0,1877896165;0,11641719025;;;
EDPC;17,25;;;EDPC_107;2;1,2779;0,179861881875;0,10978914225;;;
EDPC;20,7;;;EDPC_107;2;1,5386;0,179861881875;0,10978914225;;;
EDPC;3,45;;;EDPC_108;2;0;0;0;;;
EDPC;4,6;;;EDPC_108;2;0;0;0;;;
EDPC;5,75;;;EDPC_108;2;0;0;0;;;
EDPC;6,9;;;EDPC_108;2;0;0;0;;;
EDPC;10,35;;;EDPC_108;2;0;0;0;;;
EDPC;13,8;;;EDPC_108;2;0;0;0;;;
EDPC;17,25;;;EDPC_108;2;0;0;0;;;
EDPC;20,7;;;EDPC_108;2;0;0;0;;;
EDPC;3,45;;;EDPC_109;2;0,3451;0,1879980295;0,11683401625;;;
EDPC;4,6;;;EDPC_109;2;0,4342;0,188102236;0,1168861195;;;
EDPC;5,75;;;EDPC_109;2;0,5124;0,188102236;0,1168861195;;;
EDPC;6,9;;;EDPC_109;2;0,5927;0,18805013275;0,1168861195;;;
EDPC;10,35;;;EDPC_109;2;0,8133;0,18805013275;0,1168861195;;;
EDPC;13,8;;;EDPC_109;2;1,0515;0,1877896165;0,11641719025;;;
EDPC;17,25;;;EDPC_109;2;1,2779;0,179861881875;0,10978914225;;;
EDPC;20,7;;;EDPC_109;2;1,5386;0,179861881875;0,10978914225;;;
EDPC;3,45;;;EDPC_11;2;0,4439;0,1921;0,1161;;;
EDPC;4,6;;;EDPC_11;2;0,5721;0,1921;0,1161;;;
EDPC;5,75;;;EDPC_11;2;0,6765;0,1921;0,1161;;;
EDPC;6,9;;;EDPC_11;2;0,7708;0,1921;0,1161;;;
EDPC;10,35;;;EDPC_11;2;1,1052;0,1921;0,1161;;;
EDPC;13,8;;;EDPC_11;2;1,3402;0,1921;0,1161;;;
EDPC;17,25;;;EDPC_11;2;1,7391;0,1921;0,1161;;;
EDPC;20,7;;;EDPC_11;2;2,1302;0,1921;0,1161;;;
EDPC;3,45;;;EDPC_110;2;0,341649;0,2242386135;0,13935623625;;;
EDPC;4,6;;;EDPC_110;2;0,429858;0,224362908;0,1394183835;;;
EDPC;5,75;;;EDPC_110;2;0,507276;0,224362908;0,1394183835;;;
EDPC;6,9;;;EDPC_110;2;0,586773;0,22430076075;0,1394183835;;;
EDPC;10,35;;;EDPC_110;2;0,805167;0,22430076075;0,1394183835;;;
EDPC;13,8;;;EDPC_110;2;1,040985;0,2239900245;0,13885905825;;;
EDPC;17,25;;;EDPC_110;2;1,265121;0,214534051875;0,13095331425;;;
EDPC;20,7;;;EDPC_110;2;1,523214;0,214534051875;0,13095331425;;;
EDPC;3,45;;;EDPC_12;2;0,4173;0,1806;0,1091;;;
EDPC;4,6;;;EDPC_12;2;0,5378;0,1806;0,1091;;;
EDPC;5,75;;;EDPC_12;2;0,6359;0,1806;0,1091;;;
EDPC;6,9;;;EDPC_12;2;0,7246;0,1806;0,1091;;;
EDPC;10,35;;;EDPC_12;2;1,0389;0,1806;0,1091;;;
EDPC;13,8;;;EDPC_12;2;1,2598;0,1806;0,1091;;;
EDPC;17,25;;;EDPC_12;2;1,6348;0,1806;0,1091;;;
EDPC;20,7;;;EDPC_12;2;2,0024;0,1806;0,1091;;;
EDPC;3,45;;;EDPC_13;2;0,4261;0,1844;0,1115;;;
EDPC;4,6;;;EDPC_13;2;0,5492;0,1844;0,1115;;;
EDPC;5,75;;;EDPC_13;2;0,6494;0,1844;0,1115;;;
EDPC;6,9;;;EDPC_13;2;0,74;0,1844;0,1115;;;
EDPC;10,35;;;EDPC_13;2;1,061;0,1844;0,1115;;;
EDPC;13,8;;;EDPC_13;2;1,2866;0,1844;0,1115;;;
EDPC;17,25;;;EDPC_13;2;1,6695;0,1844;0,1115;;;
EDPC;20,7;;;EDPC_13;2;2,045;0,1844;0,1115;;;
EDPC;3,45;;;EDPC_133;2;0;0;0;;;
EDPC;4,6;;;EDPC_133;2;0;0;0;;;
EDPC;5,75;;;EDPC_133;2;0;0;0;;;
EDPC;6,9;;;EDPC_133;2;0;0;0;;;
EDPC;10,35;;;EDPC_133;2;0;0;0;;;
EDPC;13,8;;;EDPC_133;2;0;0;0;;;
EDPC;17,25;;;EDPC_133;2;0;0;0;;;
EDPC;20,7;;;EDPC_133;2;0;0;0;;;
EDPC;3,45;;;EDPC_134;2;0,324394;0,129105;0,080256;;;
EDPC;4,6;;;EDPC_134;2;0,408148;0,129162;0,080256;;;
EDPC;5,75;;;EDPC_134;2;0,481656;0,129162;0,080256;;;
EDPC;6,9;;;EDPC_134;2;0,557138;0,129162;0,080256;;;
EDPC;10,35;;;EDPC_134;2;0,764502;0,129162;0,080256;;;
EDPC;13,8;;;EDPC_134;2;0,98841;0,128991;0,079971;;;
EDPC;17,25;;;EDPC_134;2;1,201226;0,123519;0,075411;;;
EDPC;20,7;;;EDPC_134;2;1,446284;0,123519;0,075411;;;
EDPC;3,45;;;EDPC_135;2;0,324394;0,174405;0,108416;;;
EDPC;4,6;;;EDPC_135;2;0,408148;0,174482;0,108416;;;
EDPC;5,75;;;EDPC_135;2;0,481656;0,174482;0,108416;;;
EDPC;6,9;;;EDPC_135;2;0,557138;0,174482;0,108416;;;
EDPC;10,35;;;EDPC_135;2;0,764502;0,174482;0,108416;;;
EDPC;13,8;;;EDPC_135;2;0,98841;0,174251;0,108031;;;
EDPC;17,25;;;EDPC_135;2;1,201226;0,166859;0,101871;;;
EDPC;20,7;;;EDPC_135;2;1,446284;0,166859;0,101871;;;
EDPC;3,45;;;EDPC_136;2;0,3995;0,1729;0,1045;;;
EDPC;4,6;;;EDPC_136;2;0,5149;0,1729;0,1045;;;
EDPC;5,75;;;EDPC_136;2;0,6089;0,1729;0,1045;;;
EDPC;6,9;;;EDPC_136;2;0,6937;0,1729;0,1045;;;
EDPC;10,35;;;EDPC_136;2;0,9947;0,1729;0,1045;;;
EDPC;13,8;;;EDPC_136;2;1,2062;0,1729;0,1045;;;
EDPC;17,25;;;EDPC_136;2;1,5652;0,1729;0,1045;;;
EDPC;20,7;;;EDPC_136;2;1,9172;0,1729;0,1045;;;
EDPC;3,45;;;EDPC_138;2;0,324394;0,1744078105;0,10838818375;;;
EDPC;4,6;;;EDPC_138;2;0,408148;0,174504484;0,1084365205;;;
EDPC;5,75;;;EDPC_138;2;0,481656;0,174504484;0,1084365205;;;
EDPC;6,9;;;EDPC_138;2;0,557138;0,17445614725;0,1084365205;;;
EDPC;10,35;;;EDPC_138;2;0,764502;0,17445614725;0,1084365205;;;
EDPC;13,8;;;EDPC_138;2;0,98841;0,1742144635;0,10800148975;;;
EDPC;17,25;;;EDPC_138;2;1,201226;0,166859818125;0,10185257775;;;
EDPC;20,7;;;EDPC_138;2;1,446284;0,166859818125;0,10185257775;;;
EDPC;3,45;;;EDPC_139;2;0,317492;0,1698777375;0,10557290625;;;
EDPC;4,6;;;EDPC_139;2;0,399464;0,1699719;0,1056199875;;;
EDPC;5,75;;;EDPC_139;2;0,471408;0,1699719;0,1056199875;;;
EDPC;6,9;;;EDPC_139;2;0,545284;0,16992481875;0,1056199875;;;
EDPC;10,35;;;EDPC_139;2;0,748236;0,16992481875;0,1056199875;;;
EDPC;13,8;;;EDPC_139;2;0,96738;0,1696894125;0,10519625625;;;
EDPC;17,25;;;EDPC_139;2;1,175668;0,162525796875;0,09920705625;;;
EDPC;20,7;;;EDPC_139;2;1,415512;0,162525796875;0,09920705625;;;
EDPC;3,45;;;EDPC_14;2;0,4084;0,1767;0,1068;;;
EDPC;4,6;;;EDPC_14;2;0,5263;0,1767;0,1068;;;
EDPC;5,75;;;EDPC_14;2;0,6224;0,1767;0,1068;;;
EDPC;6,9;;;EDPC_14;2;0,7091;0,1767;0,1068;;;
EDPC;10,35;;;EDPC_14;2;1,0168;0,1767;0,1068;;;
EDPC;13,8;;;EDPC_14;2;1,233;0,1767;0,1068;;;
EDPC;17,25;;;EDPC_14;2;1,6;0,1767;0,1068;;;
EDPC;20,7;;;EDPC_14;2;1,9598;0,1767;0,1068;;;
EDPC;3,45;;;EDPC_140;2;0,338198;0,183465;0,114048;;;
EDPC;4,6;;;EDPC_140;2;0,425516;0,183546;0,114048;;;
EDPC;5,75;;;EDPC_140;2;0,502152;0,183546;0,114048;;;
EDPC;6,9;;;EDPC_140;2;0,580846;0,183546;0,114048;;;
EDPC;10,35;;;EDPC_140;2;0,797034;0,183546;0,114048;;;
EDPC;13,8;;;EDPC_140;2;1,03047;0,183303;0,113643;;;
EDPC;17,25;;;EDPC_140;2;1,252342;0,175527;0,107163;;;
EDPC;20,7;;;EDPC_140;2;1,507828;0,175527;0,107163;;;
EDPC;3,45;;;EDPC_141;2;0,317492;0,124575;0,07744;;;
EDPC;4,6;;;EDPC_141;2;0,399464;0,12463;0,07744;;;
EDPC;5,75;;;EDPC_141;2;0,471408;0,12463;0,07744;;;
EDPC;6,9;;;EDPC_141;2;0,545284;0,12463;0,07744;;;
EDPC;10,35;;;EDPC_141;2;0,748236;0,12463;0,07744;;;
EDPC;13,8;;;EDPC_141;2;0,96738;0,124465;0,077165;;;
EDPC;17,25;;;EDPC_141;2;1,175668;0,119185;0,072765;;;
EDPC;20,7;;;EDPC_141;2;1,415512;0,119185;0,072765;;;
EDPC;3,45;;;EDPC_142;2;0,317492;0,169875;0,1056;;;
EDPC;4,6;;;EDPC_142;2;0,399464;0,16995;0,1056;;;
EDPC;5,75;;;EDPC_142;2;0,471408;0,16995;0,1056;;;
EDPC;6,9;;;EDPC_142;2;0,545284;0,16995;0,1056;;;
EDPC;10,35;;;EDPC_142;2;0,748236;0,16995;0,1056;;;
EDPC;13,8;;;EDPC_142;2;0,96738;0,169725;0,105225;;;
EDPC;17,25;;;EDPC_142;2;1,175668;0,162525;0,099225;;;
EDPC;20,7;;;EDPC_142;2;1,415512;0,162525;0,099225;;;
EDPC;3,45;;;EDPC_143;2;0;0;0;;;
EDPC;4,6;;;EDPC_143;2;0;0;0;;;
EDPC;5,75;;;EDPC_143;2;0;0;0;;;
EDPC;6,9;;;EDPC_143;2;0;0;0;;;
EDPC;10,35;;;EDPC_143;2;0;0;0;;;
EDPC;13,8;;;EDPC_143;2;0;0;0;;;
EDPC;17,25;;;EDPC_143;2;0;0;0;;;
EDPC;20,7;;;EDPC_143;2;0;0;0;;;
EDPC;3,45;;;EDPC_144;2;0,4217;0,1825;0,1103;;;
EDPC;4,6;;;EDPC_144;2;0,5435;0,1825;0,1103;;;
EDPC;5,75;;;EDPC_144;2;0,6427;0,1825;0,1103;;;
EDPC;6,9;;;EDPC_144;2;0,7323;0,1825;0,1103;;;
EDPC;10,35;;;EDPC_144;2;1,0499;0,1825;0,1103;;;
EDPC;13,8;;;EDPC_144;2;1,2732;0,1825;0,1103;;;
EDPC;17,25;;;EDPC_144;2;1,6521;0,1825;0,1103;;;
EDPC;20,7;;;EDPC_144;2;2,0237;0,1825;0,1103;;;
EDPC;3,45;;;EDPC_145;2;0,435;0,1883;0,0929;;;
EDPC;4,6;;;EDPC_145;2;0,5607;0,1883;0,0929;;;
EDPC;5,75;;;EDPC_145;2;0,663;0,1883;0,0929;;;
EDPC;6,9;;;EDPC_145;2;0,7554;0,1883;0,0929;;;
EDPC;10,35;;;EDPC_145;2;1,0831;0,1883;0,0929;;;
EDPC;13,8;;;EDPC_145;2;1,3134;0,1883;0,0929;;;
EDPC;17,25;;;EDPC_145;2;1,7043;0,1883;0,0929;;;
EDPC;20,7;;;EDPC_145;2;2,0876;0,1883;0,0929;;;
EDPC;3,45;;;EDPC_146;2;0,4217;0,1825;0,1103;;;
EDPC;4,6;;;EDPC_146;2;0,5435;0,1825;0,1103;;;
EDPC;5,75;;;EDPC_146;2;0,6427;0,1825;0,1103;;;
EDPC;6,9;;;EDPC_146;2;0,7323;0,1825;0,1103;;;
EDPC;10,35;;;EDPC_146;2;1,0499;0,1825;0,1103;;;
EDPC;13,8;;;EDPC_146;2;1,2732;0,1825;0,1103;;;
EDPC;17,25;;;EDPC_146;2;1,6521;0,1825;0,1103;;;
EDPC;20,7;;;EDPC_146;2;2,0237;0,1825;0,1103;;;
EDPC;3,45;;;EDPC_147;2;0,3995;0,1729;0,1045;;;
EDPC;4,6;;;EDPC_147;2;0,5149;0,1729;0,1045;;;
EDPC;5,75;;;EDPC_147;2;0,6089;0,1729;0,1045;;;
EDPC;6,9;;;EDPC_147;2;0,6937;0,1729;0,1045;;;
EDPC;10,35;;;EDPC_147;2;0,9947;0,1729;0,1045;;;
EDPC;13,8;;;EDPC_147;2;1,2062;0,1729;0,1045;;;
EDPC;17,25;;;EDPC_147;2;1,5652;0,1729;0,1045;;;
EDPC;20,7;;;EDPC_147;2;1,9172;0,1729;0,1045;;;
EDPC;3,45;;;EDPC_148;2;0,4217;0,1825;0,1103;;;
EDPC;4,6;;;EDPC_148;2;0,5435;0,1825;0,1103;;;
EDPC;5,75;;;EDPC_148;2;0,6427;0,1825;0,1103;;;
EDPC;6,9;;;EDPC_148;2;0,7323;0,1825;0,1103;;;
EDPC;10,35;;;EDPC_148;2;1,0499;0,1825;0,1103;;;
EDPC;13,8;;;EDPC_148;2;1,2732;0,1825;0,1103;;;
EDPC;17,25;;;EDPC_148;2;1,6521;0,1825;0,1103;;;
EDPC;20,7;;;EDPC_148;2;2,0237;0,1825;0,1103;;;
EDPC;3,45;;;EDPC_149;2;0,435;0,1883;0,1045;;;
EDPC;4,6;;;EDPC_149;2;0,5607;0,1883;0,1045;;;
EDPC;5,75;;;EDPC_149;2;0,663;0,1883;0,1045;;;
EDPC;6,9;;;EDPC_149;2;0,7554;0,1883;0,1045;;;
EDPC;10,35;;;EDPC_149;2;1,0831;0,1883;0,1045;;;
EDPC;13,8;;;EDPC_149;2;1,3134;0,1883;0,1045;;;
EDPC;17,25;;;EDPC_149;2;1,7043;0,1883;0,1045;;;
EDPC;20,7;;;EDPC_149;2;2,0876;0,1883;0,1045;;;
EDPC;3,45;;;EDPC_15;2;0,4261;0,1844;0,1115;;;
EDPC;4,6;;;EDPC_15;2;0,5492;0,1844;0,1115;;;
EDPC;5,75;;;EDPC_15;2;0,6494;0,1844;0,1115;;;
EDPC;6,9;;;EDPC_15;2;0,74;0,1844;0,1115;;;
EDPC;10,35;;;EDPC_15;2;1,061;0,1844;0,1115;;;
EDPC;13,8;;;EDPC_15;2;1,2866;0,1844;0,1115;;;
EDPC;17,25;;;EDPC_15;2;1,6695;0,1844;0,1115;;;
EDPC;20,7;;;EDPC_15;2;2,045;0,1844;0,1115;;;
EDPC;3,45;;;EDPC_150;2;0,4395;0,1902;0,1149;;;
EDPC;4,6;;;EDPC_150;2;0,5664;0,1902;0,1149;;;
EDPC;5,75;;;EDPC_150;2;0,6697;0,1902;0,1149;;;
EDPC;6,9;;;EDPC_150;2;0,7631;0,1902;0,1149;;;
EDPC;10,35;;;EDPC_150;2;1,0941;0,1902;0,1149;;;
EDPC;13,8;;;EDPC_150;2;1,3268;0,1902;0,1149;;;
EDPC;17,25;;;EDPC_150;2;1,7217;0,1902;0,1149;;;
EDPC;20,7;;;EDPC_150;2;2,1089;0,1902;0,1149;;;
EDPC;3,45;;;EDPC_151;2;0,4439;0,1921;0,1161;;;
EDPC;4,6;;;EDPC_151;2;0,5721;0,1921;0,1161;;;
EDPC;5,75;;;EDPC_151;2;0,6765;0,1921;0,1161;;;
EDPC;6,9;;;EDPC_151;2;0,7708;0,1921;0,1161;;;
EDPC;10,35;;;EDPC_151;2;1,1052;0,1921;0,1161;;;
EDPC;13,8;;;EDPC_151;2;1,3402;0,1921;0,1161;;;
EDPC;17,25;;;EDPC_151;2;1,7391;0,1921;0,1161;;;
EDPC;20,7;;;EDPC_151;2;2,1302;0,1921;0,1161;;;
EDPC;3,45;;;EDPC_152;2;0,3551;0,1537;0,0929;;;
EDPC;4,6;;;EDPC_152;2;0,4577;0,1537;0,0929;;;
EDPC;5,75;;;EDPC_152;2;0,5412;0,1537;0,0929;;;
EDPC;6,9;;;EDPC_152;2;0,6166;0,1537;0,0929;;;
EDPC;10,35;;;EDPC_152;2;0,8842;0,1537;0,0929;;;
EDPC;13,8;;;EDPC_152;2;1,0722;0,1537;0,0929;;;
EDPC;17,25;;;EDPC_152;2;1,3913;0,1537;0,0929;;;
EDPC;20,7;;;EDPC_152;2;1,7042;0,1537;0,0929;;;
EDPC;3,45;;;EDPC_153;2;0,3107;0,1921;0,1161;;;
EDPC;4,6;;;EDPC_153;2;0,4005;0,1921;0,1161;;;
EDPC;5,75;;;EDPC_153;2;0,4736;0,1921;0,1161;;;
EDPC;6,9;;;EDPC_153;2;0,5396;0,1921;0,1161;;;
EDPC;10,35;;;EDPC_153;2;0,7736;0,1921;0,1161;;;
EDPC;13,8;;;EDPC_153;2;0,9381;0,1921;0,1161;;;
EDPC;17,25;;;EDPC_153;2;1,2174;0,1921;0,1161;;;
EDPC;20,7;;;EDPC_153;2;1,4911;0,1921;0,1161;;;
EDPC;3,45;;;EDPC_154;2;0,4439;0,1633;0,0987;;;
EDPC;4,6;;;EDPC_154;2;0,5721;0,1633;0,0987;;;
EDPC;5,75;;;EDPC_154;2;0,6765;0,1633;0,0987;;;
EDPC;6,9;;;EDPC_154;2;0,7708;0,1633;0,0987;;;
EDPC;10,35;;;EDPC_154;2;1,1052;0,1633;0,0987;;;
EDPC;13,8;;;EDPC_154;2;1,3402;0,1633;0,0987;;;
EDPC;17,25;;;EDPC_154;2;1,7391;0,1633;0,0987;;;
EDPC;20,7;;;EDPC_154;2;2,1302;0,1633;0,0987;;;
EDPC;3,45;;;EDPC_155;2;0;0;0;;;
EDPC;4,6;;;EDPC_155;2;0;0;0;;;
EDPC;5,75;;;EDPC_155;2;0;0;0;;;
EDPC;6,9;;;EDPC_155;2;0;0;0;;;
EDPC;10,35;;;EDPC_155;2;0;0;0;;;
EDPC;13,8;;;EDPC_155;2;0;0;0;;;
EDPC;17,25;;;EDPC_155;2;0;0;0;;;
EDPC;20,7;;;EDPC_155;2;0;0;0;;;
EDPC;3,45;;;EDPC_156;2;0,317492;0,124575;0,07744;;;
EDPC;4,6;;;EDPC_156;2;0,399464;0,12463;0,07744;;;
EDPC;5,75;;;EDPC_156;2;0,471408;0,12463;0,07744;;;
EDPC;6,9;;;EDPC_156;2;0,545284;0,12463;0,07744;;;
EDPC;10,35;;;EDPC_156;2;0,748236;0,12463;0,07744;;;
EDPC;13,8;;;EDPC_156;2;0,96738;0,124465;0,077165;;;
EDPC;17,25;;;EDPC_156;2;1,175668;0,119185;0,072765;;;
EDPC;20,7;;;EDPC_156;2;1,415512;0,119185;0,072765;;;
EDPC;3,45;;;EDPC_157;2;0,317492;0,169875;0,1056;;;
EDPC;4,6;;;EDPC_157;2;0,399464;0,16995;0,1056;;;
EDPC;5,75;;;EDPC_157;2;0,471408;0,16995;0,1056;;;
EDPC;6,9;;;EDPC_157;2;0,545284;0,16995;0,1056;;;
EDPC;10,35;;;EDPC_157;2;0,748236;0,16995;0,1056;;;
EDPC;13,8;;;EDPC_157;2;0,96738;0,169725;0,105225;;;
EDPC;17,25;;;EDPC_157;2;1,175668;0,162525;0,099225;;;
EDPC;20,7;;;EDPC_157;2;1,415512;0,162525;0,099225;;;
EDPC;3,45;;;EDPC_158;2;0,324394;0,129105;0,080256;;;
EDPC;4,6;;;EDPC_158;2;0,408148;0,129162;0,080256;;;
EDPC;5,75;;;EDPC_158;2;0,481656;0,129162;0,080256;;;
EDPC;6,9;;;EDPC_158;2;0,557138;0,129162;0,080256;;;
EDPC;10,35;;;EDPC_158;2;0,764502;0,129162;0,080256;;;
EDPC;13,8;;;EDPC_158;2;0,98841;0,128991;0,079971;;;
EDPC;17,25;;;EDPC_158;2;1,201226;0,123519;0,075411;;;
EDPC;20,7;;;EDPC_158;2;1,446284;0,123519;0,075411;;;
EDPC;3,45;;;EDPC_159;2;0,324394;0,1744078105;0,10838818375;;;
EDPC;4,6;;;EDPC_159;2;0,408148;0,174504484;0,1084365205;;;
EDPC;5,75;;;EDPC_159;2;0,481656;0,174504484;0,1084365205;;;
EDPC;6,9;;;EDPC_159;2;0,557138;0,17445614725;0,1084365205;;;
EDPC;10,35;;;EDPC_159;2;0,764502;0,17445614725;0,1084365205;;;
EDPC;13,8;;;EDPC_159;2;0,98841;0,1742144635;0,10800148975;;;
EDPC;17,25;;;EDPC_159;2;1,201226;0,166859818125;0,10185257775;;;
EDPC;20,7;;;EDPC_159;2;1,446284;0,166859818125;0,10185257775;;;
EDPC;3,45;;;EDPC_16;2;0,435;0,1883;0,1138;;;
EDPC;4,6;;;EDPC_16;2;0,5607;0,1883;0,1138;;;
EDPC;5,75;;;EDPC_16;2;0,663;0,1883;0,1138;;;
EDPC;6,9;;;EDPC_16;2;0,7554;0,1883;0,1138;;;
EDPC;10,35;;;EDPC_16;2;1,0831;0,1883;0,1138;;;
EDPC;13,8;;;EDPC_16;2;1,3134;0,1883;0,1138;;;
EDPC;17,25;;;EDPC_16;2;1,7043;0,1883;0,1138;;;
EDPC;20,7;;;EDPC_16;2;2,0876;0,1883;0,1138;;;
EDPC;3,45;;;EDPC_160;2;0,317492;0,1698777375;0,10557290625;;;
EDPC;4,6;;;EDPC_160;2;0,399464;0,1699719;0,1056199875;;;
EDPC;5,75;;;EDPC_160;2;0,471408;0,1699719;0,1056199875;;;
EDPC;6,9;;;EDPC_160;2;0,545284;0,16992481875;0,1056199875;;;
EDPC;10,35;;;EDPC_160;2;0,748236;0,16992481875;0,1056199875;;;
EDPC;13,8;;;EDPC_160;2;0,96738;0,1696894125;0,10519625625;;;
EDPC;17,25;;;EDPC_160;2;1,175668;0,162525796875;0,09920705625;;;
EDPC;20,7;;;EDPC_160;2;1,415512;0,162525796875;0,09920705625;;;
EDPC;3,45;;;EDPC_161;2;0,338198;0,1834679565;0,11401873875;;;
EDPC;4,6;;;EDPC_161;2;0,425516;0,183569652;0,1140695865;;;
EDPC;5,75;;;EDPC_161;2;0,502152;0,183569652;0,1140695865;;;
EDPC;6,9;;;EDPC_161;2;0,580846;0,18351880425;0,1140695865;;;
EDPC;10,35;;;EDPC_161;2;0,797034;0,18351880425;0,1140695865;;;
EDPC;13,8;;;EDPC_161;2;1,03047;0,1832645655;0,11361195675;;;
EDPC;17,25;;;EDPC_161;2;1,252342;0,175527860625;0,10714362075;;;
EDPC;20,7;;;EDPC_161;2;1,507828;0,175527860625;0,10714362075;;;
EDPC;3,45;;;EDPC_162;2;0,3451;0,188;0,1168;;;
EDPC;4,6;;;EDPC_162;2;0,4342;0,1881;0,1169;;;
EDPC;5,75;;;EDPC_162;2;0,5124;0,1881;0,1169;;;
EDPC;6,9;;;EDPC_162;2;0,5927;0,1881;0,1169;;;
EDPC;10,35;;;EDPC_162;2;0,8133;0,1881;0,1169;;;
EDPC;13,8;;;EDPC_162;2;1,0515;0,1878;0,1164;;;
EDPC;17,25;;;EDPC_162;2;1,2779;0,1799;0,1098;;;
EDPC;20,7;;;EDPC_162;2;1,5386;0,1799;0,1098;;;
EDPC;3,45;;;EDPC_163;2;0,338198;0,138165;0,085888;;;
EDPC;4,6;;;EDPC_163;2;0,425516;0,138226;0,085888;;;
EDPC;5,75;;;EDPC_163;2;0,502152;0,138226;0,085888;;;
EDPC;6,9;;;EDPC_163;2;0,580846;0,138226;0,085888;;;
EDPC;10,35;;;EDPC_163;2;0,797034;0,138226;0,085888;;;
EDPC;13,8;;;EDPC_163;2;1,03047;0,138043;0,085583;;;
EDPC;17,25;;;EDPC_163;2;1,252342;0,132187;0,080703;;;
EDPC;20,7;;;EDPC_163;2;1,507828;0,132187;0,080703;;;
EDPC;3,45;;;EDPC_164;2;0,338198;0,183465;0,114048;;;
EDPC;4,6;;;EDPC_164;2;0,425516;0,183546;0,114048;;;
EDPC;5,75;;;EDPC_164;2;0,502152;0,183546;0,114048;;;
EDPC;6,9;;;EDPC_164;2;0,580846;0,183546;0,114048;;;
EDPC;10,35;;;EDPC_164;2;0,797034;0,183546;0,114048;;;
EDPC;13,8;;;EDPC_164;2;1,03047;0,183303;0,113643;;;
EDPC;17,25;;;EDPC_164;2;1,252342;0,175527;0,107163;;;
EDPC;20,7;;;EDPC_164;2;1,507828;0,175527;0,107163;;;
EDPC;3,45;;;EDPC_165;2;0;0;0;;;
EDPC;4,6;;;EDPC_165;2;0;0;0;;;
EDPC;5,75;;;EDPC_165;2;0;0;0;;;
EDPC;6,9;;;EDPC_165;2;0;0;0;;;
EDPC;10,35;;;EDPC_165;2;0;0;0;;;
EDPC;13,8;;;EDPC_165;2;0;0;0;;;
EDPC;17,25;;;EDPC_165;2;0;0;0;;;
EDPC;20,7;;;EDPC_165;2;0;0;0;;;
EDPC;3,45;;;EDPC_166;2;0,3451;0,188;0,1168;;;
EDPC;4,6;;;EDPC_166;2;0,4342;0,1881;0,1169;;;
EDPC;5,75;;;EDPC_166;2;0,5124;0,1881;0,1169;;;
EDPC;6,9;;;EDPC_166;2;0,5927;0,1881;0,1169;;;
EDPC;10,35;;;EDPC_166;2;0,8133;0,1881;0,1169;;;
EDPC;13,8;;;EDPC_166;2;1,0515;0,1878;0,1164;;;
EDPC;17,25;;;EDPC_166;2;1,2779;0,1799;0,1098;;;
EDPC;20,7;;;EDPC_166;2;1,5386;0,1799;0,1098;;;
EDPC;3,45;;;EDPC_167;2;0,3451;0,1879980295;0,11683401625;;;
EDPC;4,6;;;EDPC_167;2;0,4342;0,188102236;0,1168861195;;;
EDPC;5,75;;;EDPC_167;2;0,5124;0,188102236;0,1168861195;;;
EDPC;6,9;;;EDPC_167;2;0,5927;0,18805013275;0,1168861195;;;
EDPC;10,35;;;EDPC_167;2;0,8133;0,18805013275;0,1168861195;;;
EDPC;13,8;;;EDPC_167;2;1,0515;0,1877896165;0,11641719025;;;
EDPC;17,25;;;EDPC_167;2;1,2779;0,179861881875;0,10978914225;;;
EDPC;20,7;;;EDPC_167;2;1,5386;0,179861881875;0,10978914225;;;
EDPC;3,45;;;EDPC_168;2;0,338198;0,1834679565;0,11401873875;;;
EDPC;4,6;;;EDPC_168;2;0,425516;0,183569652;0,1140695865;;;
EDPC;5,75;;;EDPC_168;2;0,502152;0,183569652;0,1140695865;;;
EDPC;6,9;;;EDPC_168;2;0,580846;0,18351880425;0,1140695865;;;
EDPC;10,35;;;EDPC_168;2;0,797034;0,18351880425;0,1140695865;;;
EDPC;13,8;;;EDPC_168;2;1,03047;0,1832645655;0,11361195675;;;
EDPC;17,25;;;EDPC_168;2;1,252342;0,175527860625;0,10714362075;;;
EDPC;20,7;;;EDPC_168;2;1,507828;0,175527860625;0,10714362075;;;
EDPC;3,45;;;EDPC_169;2;0;0;0;;;
EDPC;4,6;;;EDPC_169;2;0;0;0;;;
EDPC;5,75;;;EDPC_169;2;0;0;0;;;
EDPC;6,9;;;EDPC_169;2;0;0;0;;;
EDPC;10,35;;;EDPC_169;2;0;0;0;;;
EDPC;13,8;;;EDPC_169;2;0;0;0;;;
EDPC;17,25;;;EDPC_169;2;0;0;0;;;
EDPC;20,7;;;EDPC_169;2;0;0;0;;;
EDPC;3,45;;;EDPC_17;2;0,4084;0,1767;0,1068;;;
EDPC;4,6;;;EDPC_17;2;0,5263;0,1767;0,1068;;;
EDPC;5,75;;;EDPC_17;2;0,6224;0,1767;0,1068;;;
EDPC;6,9;;;EDPC_17;2;0,7091;0,1767;0,1068;;;
EDPC;10,35;;;EDPC_17;2;1,0168;0,1767;0,1068;;;
EDPC;13,8;;;EDPC_17;2;1,233;0,1767;0,1068;;;
EDPC;17,25;;;EDPC_17;2;1,6;0,1767;0,1068;;;
EDPC;20,7;;;EDPC_17;2;1,9598;0,1767;0,1068;;;
EDPC;3,45;;;EDPC_170;2;0,338198;0,138165;0,085888;;;
EDPC;4,6;;;EDPC_170;2;0,425516;0,138226;0,085888;;;
EDPC;5,75;;;EDPC_170;2;0,502152;0,138226;0,085888;;;
EDPC;6,9;;;EDPC_170;2;0,580846;0,138226;0,085888;;;
EDPC;10,35;;;EDPC_170;2;0,797034;0,138226;0,085888;;;
EDPC;13,8;;;EDPC_170;2;1,03047;0,138043;0,085583;;;
EDPC;17,25;;;EDPC_170;2;1,252342;0,132187;0,080703;;;
EDPC;20,7;;;EDPC_170;2;1,507828;0,132187;0,080703;;;
EDPC;3,45;;;EDPC_171;2;0,341649;0,2242386135;0,13935623625;;;
EDPC;4,6;;;EDPC_171;2;0,429858;0,224362908;0,1394183835;;;
EDPC;5,75;;;EDPC_171;2;0,507276;0,224362908;0,1394183835;;;
EDPC;6,9;;;EDPC_171;2;0,586773;0,22430076075;0,1394183835;;;
EDPC;10,35;;;EDPC_171;2;0,805167;0,22430076075;0,1394183835;;;
EDPC;13,8;;;EDPC_171;2;1,040985;0,2239900245;0,13885905825;;;
EDPC;17,25;;;EDPC_171;2;1,265121;0,214534051875;0,13095331425;;;
EDPC;20,7;;;EDPC_171;2;1,523214;0,214534051875;0,13095331425;;;
EDPC;3,45;;;EDPC_172;2;0,324394;0,174405;0,108416;;;
EDPC;4,6;;;EDPC_172;2;0,408148;0,174482;0,108416;;;
EDPC;5,75;;;EDPC_172;2;0,481656;0,174482;0,108416;;;
EDPC;6,9;;;EDPC_172;2;0,557138;0,174482;0,108416;;;
EDPC;10,35;;;EDPC_172;2;0,764502;0,174482;0,108416;;;
EDPC;13,8;;;EDPC_172;2;0,98841;0,174251;0,108031;;;
EDPC;17,25;;;EDPC_172;2;1,201226;0,166859;0,101871;;;
EDPC;20,7;;;EDPC_172;2;1,446284;0,166859;0,101871;;;
EDPC;3,45;;;EDPC_173;2;0;0;0;;;
EDPC;4,6;;;EDPC_173;2;0;0;0;;;
EDPC;5,75;;;EDPC_173;2;0;0;0;;;
EDPC;6,9;;;EDPC_173;2;0;0;0;;;
EDPC;10,35;;;EDPC_173;2;0;0;0;;;
EDPC;13,8;;;EDPC_173;2;0;0;0;;;
EDPC;17,25;;;EDPC_173;2;0;0;0;;;
EDPC;20,7;;;EDPC_173;2;0;0;0;;;
EDPC;3,45;;;EDPC_174;2;0,3451;0,1879980295;0,11683401625;;;
EDPC;4,6;;;EDPC_174;2;0,4342;0,188102236;0,1168861195;;;
EDPC;5,75;;;EDPC_174;2;0,5124;0,188102236;0,1168861195;;;
EDPC;6,9;;;EDPC_174;2;0,5927;0,18805013275;0,1168861195;;;
EDPC;10,35;;;EDPC_174;2;0,8133;0,18805013275;0,1168861195;;;
EDPC;13,8;;;EDPC_174;2;1,0515;0,1877896165;0,11641719025;;;
EDPC;17,25;;;EDPC_174;2;1,2779;0,179861881875;0,10978914225;;;
EDPC;20,7;;;EDPC_174;2;1,5386;0,179861881875;0,10978914225;;;
EDPC;3,45;;;EDPC_175;2;0;0;0;;;
EDPC;4,6;;;EDPC_175;2;0;0;0;;;
EDPC;5,75;;;EDPC_175;2;0;0;0;;;
EDPC;6,9;;;EDPC_175;2;0;0;0;;;
EDPC;10,35;;;EDPC_175;2;0;0;0;;;
EDPC;13,8;;;EDPC_175;2;0;0;0;;;
EDPC;17,25;;;EDPC_175;2;0;0;0;;;
EDPC;20,7;;;EDPC_175;2;0;0;0;;;
EDPC;3,45;;;EDPC_176;2;0,3451;0,1427;0,0887;;;
EDPC;4,6;;;EDPC_176;2;0,4342;0,1428;0,0887;;;
EDPC;5,75;;;EDPC_176;2;0,5124;0,1428;0,0887;;;
EDPC;6,9;;;EDPC_176;2;0,5927;0,1427;0,0887;;;
EDPC;10,35;;;EDPC_176;2;0,8133;0,1427;0,0887;;;
EDPC;13,8;;;EDPC_176;2;1,0515;0,1425;0,0884;;;
EDPC;17,25;;;EDPC_176;2;1,2779;0,1365;0,0833;;;
EDPC;20,7;;;EDPC_176;2;1,5386;0,1365;0,0833;;;
EDPC;3,45;;;EDPC_18;2;0,435;0,1883;0,1138;;;
EDPC;4,6;;;EDPC_18;2;0,5607;0,1883;0,1138;;;
EDPC;5,75;;;EDPC_18;2;0,663;0,1883;0,1138;;;
EDPC;6,9;;;EDPC_18;2;0,7554;0,1883;0,1138;;;
EDPC;10,35;;;EDPC_18;2;1,0831;0,1883;0,1138;;;
EDPC;13,8;;;EDPC_18;2;1,3134;0,1883;0,1138;;;
EDPC;17,25;;;EDPC_18;2;1,7043;0,1883;0,1138;;;
EDPC;20,7;;;EDPC_18;2;2,0876;0,1883;0,1138;;;
EDPC;3,45;;;EDPC_19;2;0,4395;0,1902;0,1149;;;
EDPC;4,6;;;EDPC_19;2;0,5664;0,1902;0,1149;;;
EDPC;5,75;;;EDPC_19;2;0,6697;0,1902;0,1149;;;
EDPC;6,9;;;EDPC_19;2;0,7631;0,1902;0,1149;;;
EDPC;10,35;;;EDPC_19;2;1,0941;0,1902;0,1149;;;
EDPC;13,8;;;EDPC_19;2;1,3268;0,1902;0,1149;;;
EDPC;17,25;;;EDPC_19;2;1,7217;0,1902;0,1149;;;
EDPC;20,7;;;EDPC_19;2;2,1089;0,1902;0,1149;;;
EDPC;3,45;;;EDPC_20;2;0,4261;0,1844;0,1115;;;
EDPC;4,6;;;EDPC_20;2;0,5492;0,1844;0,1115;;;
EDPC;5,75;;;EDPC_20;2;0,6494;0,1844;0,1115;;;
EDPC;6,9;;;EDPC_20;2;0,74;0,1844;0,1115;;;
EDPC;10,35;;;EDPC_20;2;1,061;0,1844;0,1115;;;
EDPC;13,8;;;EDPC_20;2;1,2866;0,1844;0,1115;;;
EDPC;17,25;;;EDPC_20;2;1,6695;0,1844;0,1115;;;
EDPC;20,7;;;EDPC_20;2;2,045;0,1844;0,1115;;;
EDPC;3,45;;;EDPC_21;2;0,4173;0,1806;0,1091;;;
EDPC;4,6;;;EDPC_21;2;0,5378;0,1806;0,1091;;;
EDPC;5,75;;;EDPC_21;2;0,6359;0,1806;0,1091;;;
EDPC;6,9;;;EDPC_21;2;0,7246;0,1806;0,1091;;;
EDPC;10,35;;;EDPC_21;2;1,0389;0,1806;0,1091;;;
EDPC;13,8;;;EDPC_21;2;1,2598;0,1806;0,1091;;;
EDPC;17,25;;;EDPC_21;2;1,6348;0,1806;0,1091;;;
EDPC;20,7;;;EDPC_21;2;2,0024;0,1806;0,1091;;;
EDPC;3,45;;;EDPC_22;2;0,4261;0,1844;0,1115;;;
EDPC;4,6;;;EDPC_22;2;0,5492;0,1844;0,1115;;;
EDPC;5,75;;;EDPC_22;2;0,6494;0,1844;0,1115;;;
EDPC;6,9;;;EDPC_22;2;0,74;0,1844;0,1115;;;
EDPC;10,35;;;EDPC_22;2;1,061;0,1844;0,1115;;;
EDPC;13,8;;;EDPC_22;2;1,2866;0,1844;0,1115;;;
EDPC;17,25;;;EDPC_22;2;1,6695;0,1844;0,1115;;;
EDPC;20,7;;;EDPC_22;2;2,045;0,1844;0,1115;;;
EDPC;3,45;;;EDPC_23;2;0,4217;0,1825;0,1103;;;
EDPC;4,6;;;EDPC_23;2;0,5435;0,1825;0,1103;;;
EDPC;5,75;;;EDPC_23;2;0,6427;0,1825;0,1103;;;
EDPC;6,9;;;EDPC_23;2;0,7323;0,1825;0,1103;;;
EDPC;10,35;;;EDPC_23;2;1,0499;0,1825;0,1103;;;
EDPC;13,8;;;EDPC_23;2;1,2732;0,1825;0,1103;;;
EDPC;17,25;;;EDPC_23;2;1,6521;0,1825;0,1103;;;
EDPC;20,7;;;EDPC_23;2;2,0237;0,1825;0,1103;;;
EDPC;3,45;;;EDPC_24;2;0,4217;0,1825;0,1103;;;
EDPC;4,6;;;EDPC_24;2;0,5435;0,1825;0,1103;;;
EDPC;5,75;;;EDPC_24;2;0,6427;0,1825;0,1103;;;
EDPC;6,9;;;EDPC_24;2;0,7323;0,1825;0,1103;;;
EDPC;10,35;;;EDPC_24;2;1,0499;0,1825;0,1103;;;
EDPC;13,8;;;EDPC_24;2;1,2732;0,1825;0,1103;;;
EDPC;17,25;;;EDPC_24;2;1,6521;0,1825;0,1103;;;
EDPC;20,7;;;EDPC_24;2;2,0237;0,1825;0,1103;;;
EDPC;3,45;;;EDPC_25;2;0,4217;0,1825;0,1103;;;
EDPC;4,6;;;EDPC_25;2;0,5435;0,1825;0,1103;;;
EDPC;5,75;;;EDPC_25;2;0,6427;0,1825;0,1103;;;
EDPC;6,9;;;EDPC_25;2;0,7323;0,1825;0,1103;;;
EDPC;10,35;;;EDPC_25;2;1,0499;0,1825;0,1103;;;
EDPC;13,8;;;EDPC_25;2;1,2732;0,1825;0,1103;;;
EDPC;17,25;;;EDPC_25;2;1,6521;0,1825;0,1103;;;
EDPC;20,7;;;EDPC_25;2;2,0237;0,1825;0,1103;;;
EDPC;3,45;;;EDPC_26;2;0,4217;0,1825;0,1103;;;
EDPC;4,6;;;EDPC_26;2;0,5435;0,1825;0,1103;;;
EDPC;5,75;;;EDPC_26;2;0,6427;0,1825;0,1103;;;
EDPC;6,9;;;EDPC_26;2;0,7323;0,1825;0,1103;;;
EDPC;10,35;;;EDPC_26;2;1,0499;0,1825;0,1103;;;
EDPC;13,8;;;EDPC_26;2;1,2732;0,1825;0,1103;;;
EDPC;17,25;;;EDPC_26;2;1,6521;0,1825;0,1103;;;
EDPC;20,7;;;EDPC_26;2;2,0237;0,1825;0,1103;;;
EDPC;3,45;;;EDPC_27;2;0,4217;0,1825;0,1103;;;
EDPC;4,6;;;EDPC_27;2;0,5435;0,1825;0,1103;;;
EDPC;5,75;;;EDPC_27;2;0,6427;0,1825;0,1103;;;
EDPC;6,9;;;EDPC_27;2;0,7323;0,1825;0,1103;;;
EDPC;10,35;;;EDPC_27;2;1,0499;0,1825;0,1103;;;
EDPC;13,8;;;EDPC_27;2;1,2732;0,1825;0,1103;;;
EDPC;17,25;;;EDPC_27;2;1,6521;0,1825;0,1103;;;
EDPC;20,7;;;EDPC_27;2;2,0237;0,1825;0,1103;;;
EDPC;3,45;;;EDPC_28;2;0,4217;0,1825;0,1103;;;
EDPC;4,6;;;EDPC_28;2;0,5435;0,1825;0,1103;;;
EDPC;5,75;;;EDPC_28;2;0,6427;0,1825;0,1103;;;
EDPC;6,9;;;EDPC_28;2;0,7323;0,1825;0,1103;;;
EDPC;10,35;;;EDPC_28;2;1,0499;0,1825;0,1103;;;
EDPC;13,8;;;EDPC_28;2;1,2732;0,1825;0,1103;;;
EDPC;17,25;;;EDPC_28;2;1,6521;0,1825;0,1103;;;
EDPC;20,7;;;EDPC_28;2;2,0237;0,1825;0,1103;;;
EDPC;3,45;;;EDPC_29;2;0,3995;0,1729;0,1045;;;
EDPC;4,6;;;EDPC_29;2;0,5149;0,1729;0,1045;;;
EDPC;5,75;;;EDPC_29;2;0,6089;0,1729;0,1045;;;
EDPC;6,9;;;EDPC_29;2;0,6937;0,1729;0,1045;;;
EDPC;10,35;;;EDPC_29;2;0,9947;0,1729;0,1045;;;
EDPC;13,8;;;EDPC_29;2;1,2062;0,1729;0,1045;;;
EDPC;17,25;;;EDPC_29;2;1,5652;0,1729;0,1045;;;
EDPC;20,7;;;EDPC_29;2;1,9172;0,1729;0,1045;;;
EDPC;3,45;;;EDPC_30;2;0,3995;0,1729;0,1045;;;
EDPC;4,6;;;EDPC_30;2;0,5149;0,1729;0,1045;;;
EDPC;5,75;;;EDPC_30;2;0,6089;0,1729;0,1045;;;
EDPC;6,9;;;EDPC_30;2;0,6937;0,1729;0,1045;;;
EDPC;10,35;;;EDPC_30;2;0,9947;0,1729;0,1045;;;
EDPC;13,8;;;EDPC_30;2;1,2062;0,1729;0,1045;;;
EDPC;17,25;;;EDPC_30;2;1,5652;0,1729;0,1045;;;
EDPC;20,7;;;EDPC_30;2;1,9172;0,1729;0,1045;;;
EDPC;3,45;;;EDPC_31;2;0,3995;0,1729;0,1045;;;
EDPC;4,6;;;EDPC_31;2;0,5149;0,1729;0,1045;;;
EDPC;5,75;;;EDPC_31;2;0,6089;0,1729;0,1045;;;
EDPC;6,9;;;EDPC_31;2;0,6937;0,1729;0,1045;;;
EDPC;10,35;;;EDPC_31;2;0,9947;0,1729;0,1045;;;
EDPC;13,8;;;EDPC_31;2;1,2062;0,1729;0,1045;;;
EDPC;17,25;;;EDPC_31;2;1,5652;0,1729;0,1045;;;
EDPC;20,7;;;EDPC_31;2;1,9172;0,1729;0,1045;;;
EDPC;3,45;;;EDPC_32;2;0,3995;0,1729;0,1045;;;
EDPC;4,6;;;EDPC_32;2;0,5149;0,1729;0,1045;;;
EDPC;5,75;;;EDPC_32;2;0,6089;0,1729;0,1045;;;
EDPC;6,9;;;EDPC_32;2;0,6937;0,1729;0,1045;;;
EDPC;10,35;;;EDPC_32;2;0,9947;0,1729;0,1045;;;
EDPC;13,8;;;EDPC_32;2;1,2062;0,1729;0,1045;;;
EDPC;17,25;;;EDPC_32;2;1,5652;0,1729;0,1045;;;
EDPC;20,7;;;EDPC_32;2;1,9172;0,1729;0,1045;;;
EDPC;3,45;;;EDPC_33;2;0,3995;0,1729;0,1045;;;
EDPC;4,6;;;EDPC_33;2;0,5149;0,1729;0,1045;;;
EDPC;5,75;;;EDPC_33;2;0,6089;0,1729;0,1045;;;
EDPC;6,9;;;EDPC_33;2;0,6937;0,1729;0,1045;;;
EDPC;10,35;;;EDPC_33;2;0,9947;0,1729;0,1045;;;
EDPC;13,8;;;EDPC_33;2;1,2062;0,1729;0,1045;;;
EDPC;17,25;;;EDPC_33;2;1,5652;0,1729;0,1045;;;
EDPC;20,7;;;EDPC_33;2;1,9172;0,1729;0,1045;;;
EDPC;3,45;;;EDPC_34;2;0,4217;0,1825;0,1103;;;
EDPC;4,6;;;EDPC_34;2;0,5435;0,1825;0,1103;;;
EDPC;5,75;;;EDPC_34;2;0,6427;0,1825;0,1103;;;
EDPC;6,9;;;EDPC_34;2;0,7323;0,1825;0,1103;;;
EDPC;10,35;;;EDPC_34;2;1,0499;0,1825;0,1103;;;
EDPC;13,8;;;EDPC_34;2;1,2732;0,1825;0,1103;;;
EDPC;17,25;;;EDPC_34;2;1,6521;0,1825;0,1103;;;
EDPC;20,7;;;EDPC_34;2;2,0237;0,1825;0,1103;;;
EDPC;3,45;;;EDPC_35;2;0,4217;0,1825;0,1103;;;
EDPC;4,6;;;EDPC_35;2;0,5435;0,1825;0,1103;;;
EDPC;5,75;;;EDPC_35;2;0,6427;0,1825;0,1103;;;
EDPC;6,9;;;EDPC_35;2;0,7323;0,1825;0,1103;;;
EDPC;10,35;;;EDPC_35;2;1,0499;0,1825;0,1103;;;
EDPC;13,8;;;EDPC_35;2;1,2732;0,1825;0,1103;;;
EDPC;17,25;;;EDPC_35;2;1,6521;0,1825;0,1103;;;
EDPC;20,7;;;EDPC_35;2;2,0237;0,1825;0,1103;;;
EDPC;3,45;;;EDPC_36;2;0,4217;0,1825;0,1103;;;
EDPC;4,6;;;EDPC_36;2;0,5435;0,1825;0,1103;;;
EDPC;5,75;;;EDPC_36;2;0,6427;0,1825;0,1103;;;
EDPC;6,9;;;EDPC_36;2;0,7323;0,1825;0,1103;;;
EDPC;10,35;;;EDPC_36;2;1,0499;0,1825;0,1103;;;
EDPC;13,8;;;EDPC_36;2;1,2732;0,1825;0,1103;;;
EDPC;17,25;;;EDPC_36;2;1,6521;0,1825;0,1103;;;
EDPC;20,7;;;EDPC_36;2;2,0237;0,1825;0,1103;;;
EDPC;3,45;;;EDPC_39;2;0,3995;0,1729;0,1045;;;
EDPC;4,6;;;EDPC_39;2;0,5149;0,1729;0,1045;;;
EDPC;5,75;;;EDPC_39;2;0,6089;0,1729;0,1045;;;
EDPC;6,9;;;EDPC_39;2;0,6937;0,1729;0,1045;;;
EDPC;10,35;;;EDPC_39;2;0,9947;0,1729;0,1045;;;
EDPC;13,8;;;EDPC_39;2;1,2062;0,1729;0,1045;;;
EDPC;17,25;;;EDPC_39;2;1,5652;0,1729;0,1045;;;
EDPC;20,7;;;EDPC_39;2;1,9172;0,1729;0,1045;;;
EDPC;3,45;;;EDPC_40;2;0,3995;0,1729;0,1045;;;
EDPC;4,6;;;EDPC_40;2;0,5149;0,1729;0,1045;;;
EDPC;5,75;;;EDPC_40;2;0,6089;0,1729;0,1045;;;
EDPC;6,9;;;EDPC_40;2;0,6937;0,1729;0,1045;;;
EDPC;10,35;;;EDPC_40;2;0,9947;0,1729;0,1045;;;
EDPC;13,8;;;EDPC_40;2;1,2062;0,1729;0,1045;;;
EDPC;17,25;;;EDPC_40;2;1,5652;0,1729;0,1045;;;
EDPC;20,7;;;EDPC_40;2;1,9172;0,1729;0,1045;;;
EDPC;3,45;;;EDPC_41;2;0,3995;0,1729;0,1045;;;
EDPC;4,6;;;EDPC_41;2;0,5149;0,1729;0,1045;;;
EDPC;5,75;;;EDPC_41;2;0,6089;0,1729;0,1045;;;
EDPC;6,9;;;EDPC_41;2;0,6937;0,1729;0,1045;;;
EDPC;10,35;;;EDPC_41;2;0,9947;0,1729;0,1045;;;
EDPC;13,8;;;EDPC_41;2;1,2062;0,1729;0,1045;;;
EDPC;17,25;;;EDPC_41;2;1,5652;0,1729;0,1045;;;
EDPC;20,7;;;EDPC_41;2;1,9172;0,1729;0,1045;;;
EDPC;3,45;;;EDPC_42;2;0,3995;0,1729;0,1045;;;
EDPC;4,6;;;EDPC_42;2;0,5149;0,1729;0,1045;;;
EDPC;5,75;;;EDPC_42;2;0,6089;0,1729;0,1045;;;
EDPC;6,9;;;EDPC_42;2;0,6937;0,1729;0,1045;;;
EDPC;10,35;;;EDPC_42;2;0,9947;0,1729;0,1045;;;
EDPC;13,8;;;EDPC_42;2;1,2062;0,1729;0,1045;;;
EDPC;17,25;;;EDPC_42;2;1,5652;0,1729;0,1045;;;
EDPC;20,7;;;EDPC_42;2;1,9172;0,1729;0,1045;;;
EDPC;3,45;;;EDPC_43;2;0,3995;0,1729;0,1045;;;
EDPC;4,6;;;EDPC_43;2;0,5149;0,1729;0,1045;;;
EDPC;5,75;;;EDPC_43;2;0,6089;0,1729;0,1045;;;
EDPC;6,9;;;EDPC_43;2;0,6937;0,1729;0,1045;;;
EDPC;10,35;;;EDPC_43;2;0,9947;0,1729;0,1045;;;
EDPC;13,8;;;EDPC_43;2;1,2062;0,1729;0,1045;;;
EDPC;17,25;;;EDPC_43;2;1,5652;0,1729;0,1045;;;
EDPC;20,7;;;EDPC_43;2;1,9172;0,1729;0,1045;;;
EDPC;3,45;;;EDPC_44;2;0,3995;0,1729;0,1045;;;
EDPC;4,6;;;EDPC_44;2;0,5149;0,1729;0,1045;;;
EDPC;5,75;;;EDPC_44;2;0,6089;0,1729;0,1045;;;
EDPC;6,9;;;EDPC_44;2;0,6937;0,1729;0,1045;;;
EDPC;10,35;;;EDPC_44;2;0,9947;0,1729;0,1045;;;
EDPC;13,8;;;EDPC_44;2;1,2062;0,1729;0,1045;;;
EDPC;17,25;;;EDPC_44;2;1,5652;0,1729;0,1045;;;
EDPC;20,7;;;EDPC_44;2;1,9172;0,1729;0,1045;;;
EDPC;3,45;;;EDPC_45;2;0,4439;0,1921;0,1161;;;
EDPC;4,6;;;EDPC_45;2;0,5721;0,1921;0,1161;;;
EDPC;5,75;;;EDPC_45;2;0,6765;0,1921;0,1161;;;
EDPC;6,9;;;EDPC_45;2;0,7708;0,1921;0,0871;;;
EDPC;10,35;;;EDPC_45;2;1,1052;0,1921;0,0871;;;
EDPC;13,8;;;EDPC_45;2;1,3402;0,1921;0,0871;;;
EDPC;17,25;;;EDPC_45;2;1,7391;0,1921;0,0871;;;
EDPC;20,7;;;EDPC_45;2;2,1302;0,1921;0,0871;;;
EDPC;3,45;;;EDPC_46;2;0,3773;0,1633;0,0987;;;
EDPC;4,6;;;EDPC_46;2;0,4863;0,1633;0,0987;;;
EDPC;5,75;;;EDPC_46;2;0,575;0,1633;0,0987;;;
EDPC;6,9;;;EDPC_46;2;0,6552;0,1633;0,0987;;;
EDPC;10,35;;;EDPC_46;2;0,9394;0,1633;0,0987;;;
EDPC;13,8;;;EDPC_46;2;1,1392;0,1633;0,0987;;;
EDPC;17,25;;;EDPC_46;2;1,4782;0,1633;0,0987;;;
EDPC;20,7;;;EDPC_46;2;1,8107;0,1633;0,0987;;;
EDPC;3,45;;;EDPC_47;2;0,2758;0,185148;0,117048;;;
EDPC;4,6;;;EDPC_47;2;0,3287;0,185148;0,117048;;;
EDPC;5,75;;;EDPC_47;2;0,3816;0,185148;0,117048;;;
EDPC;6,9;;;EDPC_47;2;0,4345;0,185148;0,117048;;;
EDPC;10,35;;;EDPC_47;2;0,5932;0,185148;0,117048;;;
EDPC;13,8;;;EDPC_47;2;0,7519;0,185148;0,117048;;;
EDPC;17,25;;;EDPC_47;2;0,9106;0,185148;0,117048;;;
EDPC;20,7;;;EDPC_47;2;1,0693;0,185148;0,117048;;;
EDPC;3,45;;;EDPC_48;2;0,2758;0,185148;0,117048;;;
EDPC;4,6;;;EDPC_48;2;0,3287;0,185148;0,117048;;;
EDPC;5,75;;;EDPC_48;2;0,3816;0,185148;0,117048;;;
EDPC;6,9;;;EDPC_48;2;0,4345;0,185148;0,117048;;;
EDPC;10,35;;;EDPC_48;2;0,5932;0,185148;0,117048;;;
EDPC;13,8;;;EDPC_48;2;0,7519;0,185148;0,117048;;;
EDPC;17,25;;;EDPC_48;2;0,9106;0,185148;0,117048;;;
EDPC;20,7;;;EDPC_48;2;1,0693;0,185148;0,117048;;;
EDPC;3,45;;;EDPC_49;2;0,2758;0,185148;0,117048;;;
EDPC;4,6;;;EDPC_49;2;0,3287;0,185148;0,117048;;;
EDPC;5,75;;;EDPC_49;2;0,3816;0,185148;0,117048;;;
EDPC;6,9;;;EDPC_49;2;0,4345;0,185148;0,117048;;;
EDPC;10,35;;;EDPC_49;2;0,5932;0,185148;0,117048;;;
EDPC;13,8;;;EDPC_49;2;0,7519;0,185148;0,117048;;;
EDPC;17,25;;;EDPC_49;2;0,9106;0,185148;0,117048;;;
EDPC;20,7;;;EDPC_49;2;1,0693;0,185148;0,117048;;;
EDPC;3,45;;;EDPC_50;2;0,4173;0,1806;0,1091;;;
EDPC;4,6;;;EDPC_50;2;0,5378;0,1806;0,1091;;;
EDPC;5,75;;;EDPC_50;2;0,6359;0,1806;0,1091;;;
EDPC;6,9;;;EDPC_50;2;0,7246;0,1806;0,1091;;;
EDPC;10,35;;;EDPC_50;2;1,0389;0,1806;0,1091;;;
EDPC;13,8;;;EDPC_50;2;1,2598;0,1806;0,1091;;;
EDPC;17,25;;;EDPC_50;2;1,6348;0,1806;0,1091;;;
EDPC;20,7;;;EDPC_50;2;2,0024;0,1806;0,1091;;;
EDPC;3,45;;;EDPC_51;2;0,4261;0,1844;0,1115;;;
EDPC;4,6;;;EDPC_51;2;0,5492;0,1844;0,1115;;;
EDPC;5,75;;;EDPC_51;2;0,6494;0,1844;0,1115;;;
EDPC;6,9;;;EDPC_51;2;0,74;0,1844;0,1115;;;
EDPC;10,35;;;EDPC_51;2;1,061;0,1844;0,1115;;;
EDPC;13,8;;;EDPC_51;2;1,2866;0,1844;0,1115;;;
EDPC;17,25;;;EDPC_51;2;1,6695;0,1844;0,1115;;;
EDPC;20,7;;;EDPC_51;2;2,045;0,1844;0,1115;;;
EDPC;3,45;;;EDPC_52;2;0,4261;0,1844;0,1115;;;
EDPC;4,6;;;EDPC_52;2;0,5492;0,1844;0,1115;;;
EDPC;5,75;;;EDPC_52;2;0,6494;0,1844;0,1115;;;
EDPC;6,9;;;EDPC_52;2;0,74;0,1844;0,1115;;;
EDPC;10,35;;;EDPC_52;2;1,061;0,1844;0,1115;;;
EDPC;13,8;;;EDPC_52;2;1,2866;0,1844;0,1115;;;
EDPC;17,25;;;EDPC_52;2;1,6695;0,1844;0,1115;;;
EDPC;20,7;;;EDPC_52;2;2,045;0,1844;0,1115;;;
EDPC;3,45;;;EDPC_53;2;0,4084;0,1767;0,1068;;;
EDPC;4,6;;;EDPC_53;2;0,5263;0,1767;0,1068;;;
EDPC;5,75;;;EDPC_53;2;0,6224;0,1767;0,1068;;;
EDPC;6,9;;;EDPC_53;2;0,7091;0,1767;0,1068;;;
EDPC;10,35;;;EDPC_53;2;1,0168;0,1767;0,1068;;;
EDPC;13,8;;;EDPC_53;2;1,233;0,1767;0,1068;;;
EDPC;17,25;;;EDPC_53;2;1,6;0,1767;0,1068;;;
EDPC;20,7;;;EDPC_53;2;1,9598;0,1767;0,1068;;;
EDPC;3,45;;;EDPC_54;2;0,4173;0,1806;0,1091;;;
EDPC;4,6;;;EDPC_54;2;0,5378;0,1806;0,1091;;;
EDPC;5,75;;;EDPC_54;2;0,6359;0,1806;0,1091;;;
EDPC;6,9;;;EDPC_54;2;0,7246;0,1806;0,1091;;;
EDPC;10,35;;;EDPC_54;2;1,0389;0,1806;0,1091;;;
EDPC;13,8;;;EDPC_54;2;1,2598;0,1806;0,1091;;;
EDPC;17,25;;;EDPC_54;2;1,6348;0,1806;0,1091;;;
EDPC;20,7;;;EDPC_54;2;2,0024;0,1806;0,1091;;;
EDPC;3,45;;;EDPC_55;2;0,4084;0,1767;0,1068;;;
EDPC;4,6;;;EDPC_55;2;0,5263;0,1767;0,1068;;;
EDPC;5,75;;;EDPC_55;2;0,6224;0,1767;0,1068;;;
EDPC;6,9;;;EDPC_55;2;0,7091;0,1767;0,1068;;;
EDPC;10,35;;;EDPC_55;2;1,0168;0,1767;0,1068;;;
EDPC;13,8;;;EDPC_55;2;1,233;0,1767;0,1068;;;
EDPC;17,25;;;EDPC_55;2;1,6;0,1767;0,1068;;;
EDPC;20,7;;;EDPC_55;2;1,9598;0,1767;0,1068;;;
EDPC;3,45;;;EDPC_57;2;0,2758;0,185148;0,117048;;;
EDPC;4,6;;;EDPC_57;2;0,3287;0,185148;0,117048;;;
EDPC;5,75;;;EDPC_57;2;0,3816;0,185148;0,117048;;;
EDPC;6,9;;;EDPC_57;2;0,4345;0,185148;0,117048;;;
EDPC;10,35;;;EDPC_57;2;0,5932;0,185148;0,117048;;;
EDPC;13,8;;;EDPC_57;2;0,7519;0,185148;0,117048;;;
EDPC;17,25;;;EDPC_57;2;0,9106;0,185148;0,117048;;;
EDPC;20,7;;;EDPC_57;2;1,0693;0,185148;0,117048;;;
EDPC;3,45;;;EDPC_58;2;0,2758;0,185148;0,117048;;;
EDPC;4,6;;;EDPC_58;2;0,3287;0,185148;0,117048;;;
EDPC;5,75;;;EDPC_58;2;0,3816;0,185148;0,117048;;;
EDPC;6,9;;;EDPC_58;2;0,4345;0,185148;0,117048;;;
EDPC;10,35;;;EDPC_58;2;0,5932;0,185148;0,117048;;;
EDPC;13,8;;;EDPC_58;2;0,7519;0,185148;0,117048;;;
EDPC;17,25;;;EDPC_58;2;0,9106;0,185148;0,117048;;;
EDPC;20,7;;;EDPC_58;2;1,0693;0,185148;0,117048;;;
EDPC;3,45;;;EDPC_59;2;0,2758;0,185148;0,117048;;;
EDPC;4,6;;;EDPC_59;2;0,3287;0,185148;0,117048;;;
EDPC;5,75;;;EDPC_59;2;0,3816;0,185148;0,117048;;;
EDPC;6,9;;;EDPC_59;2;0,4345;0,185148;0,117048;;;
EDPC;10,35;;;EDPC_59;2;0,5932;0,185148;0,117048;;;
EDPC;13,8;;;EDPC_59;2;0,7519;0,185148;0,117048;;;
EDPC;17,25;;;EDPC_59;2;0,9106;0,185148;0,117048;;;
EDPC;20,7;;;EDPC_59;2;1,0693;0,185148;0,117048;;;
EDPC;3,45;;;EDPC_60;2;0,2758;0,185148;0,117048;;;
EDPC;4,6;;;EDPC_60;2;0,3287;0,185148;0,117048;;;
EDPC;5,75;;;EDPC_60;2;0,3816;0,185148;0,117048;;;
EDPC;6,9;;;EDPC_60;2;0,4345;0,185148;0,117048;;;
EDPC;10,35;;;EDPC_60;2;0,5932;0,185148;0,117048;;;
EDPC;13,8;;;EDPC_60;2;0,7519;0,185148;0,117048;;;
EDPC;17,25;;;EDPC_60;2;0,9106;0,185148;0,117048;;;
EDPC;20,7;;;EDPC_60;2;1,0693;0,185148;0,117048;;;
EDPC;3,45;;;EDPC_61;2;0,2758;0,185148;0,117048;;;
EDPC;4,6;;;EDPC_61;2;0,3287;0,185148;0,117048;;;
EDPC;5,75;;;EDPC_61;2;0,3816;0,185148;0,117048;;;
EDPC;6,9;;;EDPC_61;2;0,4345;0,185148;0,117048;;;
EDPC;10,35;;;EDPC_61;2;0,5932;0,185148;0,117048;;;
EDPC;13,8;;;EDPC_61;2;0,7519;0,185148;0,117048;;;
EDPC;17,25;;;EDPC_61;2;0,9106;0,185148;0,117048;;;
EDPC;20,7;;;EDPC_61;2;1,0693;0,185148;0,117048;;;
EDPC;3,45;;;EDPC_63;2;0,2758;0,185148;0,117048;;;
EDPC;4,6;;;EDPC_63;2;0,3287;0,185148;0,117048;;;
EDPC;5,75;;;EDPC_63;2;0,3816;0,185148;0,117048;;;
EDPC;6,9;;;EDPC_63;2;0,4345;0,185148;0,117048;;;
EDPC;10,35;;;EDPC_63;2;0,5932;0,185148;0,117048;;;
EDPC;13,8;;;EDPC_63;2;0,7519;0,185148;0,117048;;;
EDPC;17,25;;;EDPC_63;2;0,9106;0,185148;0,117048;;;
EDPC;20,7;;;EDPC_63;2;1,0693;0,185148;0,117048;;;
EDPC;3,45;;;EDPC_65;2;0,2758;0,185148;0,117048;;;
EDPC;4,6;;;EDPC_65;2;0,3287;0,185148;0,117048;;;
EDPC;5,75;;;EDPC_65;2;0,3816;0,185148;0,117048;;;
EDPC;6,9;;;EDPC_65;2;0,4345;0,185148;0,117048;;;
EDPC;10,35;;;EDPC_65;2;0,5932;0,185148;0,117048;;;
EDPC;13,8;;;EDPC_65;2;0,7519;0,185148;0,117048;;;
EDPC;17,25;;;EDPC_65;2;0,9106;0,185148;0,117048;;;
EDPC;20,7;;;EDPC_65;2;1,0693;0,185148;0,117048;;;
EDPC;3,45;;;EDPC_67;2;0,3995;0,1729;0,1045;;;
EDPC;4,6;;;EDPC_67;2;0,5149;0,1729;0,1045;;;
EDPC;5,75;;;EDPC_67;2;0,6089;0,1729;0,1045;;;
EDPC;6,9;;;EDPC_67;2;0,6937;0,1729;0,1045;;;
EDPC;10,35;;;EDPC_67;2;0,9947;0,1729;0,1045;;;
EDPC;13,8;;;EDPC_67;2;1,2062;0,1729;0,1045;;;
EDPC;17,25;;;EDPC_67;2;1,5652;0,1729;0,1045;;;
EDPC;20,7;;;EDPC_67;2;1,9172;0,1729;0,1045;;;
EDPC;3,45;;;EDPC_68;2;0,435;0,1883;0,0929;;;
EDPC;4,6;;;EDPC_68;2;0,5607;0,1883;0,0929;;;
EDPC;5,75;;;EDPC_68;2;0,663;0,1883;0,0929;;;
EDPC;6,9;;;EDPC_68;2;0,7554;0,1883;0,0929;;;
EDPC;10,35;;;EDPC_68;2;1,0831;0,1883;0,0929;;;
EDPC;13,8;;;EDPC_68;2;1,3134;0,1883;0,0929;;;
EDPC;17,25;;;EDPC_68;2;1,7043;0,1883;0,0929;;;
EDPC;20,7;;;EDPC_68;2;2,0876;0,1883;0,0929;;;
EDPC;3,45;;;EDPC_69;2;0,3995;0,1729;0,1045;;;
EDPC;4,6;;;EDPC_69;2;0,5149;0,1729;0,1045;;;
EDPC;5,75;;;EDPC_69;2;0,6089;0,1729;0,1045;;;
EDPC;6,9;;;EDPC_69;2;0,6937;0,1729;0,1045;;;
EDPC;10,35;;;EDPC_69;2;0,9947;0,1729;0,1045;;;
EDPC;13,8;;;EDPC_69;2;1,2062;0,1729;0,1045;;;
EDPC;17,25;;;EDPC_69;2;1,5652;0,1729;0,1045;;;
EDPC;20,7;;;EDPC_69;2;1,9172;0,1729;0,1045;;;
EDPC;3,45;;;EDPC_70;2;0,3995;0,1729;0,1045;;;
EDPC;4,6;;;EDPC_70;2;0,5149;0,1729;0,1045;;;
EDPC;5,75;;;EDPC_70;2;0,6089;0,1729;0,1045;;;
EDPC;6,9;;;EDPC_70;2;0,6937;0,1729;0,1045;;;
EDPC;10,35;;;EDPC_70;2;0,9947;0,1729;0,1045;;;
EDPC;13,8;;;EDPC_70;2;1,2062;0,1729;0,1045;;;
EDPC;17,25;;;EDPC_70;2;1,5652;0,1729;0,1045;;;
EDPC;20,7;;;EDPC_70;2;1,9172;0,1729;0,1045;;;
EDPC;3,45;;;EDPC_71;2;0,3995;0,1729;0,1045;;;
EDPC;4,6;;;EDPC_71;2;0,5149;0,1729;0,1045;;;
EDPC;5,75;;;EDPC_71;2;0,6089;0,1729;0,1045;;;
EDPC;6,9;;;EDPC_71;2;0,6937;0,1729;0,1045;;;
EDPC;10,35;;;EDPC_71;2;0,9947;0,1729;0,1045;;;
EDPC;13,8;;;EDPC_71;2;1,2062;0,1729;0,1045;;;
EDPC;17,25;;;EDPC_71;2;1,5652;0,1729;0,1045;;;
EDPC;20,7;;;EDPC_71;2;1,9172;0,1729;0,1045;;;
EDPC;3,45;;;EDPC_72;2;0,435;0,1883;0,1045;;;
EDPC;4,6;;;EDPC_72;2;0,5607;0,1883;0,1045;;;
EDPC;5,75;;;EDPC_72;2;0,663;0,1883;0,1045;;;
EDPC;6,9;;;EDPC_72;2;0,7554;0,1883;0,1045;;;
EDPC;10,35;;;EDPC_72;2;1,0831;0,1883;0,1045;;;
EDPC;13,8;;;EDPC_72;2;1,3134;0,1883;0,1045;;;
EDPC;17,25;;;EDPC_72;2;1,7043;0,1883;0,1045;;;
EDPC;20,7;;;EDPC_72;2;2,0876;0,1883;0,1045;;;
EDPC;3,45;;;EDPC_73;2;0,435;0,1883;0,1138;;;
EDPC;4,6;;;EDPC_73;2;0,5607;0,1883;0,1138;;;
EDPC;5,75;;;EDPC_73;2;0,663;0,1883;0,1138;;;
EDPC;6,9;;;EDPC_73;2;0,7554;0,1883;0,1138;;;
EDPC;10,35;;;EDPC_73;2;1,0831;0,1883;0,1138;;;
EDPC;13,8;;;EDPC_73;2;1,3134;0,1883;0,1138;;;
EDPC;17,25;;;EDPC_73;2;1,7043;0,1883;0,1138;;;
EDPC;20,7;;;EDPC_73;2;2,0876;0,1883;0,1138;;;
EDPC;3,45;;;EDPC_74;2;0,4173;0,1806;0,1091;;;
EDPC;4,6;;;EDPC_74;2;0,5378;0,1806;0,1091;;;
EDPC;5,75;;;EDPC_74;2;0,6359;0,1806;0,1091;;;
EDPC;6,9;;;EDPC_74;2;0,7246;0,1806;0,1091;;;
EDPC;10,35;;;EDPC_74;2;1,0389;0,1806;0,1091;;;
EDPC;13,8;;;EDPC_74;2;1,2598;0,1806;0,1091;;;
EDPC;17,25;;;EDPC_74;2;1,6348;0,1806;0,1091;;;
EDPC;20,7;;;EDPC_74;2;2,0024;0,1806;0,1091;;;
EDPC;3,45;;;EDPC_75;2;0,4261;0,1844;0,1115;;;
EDPC;4,6;;;EDPC_75;2;0,5492;0,1844;0,1115;;;
EDPC;5,75;;;EDPC_75;2;0,6494;0,1844;0,1115;;;
EDPC;6,9;;;EDPC_75;2;0,74;0,1844;0,1115;;;
EDPC;10,35;;;EDPC_75;2;1,061;0,1844;0,1115;;;
EDPC;13,8;;;EDPC_75;2;1,2866;0,1844;0,1115;;;
EDPC;17,25;;;EDPC_75;2;1,6695;0,1844;0,1115;;;
EDPC;20,7;;;EDPC_75;2;2,045;0,1844;0,1115;;;
EDPC;3,45;;;EDPC_76;2;0,4439;0,1921;0,1161;;;
EDPC;4,6;;;EDPC_76;2;0,5721;0,1921;0,1161;;;
EDPC;5,75;;;EDPC_76;2;0,6765;0,1921;0,1161;;;
EDPC;6,9;;;EDPC_76;2;0,7708;0,1921;0,1161;;;
EDPC;10,35;;;EDPC_76;2;1,1052;0,1921;0,1161;;;
EDPC;13,8;;;EDPC_76;2;1,3402;0,1921;0,1161;;;
EDPC;17,25;;;EDPC_76;2;1,7391;0,1921;0,1161;;;
EDPC;20,7;;;EDPC_76;2;2,1302;0,1921;0,1161;;;
EDPC;3,45;;;EDPC_77;2;0,4173;0,1806;0,1091;;;
EDPC;4,6;;;EDPC_77;2;0,5378;0,1806;0,1091;;;
EDPC;5,75;;;EDPC_77;2;0,6359;0,1806;0,1091;;;
EDPC;6,9;;;EDPC_77;2;0,7246;0,1806;0,1091;;;
EDPC;10,35;;;EDPC_77;2;1,0389;0,1806;0,1091;;;
EDPC;13,8;;;EDPC_77;2;1,2598;0,1806;0,1091;;;
EDPC;17,25;;;EDPC_77;2;1,6348;0,1806;0,1091;;;
EDPC;20,7;;;EDPC_77;2;2,0024;0,1806;0,1091;;;
EDPC;3,45;;;EDPC_78;2;0,3995;0,1729;0,1045;;;
EDPC;4,6;;;EDPC_78;2;0,5149;0,1729;0,1045;;;
EDPC;5,75;;;EDPC_78;2;0,6089;0,1729;0,1045;;;
EDPC;6,9;;;EDPC_78;2;0,6937;0,1729;0,1045;;;
EDPC;10,35;;;EDPC_78;2;0,9947;0,1729;0,1045;;;
EDPC;13,8;;;EDPC_78;2;1,2062;0,1729;0,1045;;;
EDPC;17,25;;;EDPC_78;2;1,5652;0,1729;0,1045;;;
EDPC;20,7;;;EDPC_78;2;1,9172;0,1729;0,1045;;;
EDPC;3,45;;;EDPC_79;2;0,3995;0,1729;0,1045;;;
EDPC;4,6;;;EDPC_79;2;0,5149;0,1729;0,1045;;;
EDPC;5,75;;;EDPC_79;2;0,6089;0,1729;0,1045;;;
EDPC;6,9;;;EDPC_79;2;0,6937;0,1729;0,1045;;;
EDPC;10,35;;;EDPC_79;2;0,9947;0,1729;0,1045;;;
EDPC;13,8;;;EDPC_79;2;1,2062;0,1729;0,1045;;;
EDPC;17,25;;;EDPC_79;2;1,5652;0,1729;0,1045;;;
EDPC;20,7;;;EDPC_79;2;1,9172;0,1729;0,1045;;;
EDPC;3,45;;;EDPC_80;2;0,435;0,1883;0,1045;;;
EDPC;4,6;;;EDPC_80;2;0,5607;0,1883;0,1045;;;
EDPC;5,75;;;EDPC_80;2;0,663;0,1883;0,1045;;;
EDPC;6,9;;;EDPC_80;2;0,7554;0,1883;0,1045;;;
EDPC;10,35;;;EDPC_80;2;1,0831;0,1883;0,1045;;;
EDPC;13,8;;;EDPC_80;2;1,3134;0,1883;0,1045;;;
EDPC;17,25;;;EDPC_80;2;1,7043;0,1883;0,1045;;;
EDPC;20,7;;;EDPC_80;2;2,0876;0,1883;0,1045;;;
EDPC;3,45;;;EDPC_81;2;0,4439;0,1921;0,1161;;;
EDPC;4,6;;;EDPC_81;2;0,5721;0,1921;0,1161;;;
EDPC;5,75;;;EDPC_81;2;0,6765;0,1921;0,1161;;;
EDPC;6,9;;;EDPC_81;2;0,7708;0,1921;0,1161;;;
EDPC;10,35;;;EDPC_81;2;1,1052;0,1921;0,1161;;;
EDPC;13,8;;;EDPC_81;2;1,3402;0,1921;0,1161;;;
EDPC;17,25;;;EDPC_81;2;1,7391;0,1921;0,1161;;;
EDPC;20,7;;;EDPC_81;2;2,1302;0,1921;0,1161;;;
EDPC;3,45;;;EDPC_82;2;0,435;0,1883;0,0929;;;
EDPC;4,6;;;EDPC_82;2;0,5607;0,1883;0,0929;;;
EDPC;5,75;;;EDPC_82;2;0,663;0,1883;0,0929;;;
EDPC;6,9;;;EDPC_82;2;0,7554;0,1883;0,0929;;;
EDPC;10,35;;;EDPC_82;2;1,0831;0,1883;0,0929;;;
EDPC;13,8;;;EDPC_82;2;1,3134;0,1883;0,0929;;;
EDPC;17,25;;;EDPC_82;2;1,7043;0,1883;0,0929;;;
EDPC;20,7;;;EDPC_82;2;2,0876;0,1883;0,0929;;;
EDPC;3,45;;;EDPC_83;2;0,3995;0,1729;0,1045;;;
EDPC;4,6;;;EDPC_83;2;0,5149;0,1729;0,1045;;;
EDPC;5,75;;;EDPC_83;2;0,6089;0,1729;0,1045;;;
EDPC;6,9;;;EDPC_83;2;0,6937;0,1729;0,1045;;;
EDPC;10,35;;;EDPC_83;2;0,9947;0,1729;0,1045;;;
EDPC;13,8;;;EDPC_83;2;1,2062;0,1729;0,1045;;;
EDPC;17,25;;;EDPC_83;2;1,5652;0,1729;0,1045;;;
EDPC;20,7;;;EDPC_83;2;1,9172;0,1729;0,1045;;;
EDPC;3,45;;;EDPC_84;2;0,3995;0,1729;0,1045;;;
EDPC;4,6;;;EDPC_84;2;0,5149;0,1729;0,1045;;;
EDPC;5,75;;;EDPC_84;2;0,6089;0,1729;0,1045;;;
EDPC;6,9;;;EDPC_84;2;0,6937;0,1729;0,1045;;;
EDPC;10,35;;;EDPC_84;2;0,9947;0,1729;0,1045;;;
EDPC;13,8;;;EDPC_84;2;1,2062;0,1729;0,1045;;;
EDPC;17,25;;;EDPC_84;2;1,5652;0,1729;0,1045;;;
EDPC;20,7;;;EDPC_84;2;1,9172;0,1729;0,1045;;;
EDPC;3,45;;;EDPC_85;2;0,3995;0,1729;0,1045;;;
EDPC;4,6;;;EDPC_85;2;0,5149;0,1729;0,1045;;;
EDPC;5,75;;;EDPC_85;2;0,6089;0,1729;0,1045;;;
EDPC;6,9;;;EDPC_85;2;0,6937;0,1729;0,1045;;;
EDPC;10,35;;;EDPC_85;2;0,9947;0,1729;0,1045;;;
EDPC;13,8;;;EDPC_85;2;1,2062;0,1729;0,1045;;;
EDPC;17,25;;;EDPC_85;2;1,5652;0,1729;0,1045;;;
EDPC;20,7;;;EDPC_85;2;1,9172;0,1729;0,1045;;;
EDPC;3,45;;;EDPC_86;2;0,3995;0,1729;0,1045;;;
EDPC;4,6;;;EDPC_86;2;0,5149;0,1729;0,1045;;;
EDPC;5,75;;;EDPC_86;2;0,6089;0,1729;0,1045;;;
EDPC;6,9;;;EDPC_86;2;0,6937;0,1729;0,1045;;;
EDPC;10,35;;;EDPC_86;2;0,9947;0,1729;0,1045;;;
EDPC;13,8;;;EDPC_86;2;1,2062;0,1729;0,1045;;;
EDPC;17,25;;;EDPC_86;2;1,5652;0,1729;0,1045;;;
EDPC;20,7;;;EDPC_86;2;1,9172;0,1729;0,1045;;;
EDPC;3,45;;;EDPC_87;2;0,3995;0,1729;0,1045;;;
EDPC;4,6;;;EDPC_87;2;0,5149;0,1729;0,1045;;;
EDPC;5,75;;;EDPC_87;2;0,6089;0,1729;0,1045;;;
EDPC;6,9;;;EDPC_87;2;0,6937;0,1729;0,1045;;;
EDPC;10,35;;;EDPC_87;2;0,9947;0,1729;0,1045;;;
EDPC;13,8;;;EDPC_87;2;1,2062;0,1729;0,1045;;;
EDPC;17,25;;;EDPC_87;2;1,5652;0,1729;0,1045;;;
EDPC;20,7;;;EDPC_87;2;1,9172;0,1729;0,1045;;;
EDPC;3,45;;;EDPC_88;2;0,3995;0,1729;0,1045;;;
EDPC;4,6;;;EDPC_88;2;0,5149;0,1729;0,1045;;;
EDPC;5,75;;;EDPC_88;2;0,6089;0,1729;0,1045;;;
EDPC;6,9;;;EDPC_88;2;0,6937;0,1729;0,1045;;;
EDPC;10,35;;;EDPC_88;2;0,9947;0,1729;0,1045;;;
EDPC;13,8;;;EDPC_88;2;1,2062;0,1729;0,1045;;;
EDPC;17,25;;;EDPC_88;2;1,5652;0,1729;0,1045;;;
EDPC;20,7;;;EDPC_88;2;1,9172;0,1729;0,1045;;;
EDPC;3,45;;;EDPC_89;2;0,4439;0,1921;0,1161;;;
EDPC;4,6;;;EDPC_89;2;0,5721;0,1921;0,1161;;;
EDPC;5,75;;;EDPC_89;2;0,6765;0,1921;0,1161;;;
EDPC;6,9;;;EDPC_89;2;0,7708;0,1921;0,0871;;;
EDPC;10,35;;;EDPC_89;2;1,1052;0,1921;0,0871;;;
EDPC;13,8;;;EDPC_89;2;1,3402;0,1921;0,0871;;;
EDPC;17,25;;;EDPC_89;2;1,7391;0,1921;0,0871;;;
EDPC;20,7;;;EDPC_89;2;2,1302;0,1921;0,0871;;;
EDPC;3,45;;;EDPC_90;2;0,3773;0,1633;0,0987;;;
EDPC;4,6;;;EDPC_90;2;0,4863;0,1633;0,0987;;;
EDPC;5,75;;;EDPC_90;2;0,575;0,1633;0,0987;;;
EDPC;6,9;;;EDPC_90;2;0,6552;0,1633;0,0987;;;
EDPC;10,35;;;EDPC_90;2;0,9394;0,1633;0,0987;;;
EDPC;13,8;;;EDPC_90;2;1,1392;0,1633;0,0987;;;
EDPC;17,25;;;EDPC_90;2;1,4782;0,1633;0,0987;;;
EDPC;20,7;;;EDPC_90;2;1,8107;0,1633;0,0987;;;
EDPC;3,45;;;EDPC_91;2;0,4439;0,1921;0,1161;;;
EDPC;4,6;;;EDPC_91;2;0,5721;0,1921;0,1161;;;
EDPC;5,75;;;EDPC_91;2;0,6765;0,1921;0,1161;;;
EDPC;6,9;;;EDPC_91;2;0,7708;0,1921;0,0871;;;
EDPC;10,35;;;EDPC_91;2;1,1052;0,1921;0,0871;;;
EDPC;13,8;;;EDPC_91;2;1,3402;0,1921;0,0871;;;
EDPC;17,25;;;EDPC_91;2;1,7391;0,1921;0,0871;;;
EDPC;20,7;;;EDPC_91;2;2,1302;0,1921;0,0871;;;
EDPC;3,45;;;EDPC_92;2;0,3451;0,22650365;0,140763875;;;
EDPC;4,6;;;EDPC_92;2;0,4342;0,2266292;0,14082665;;;
EDPC;5,75;;;EDPC_92;2;0,5124;0,2266292;0,14082665;;;
EDPC;6,9;;;EDPC_92;2;0,5927;0,226566425;0,14082665;;;
EDPC;10,35;;;EDPC_92;2;0,8133;0,226566425;0,14082665;;;
EDPC;13,8;;;EDPC_92;2;1,0515;0,22625255;0,140261675;;;
EDPC;17,25;;;EDPC_92;2;1,2779;0,2167010625;0,132276075;;;
EDPC;20,7;;;EDPC_92;2;1,5386;0,2167010625;0,132276075;;;
EDPC;3,45;;;EDPC_93;2;0,3451;0,22650365;0,140763875;;;
EDPC;4,6;;;EDPC_93;2;0,4342;0,2266292;0,14082665;;;
EDPC;5,75;;;EDPC_93;2;0,5124;0,2266292;0,14082665;;;
EDPC;6,9;;;EDPC_93;2;0,5927;0,226566425;0,14082665;;;
EDPC;10,35;;;EDPC_93;2;0,8133;0,226566425;0,14082665;;;
EDPC;13,8;;;EDPC_93;2;1,0515;0,22625255;0,140261675;;;
EDPC;17,25;;;EDPC_93;2;1,2779;0,2167010625;0,132276075;;;
EDPC;20,7;;;EDPC_93;2;1,5386;0,2167010625;0,132276075;;;
EDPC;3,45;;;EDPC_94;2;0,3773;0,1633;0,0987;;;
EDPC;4,6;;;EDPC_94;2;0,4863;0,1633;0,0987;;;
EDPC;5,75;;;EDPC_94;2;0,575;0,1633;0,0987;;;
EDPC;6,9;;;EDPC_94;2;0,6552;0,1633;0,0987;;;
EDPC;10,35;;;EDPC_94;2;0,9394;0,1633;0,0987;;;
EDPC;13,8;;;EDPC_94;2;1,1392;0,1633;0,0987;;;
EDPC;17,25;;;EDPC_94;2;1,4782;0,1633;0,0987;;;
EDPC;20,7;;;EDPC_94;2;1,8107;0,1633;0,0987;;;
EDPC;3,45;;;EDPC_03;3;0,3476;0,3611;0,1448;0,1153;;
EDPC;4,6;;;EDPC_03;3;0,4243;0,3611;0,1448;0,1153;;
EDPC;5,75;;;EDPC_03;3;0,4904;0,3611;0,1448;0,1153;;
EDPC;6,9;;;EDPC_03;3;0,5743;0,3611;0,1448;0,1153;;
EDPC;10,35;;;EDPC_03;3;0,7511;0,3611;0,1448;0,1153;;
EDPC;13,8;;;EDPC_03;3;1,0405;0,3611;0,1448;0,1153;;
EDPC;17,25;;;EDPC_03;3;1,3564;0,3611;0,1448;0,1153;;
EDPC;20,7;;;EDPC_03;3;1,6234;0,3611;0,1448;0,1153;;
EDPC;27,6;;;EDPC_03;3;1,9586;0,3712;0,1608;0,1166;;
EDPC;34,5;;;EDPC_03;3;2,3529;0,3712;0,1608;0,1166;;
EDPC;41,4;;;EDPC_03;3;2,8369;0,3712;0,1608;0,1166;;
EDPC;3,45;;;EDPC_04;3;0,3476;0,3611;0,1448;0,1153;;
EDPC;4,6;;;EDPC_04;3;0,4243;0,3611;0,1448;0,1153;;
EDPC;5,75;;;EDPC_04;3;0,4904;0,3611;0,1448;0,1153;;
EDPC;6,9;;;EDPC_04;3;0,5743;0,3611;0,1448;0,1153;;
EDPC;10,35;;;EDPC_04;3;0,7511;0,3611;0,1448;0,1153;;
EDPC;13,8;;;EDPC_04;3;1,0405;0,3611;0,1448;0,1153;;
EDPC;17,25;;;EDPC_04;3;1,3564;0,3611;0,1448;0,1153;;
EDPC;20,7;;;EDPC_04;3;1,6234;0,3611;0,1448;0,1153;;
EDPC;27,6;;;EDPC_04;3;1,9586;0,3712;0,1608;0,1166;;
EDPC;34,5;;;EDPC_04;3;2,3529;0,3712;0,1608;0,1166;;
EDPC;41,4;;;EDPC_04;3;2,8369;0,3712;0,1608;0,1166;;
EDPC;3,45;;;EDPC_05;3;0,3476;0,3611;0,1448;0,1153;;
EDPC;4,6;;;EDPC_05;3;0,4243;0,3611;0,1448;0,1153;;
EDPC;5,75;;;EDPC_05;3;0,4904;0,3611;0,1448;0,1153;;
EDPC;6,9;;;EDPC_05;3;0,5743;0,3611;0,1448;0,1153;;
EDPC;10,35;;;EDPC_05;3;0,7511;0,3611;0,1448;0,1153;;
EDPC;13,8;;;EDPC_05;3;1,0405;0,3611;0,1448;0,1153;;
EDPC;17,25;;;EDPC_05;3;1,3564;0,3611;0,1448;0,1153;;
EDPC;20,7;;;EDPC_05;3;1,6234;0,3611;0,1448;0,1153;;
EDPC;27,6;;;EDPC_05;3;1,9586;0,3712;0,1608;0,1166;;
EDPC;34,5;;;EDPC_05;3;2,3529;0,3712;0,1608;0,1166;;
EDPC;41,4;;;EDPC_05;3;2,8369;0,3712;0,1608;0,1166;;
EDPC;27,6;;;EDPC_07;3;1,8803;0,3564;0,1544;0,1049;;
EDPC;34,5;;;EDPC_07;3;2,2588;0,3564;0,1544;0,1049;;
EDPC;41,4;;;EDPC_07;3;2,7234;0,3564;0,1544;0,1049;;
EDPC;27,6;;;EDPC_09;3;1,8803;0,3564;0,1544;0,0933;;
EDPC;34,5;;;EDPC_09;3;2,2588;0,3564;0,1544;0,0933;;
EDPC;41,4;;;EDPC_09;3;2,7234;0,3564;0,1544;0,0933;;
EDPC;3,45;;;EDPC_10;3;0,3441;0,3575;0,1434;0,1141;;
EDPC;4,6;;;EDPC_10;3;0,4201;0,3575;0,1434;0,1141;;
EDPC;5,75;;;EDPC_10;3;0,4855;0,3575;0,1434;0,1141;;
EDPC;6,9;;;EDPC_10;3;0,5686;0,3575;0,1434;0,1141;;
EDPC;10,35;;;EDPC_10;3;0,7436;0,3575;0,1434;0,1141;;
EDPC;13,8;;;EDPC_10;3;1,0301;0,3575;0,1434;0,1141;;
EDPC;17,25;;;EDPC_10;3;1,3428;0,3575;0,1434;0,1141;;
EDPC;20,7;;;EDPC_10;3;1,6072;0,3575;0,1434;0,1141;;
EDPC;27,6;;;EDPC_10;3;1,939;0,3675;0,1592;0,1154;;
EDPC;34,5;;;EDPC_10;3;2,3294;0,3675;0,1592;0,1154;;
EDPC;41,4;;;EDPC_10;3;2,8085;0,3675;0,1592;0,1154;;
EDPC;3,45;;;EDPC_100;3;0,289616;0,370895217;0,164254178;0,129560518;;
EDPC;4,6;;;EDPC_100;3;0,35512;0,371183982;0,164369684;0,129676024;;
EDPC;5,75;;;EDPC_100;3;0,417864;0,371299488;0,164427437;0,129733777;;
EDPC;6,9;;;EDPC_100;3;0,499744;0,370895217;0,164254178;0,129560518;;
EDPC;10,35;;;EDPC_100;3;0,68678;0,370837464;0,164254178;0,129560518;;
EDPC;13,8;;;EDPC_100;3;0,896448;0,3715305;0,164023166;0,129502765;;
EDPC;17,25;;;EDPC_100;3;1,089096;0,3619959075;0,1554710875;0,1217478205;;
EDPC;20,7;;;EDPC_100;3;1,3064;0,3618882445;0,1554710875;0,1217478205;;
EDPC;27,6;;;EDPC_100;3;1,689488;0,3495226625;0,162473725;0,119629965895;;
EDPC;34,5;;;EDPC_100;3;2,106156;0,3495226625;0,162473725;0,119629965895;;
EDPC;41,4;;;EDPC_100;3;2,532576;0,349468831;0,162473725;0,119629965895;;
EDPC;3,45;;;EDPC_101;3;0,308504;0,32654904975;0,1446150915;0,1140695865;;
EDPC;4,6;;;EDPC_101;3;0,37828;0,3268032885;0,144716787;0,114171282;;
EDPC;5,75;;;EDPC_101;3;0,445116;0,326904984;0,14476763475;0,11422212975;;
EDPC;6,9;;;EDPC_101;3;0,532336;0,32654904975;0,1446150915;0,1140695865;;
EDPC;10,35;;;EDPC_101;3;0,73157;0,326498202;0,1446150915;0,1140695865;;
EDPC;13,8;;;EDPC_101;3;0,954912;0,327108375;0,1444117005;0,11401873875;;
EDPC;17,25;;;EDPC_101;3;1,160124;0,318713788125;0,136882153125;0,107191015875;;
EDPC;20,7;;;EDPC_101;3;1,3916;0,318618997875;0,136882153125;0,107191015875;;
EDPC;27,6;;;EDPC_101;3;1,799672;0,307731909375;0,14304751875;0,10532638301625;;
EDPC;34,5;;;EDPC_101;3;2,243514;0,307731909375;0,14304751875;0,10532638301625;;
EDPC;41,4;;;EDPC_101;3;2,697744;0,30768451425;0,14304751875;0,10532638301625;;
EDPC;3,45;;;EDPC_102;3;0,289616;0,30236023125;0,1339028625;0,1056199875;;
EDPC;4,6;;;EDPC_102;3;0,35512;0,3025956375;0,133997025;0,10571415;;
EDPC;5,75;;;EDPC_102;3;0,417864;0,3026898;0,13404410625;0,10576123125;;
EDPC;6,9;;;EDPC_102;3;0,499744;0,30236023125;0,1339028625;0,1056199875;;
EDPC;10,35;;;EDPC_102;3;0,68678;0,30231315;0,1339028625;0,1056199875;;
EDPC;13,8;;;EDPC_102;3;0,896448;0,302878125;0,1337145375;0,10557290625;;
EDPC;17,25;;;EDPC_102;3;1,089096;0,295105359375;0,126742734375;0,099250940625;;
EDPC;20,7;;;EDPC_102;3;1,3064;0,295017590625;0,126742734375;0,099250940625;;
EDPC;27,6;;;EDPC_102;3;1,689488;0,284936953125;0,13245140625;0,09752442871875;;
EDPC;34,5;;;EDPC_102;3;2,106156;0,284936953125;0,13245140625;0,09752442871875;;
EDPC;41,4;;;EDPC_102;3;2,532576;0,28489306875;0,13245140625;0,09752442871875;;
EDPC;3,45;;;EDPC_103;3;0,295912;0,31042317075;0,1374736055;0,1084365205;;
EDPC;4,6;;;EDPC_103;3;0,36284;0,3106648545;0,137570279;0,108533194;;
EDPC;5,75;;;EDPC_103;3;0,426948;0,310761528;0,13761861575;0,10858153075;;
EDPC;6,9;;;EDPC_103;3;0,510608;0,31042317075;0,1374736055;0,1084365205;;
EDPC;10,35;;;EDPC_103;3;0,70171;0,310374834;0,1374736055;0,1084365205;;
EDPC;13,8;;;EDPC_103;3;0,915936;0,310954875;0,1372802585;0,10838818375;;
EDPC;17,25;;;EDPC_103;3;1,112772;0,302974835625;0,130122540625;0,101897632375;;
EDPC;20,7;;;EDPC_103;3;1,3348;0,302884726375;0,130122540625;0,101897632375;;
EDPC;27,6;;;EDPC_103;3;1,726216;0,292535271875;0,13598344375;0,10012508015125;;
EDPC;34,5;;;EDPC_103;3;2,151942;0,292535271875;0,13598344375;0,10012508015125;;
EDPC;41,4;;;EDPC_103;3;2,587632;0,29249021725;0,13598344375;0,10012508015125;;
EDPC;3,45;;;EDPC_104;3;0,295912;0,3789581565;0,167824921;0,132377051;;
EDPC;4,6;;;EDPC_104;3;0,36284;0,379253199;0,167942938;0,132495068;;
EDPC;5,75;;;EDPC_104;3;0,426948;0,379371216;0,1680019465;0,1325540765;;
EDPC;6,9;;;EDPC_104;3;0,510608;0,3789581565;0,167824921;0,132377051;;
EDPC;10,35;;;EDPC_104;3;0,70171;0,378899148;0,167824921;0,132377051;;
EDPC;13,8;;;EDPC_104;3;0,915936;0,37960725;0,167588887;0,1323180425;;
EDPC;17,25;;;EDPC_104;3;1,112772;0,36986538375;0,15885089375;0,12439451225;;
EDPC;20,7;;;EDPC_104;3;1,3348;0,36975538025;0,15885089375;0,12439451225;;
EDPC;27,6;;;EDPC_104;3;1,726216;0,35712098125;0,1660057625;0,1222306173275;;
EDPC;34,5;;;EDPC_104;3;2,151942;0,35712098125;0,1660057625;0,1222306173275;;
EDPC;41,4;;;EDPC_104;3;2,587632;0,3570659795;0,1660057625;0,1222306173275;;
EDPC;3,45;;;EDPC_105;3;0,308504;0,3950840355;0,174966407;0,138010117;;
EDPC;4,6;;;EDPC_105;3;0,37828;0,395391633;0,175089446;0,138133156;;
EDPC;5,75;;;EDPC_105;3;0,445116;0,395514672;0,1751509655;0,1381946755;;
EDPC;6,9;;;EDPC_105;3;0,532336;0,3950840355;0,174966407;0,138010117;;
EDPC;10,35;;;EDPC_105;3;0,73157;0,395022516;0,174966407;0,138010117;;
EDPC;13,8;;;EDPC_105;3;0,954912;0,39576075;0,174720329;0,1379485975;;
EDPC;17,25;;;EDPC_105;3;1,160124;0,38560433625;0,16561050625;0,12968789575;;
EDPC;20,7;;;EDPC_105;3;1,3916;0,38548965175;0,16561050625;0,12968789575;;
EDPC;27,6;;;EDPC_105;3;1,799672;0,37231761875;0,1730698375;0,1274319201925;;
EDPC;34,5;;;EDPC_105;3;2,243514;0,37231761875;0,1730698375;0,1274319201925;;
EDPC;41,4;;;EDPC_105;3;2,697744;0,3722602765;0,1730698375;0,1274319201925;;
EDPC;3,45;;;EDPC_106;3;0,3148;0,254;0,1125;0,0887;;
EDPC;4,6;;;EDPC_106;3;0,386;0,2542;0,1126;0,0888;;
EDPC;5,75;;;EDPC_106;3;0,4542;0,2543;0,1126;0,0888;;
EDPC;6,9;;;EDPC_106;3;0,5432;0,254;0,1125;0,0887;;
EDPC;10,35;;;EDPC_106;3;0,7465;0,2539;0,1125;0,0887;;
EDPC;13,8;;;EDPC_106;3;0,9744;0,2544;0,1123;0,0887;;
EDPC;17,25;;;EDPC_106;3;1,1838;0,2479;0,1065;0,0834;;
EDPC;20,7;;;EDPC_106;3;1,42;0,2478;0,1065;0,0834;;
EDPC;27,6;;;EDPC_106;3;0;0;0;0;;
EDPC;34,5;;;EDPC_106;3;0;0;0;0;;
EDPC;41,4;;;EDPC_106;3;0;0;0;0;;
EDPC;3,45;;;EDPC_107;3;0,3148;0,33461198925;0,1481858345;0,1168861195;;
EDPC;4,6;;;EDPC_107;3;0,386;0,3348725055;0,148290041;0,116990326;;
EDPC;5,75;;;EDPC_107;3;0,4542;0,334976712;0,14834214425;0,11704242925;;
EDPC;6,9;;;EDPC_107;3;0,5432;0,33461198925;0,1481858345;0,1168861195;;
EDPC;10,35;;;EDPC_107;3;0,7465;0,334559886;0,1481858345;0,1168861195;;
EDPC;13,8;;;EDPC_107;3;0,9744;0,335185125;0,1479774215;0,11683401625;;
EDPC;17,25;;;EDPC_107;3;1,1838;0,326583264375;0,140261959375;0,109837707625;;
EDPC;20,7;;;EDPC_107;3;1,42;0,326486133625;0,140261959375;0,109837707625;;
EDPC;27,6;;;EDPC_107;3;1,8364;0,315330228125;0,14657955625;0,10792703444875;;
EDPC;34,5;;;EDPC_107;3;2,2893;0,315330228125;0,14657955625;0,10792703444875;;
EDPC;41,4;;;EDPC_107;3;2,7528;0,31528166275;0,14657955625;0,10792703444875;;
EDPC;3,45;;;EDPC_108;3;0;0;0;0;;
EDPC;4,6;;;EDPC_108;3;0;0;0;0;;
EDPC;5,75;;;EDPC_108;3;0;0;0;0;;
EDPC;6,9;;;EDPC_108;3;0;0;0;0;;
EDPC;10,35;;;EDPC_108;3;0;0;0;0;;
EDPC;13,8;;;EDPC_108;3;0;0;0;0;;
EDPC;17,25;;;EDPC_108;3;0;0;0;0;;
EDPC;20,7;;;EDPC_108;3;0;0;0;0;;
EDPC;27,6;;;EDPC_108;3;1,8364;0,3153;0,1466;0,1079;;
EDPC;34,5;;;EDPC_108;3;2,2893;0,3153;0,1466;0,1079;;
EDPC;41,4;;;EDPC_108;3;2,7528;0,3153;0,1466;0,1079;;
EDPC;3,45;;;EDPC_109;3;0,3148;0,33461198925;0,1481858345;0,1168861195;;
EDPC;4,6;;;EDPC_109;3;0,386;0,3348725055;0,148290041;0,116990326;;
EDPC;5,75;;;EDPC_109;3;0,4542;0,334976712;0,14834214425;0,11704242925;;
EDPC;6,9;;;EDPC_109;3;0,5432;0,33461198925;0,1481858345;0,1168861195;;
EDPC;10,35;;;EDPC_109;3;0,7465;0,334559886;0,1481858345;0,1168861195;;
EDPC;13,8;;;EDPC_109;3;0,9744;0,335185125;0,1479774215;0,11683401625;;
EDPC;17,25;;;EDPC_109;3;1,1838;0,326583264375;0,140261959375;0,109837707625;;
EDPC;20,7;;;EDPC_109;3;1,42;0,326486133625;0,140261959375;0,109837707625;;
EDPC;27,6;;;EDPC_109;3;1,8364;0,315330228125;0,14657955625;0,10792703444875;;
EDPC;34,5;;;EDPC_109;3;2,2893;0,315330228125;0,14657955625;0,10792703444875;;
EDPC;41,4;;;EDPC_109;3;2,7528;0,31528166275;0,14657955625;0,10792703444875;;
EDPC;3,45;;;EDPC_11;3;0,3476;0,3611;0,1448;0,1153;;
EDPC;4,6;;;EDPC_11;3;0,4243;0,3611;0,1448;0,1153;;
EDPC;5,75;;;EDPC_11;3;0,4904;0,3611;0,1448;0,1153;;
EDPC;6,9;;;EDPC_11;3;0,5743;0,3611;0,1448;0,1153;;
EDPC;10,35;;;EDPC_11;3;0,7511;0,3611;0,1448;0,1153;;
EDPC;13,8;;;EDPC_11;3;1,0405;0,3611;0,1448;0,1153;;
EDPC;17,25;;;EDPC_11;3;1,3564;0,3611;0,1448;0,1153;;
EDPC;20,7;;;EDPC_11;3;1,6234;0,3611;0,1448;0,1153;;
EDPC;27,6;;;EDPC_11;3;1,9586;0,3712;0,1608;0,1166;;
EDPC;34,5;;;EDPC_11;3;2,3529;0,3712;0,1608;0,1166;;
EDPC;41,4;;;EDPC_11;3;2,8369;0,3712;0,1608;0,1166;;
EDPC;3,45;;;EDPC_110;3;0,311652;0,39911550525;0,1767517785;0,1394183835;;
EDPC;4,6;;;EDPC_110;3;0,38214;0,3994262415;0,176876073;0,139542678;;
EDPC;5,75;;;EDPC_110;3;0,449658;0,399550536;0,17693822025;0,13960482525;;
EDPC;6,9;;;EDPC_110;3;0,537768;0,39911550525;0,1767517785;0,1394183835;;
EDPC;10,35;;;EDPC_110;3;0,739035;0,399053358;0,1767517785;0,1394183835;;
EDPC;13,8;;;EDPC_110;3;0,964656;0,399799125;0,1765031895;0,13935623625;;
EDPC;17,25;;;EDPC_110;3;1,171962;0,389539074375;0,167300409375;0,131011241625;;
EDPC;20,7;;;EDPC_110;3;1,4058;0,389423219625;0,167300409375;0,131011241625;;
EDPC;27,6;;;EDPC_110;3;1,818036;0,376116778125;0,17483585625;0,12873224590875;;
EDPC;34,5;;;EDPC_110;3;2,266407;0,376116778125;0,17483585625;0,12873224590875;;
EDPC;41,4;;;EDPC_110;3;2,725272;0,37605885075;0,17483585625;0,12873224590875;;
EDPC;3,45;;;EDPC_12;3;0,3476;0,3611;0,1448;0,1153;;
EDPC;4,6;;;EDPC_12;3;0,4243;0,3611;0,1448;0,1153;;
EDPC;5,75;;;EDPC_12;3;0,4904;0,3611;0,1448;0,1153;;
EDPC;6,9;;;EDPC_12;3;0,5743;0,3611;0,1448;0,1153;;
EDPC;10,35;;;EDPC_12;3;0,7511;0,3611;0,1448;0,1153;;
EDPC;13,8;;;EDPC_12;3;1,0405;0,3611;0,1448;0,1153;;
EDPC;17,25;;;EDPC_12;3;1,3564;0,3611;0,1448;0,1153;;
EDPC;20,7;;;EDPC_12;3;1,6234;0,3611;0,1448;0,1153;;
EDPC;27,6;;;EDPC_12;3;1,9586;0,3712;0,1608;0,1166;;
EDPC;34,5;;;EDPC_12;3;2,3529;0,3712;0,1608;0,1166;;
EDPC;41,4;;;EDPC_12;3;2,8369;0,3712;0,1608;0,1166;;
EDPC;3,45;;;EDPC_13;3;0,3476;0,3611;0,1448;0,1153;;
EDPC;4,6;;;EDPC_13;3;0,4243;0,3611;0,1448;0,1153;;
EDPC;5,75;;;EDPC_13;3;0,4904;0,3611;0,1448;0,1153;;
EDPC;6,9;;;EDPC_13;3;0,5743;0,3611;0,1448;0,1153;;
EDPC;10,35;;;EDPC_13;3;0,7511;0,3611;0,1448;0,1153;;
EDPC;13,8;;;EDPC_13;3;1,0405;0,3611;0,1448;0,1153;;
EDPC;17,25;;;EDPC_13;3;1,3564;0,3611;0,1448;0,1153;;
EDPC;20,7;;;EDPC_13;3;1,6234;0,3611;0,1448;0,1153;;
EDPC;27,6;;;EDPC_13;3;1,9586;0,3712;0,1608;0,1166;;
EDPC;34,5;;;EDPC_13;3;2,3529;0,3712;0,1608;0,1166;;
EDPC;41,4;;;EDPC_13;3;2,8369;0,3712;0,1608;0,1166;;
EDPC;3,45;;;EDPC_133;3;0;0;0;0;;
EDPC;4,6;;;EDPC_133;3;0;0;0;0;;
EDPC;5,75;;;EDPC_133;3;0;0;0;0;;
EDPC;6,9;;;EDPC_133;3;0;0;0;0;;
EDPC;10,35;;;EDPC_133;3;0;0;0;0;;
EDPC;13,8;;;EDPC_133;3;0;0;0;0;;
EDPC;17,25;;;EDPC_133;3;0;0;0;0;;
EDPC;20,7;;;EDPC_133;3;0;0;0;0;;
EDPC;27,6;;;EDPC_133;3;1,726216;0,292523;0,135982;0,1001;;
EDPC;34,5;;;EDPC_133;3;2,151942;0,292523;0,135982;0,1001;;
EDPC;41,4;;;EDPC_133;3;2,587632;0,292523;0,135982;0,1001;;
EDPC;3,45;;;EDPC_134;3;0,295912;0,229767;0,101745;0,080256;;
EDPC;4,6;;;EDPC_134;3;0,36284;0,229995;0,101859;0,08037;;
EDPC;5,75;;;EDPC_134;3;0,426948;0,230052;0,101859;0,08037;;
EDPC;6,9;;;EDPC_134;3;0,510608;0,229767;0,101745;0,080256;;
EDPC;10,35;;;EDPC_134;3;0,70171;0,229767;0,101745;0,080256;;
EDPC;13,8;;;EDPC_134;3;0,915936;0,230166;0,101631;0,080256;;
EDPC;17,25;;;EDPC_134;3;1,112772;0,224295;0,09633;0,075411;;
EDPC;20,7;;;EDPC_134;3;1,3348;0,224238;0,09633;0,075411;;
EDPC;27,6;;;EDPC_134;3;0;0;0;0;;
EDPC;34,5;;;EDPC_134;3;0;0;0;0;;
EDPC;41,4;;;EDPC_134;3;0;0;0;0;;
EDPC;3,45;;;EDPC_135;3;0,295912;0,310387;0,137445;0,108416;;
EDPC;4,6;;;EDPC_135;3;0,36284;0,310695;0,137599;0,10857;;
EDPC;5,75;;;EDPC_135;3;0,426948;0,310772;0,137599;0,10857;;
EDPC;6,9;;;EDPC_135;3;0,510608;0,310387;0,137445;0,108416;;
EDPC;10,35;;;EDPC_135;3;0,70171;0,310387;0,137445;0,108416;;
EDPC;13,8;;;EDPC_135;3;0,915936;0,310926;0,137291;0,108416;;
EDPC;17,25;;;EDPC_135;3;1,112772;0,302995;0,13013;0,101871;;
EDPC;20,7;;;EDPC_135;3;1,3348;0,302918;0,13013;0,101871;;
EDPC;27,6;;;EDPC_135;3;1,726216;0,292523;0,135982;0,1001;;
EDPC;34,5;;;EDPC_135;3;2,151942;0,292523;0,135982;0,1001;;
EDPC;41,4;;;EDPC_135;3;2,587632;0,292523;0,135982;0,1001;;
EDPC;3,45;;;EDPC_136;3;0,3128;0,325;0,1303;0,1038;;
EDPC;4,6;;;EDPC_136;3;0,3819;0,325;0,1303;0,1038;;
EDPC;5,75;;;EDPC_136;3;0,4414;0,325;0,1303;0,1038;;
EDPC;6,9;;;EDPC_136;3;0,5169;0,325;0,1303;0,1038;;
EDPC;10,35;;;EDPC_136;3;0,676;0,325;0,1303;0,1038;;
EDPC;13,8;;;EDPC_136;3;0,9365;0,325;0,1303;0,1038;;
EDPC;17,25;;;EDPC_136;3;1,2208;0,325;0,1303;0,1038;;
EDPC;20,7;;;EDPC_136;3;1,4611;0,325;0,1303;0,1038;;
EDPC;3,45;;;EDPC_138;3;0,295912;0,31042317075;0,1374736055;0,1084365205;;
EDPC;4,6;;;EDPC_138;3;0,36284;0,3106648545;0,137570279;0,108533194;;
EDPC;5,75;;;EDPC_138;3;0,426948;0,310761528;0,13761861575;0,10858153075;;
EDPC;6,9;;;EDPC_138;3;0,510608;0,31042317075;0,1374736055;0,1084365205;;
EDPC;10,35;;;EDPC_138;3;0,70171;0,310374834;0,1374736055;0,1084365205;;
EDPC;13,8;;;EDPC_138;3;0,915936;0,310954875;0,1372802585;0,10838818375;;
EDPC;17,25;;;EDPC_138;3;1,112772;0,302974835625;0,130122540625;0,101897632375;;
EDPC;20,7;;;EDPC_138;3;1,3348;0,302884726375;0,130122540625;0,101897632375;;
EDPC;27,6;;;EDPC_138;3;1,726216;0,292535271875;0,13598344375;0,10012508015125;;
EDPC;34,5;;;EDPC_138;3;2,151942;0,292535271875;0,13598344375;0,10012508015125;;
EDPC;41,4;;;EDPC_138;3;2,587632;0,29249021725;0,13598344375;0,10012508015125;;
EDPC;3,45;;;EDPC_139;3;0,289616;0,30236023125;0,1339028625;0,1056199875;;
EDPC;4,6;;;EDPC_139;3;0,35512;0,3025956375;0,133997025;0,10571415;;
EDPC;5,75;;;EDPC_139;3;0,417864;0,3026898;0,13404410625;0,10576123125;;
EDPC;6,9;;;EDPC_139;3;0,499744;0,30236023125;0,1339028625;0,1056199875;;
EDPC;10,35;;;EDPC_139;3;0,68678;0,30231315;0,1339028625;0,1056199875;;
EDPC;13,8;;;EDPC_139;3;0,896448;0,302878125;0,1337145375;0,10557290625;;
EDPC;17,25;;;EDPC_139;3;1,089096;0,295105359375;0,126742734375;0,099250940625;;
EDPC;20,7;;;EDPC_139;3;1,3064;0,295017590625;0,126742734375;0,099250940625;;
EDPC;27,6;;;EDPC_139;3;1,689488;0,284936953125;0,13245140625;0,09752442871875;;
EDPC;34,5;;;EDPC_139;3;2,106156;0,284936953125;0,13245140625;0,09752442871875;;
EDPC;41,4;;;EDPC_139;3;2,532576;0,28489306875;0,13245140625;0,09752442871875;;
EDPC;3,45;;;EDPC_14;3;0,3476;0,3611;0,1448;0,1153;;
EDPC;4,6;;;EDPC_14;3;0,4243;0,3611;0,1448;0,1153;;
EDPC;5,75;;;EDPC_14;3;0,4904;0,3611;0,1448;0,1153;;
EDPC;6,9;;;EDPC_14;3;0,5743;0,3611;0,1448;0,1153;;
EDPC;10,35;;;EDPC_14;3;0,7511;0,3611;0,1448;0,1153;;
EDPC;13,8;;;EDPC_14;3;1,0405;0,3611;0,1448;0,1153;;
EDPC;17,25;;;EDPC_14;3;1,3564;0,3611;0,1448;0,1153;;
EDPC;20,7;;;EDPC_14;3;1,6234;0,3611;0,1448;0,1153;;
EDPC;27,6;;;EDPC_14;3;1,9586;0,3712;0,1608;0,1166;;
EDPC;34,5;;;EDPC_14;3;2,3529;0,3712;0,1608;0,1166;;
EDPC;41,4;;;EDPC_14;3;2,8369;0,3712;0,1608;0,1166;;
EDPC;3,45;;;EDPC_140;3;0,308504;0,326511;0,144585;0,114048;;
EDPC;4,6;;;EDPC_140;3;0,37828;0,326835;0,144747;0,11421;;
EDPC;5,75;;;EDPC_140;3;0,445116;0,326916;0,144747;0,11421;;
EDPC;6,9;;;EDPC_140;3;0,532336;0,326511;0,144585;0,114048;;
EDPC;10,35;;;EDPC_140;3;0,73157;0,326511;0,144585;0,114048;;
EDPC;13,8;;;EDPC_140;3;0,954912;0,327078;0,144423;0,114048;;
EDPC;17,25;;;EDPC_140;3;1,160124;0,318735;0,13689;0,107163;;
EDPC;20,7;;;EDPC_140;3;1,3916;0,318654;0,13689;0,107163;;
EDPC;27,6;;;EDPC_140;3;1,799672;0,307719;0,143046;0,1053;;
EDPC;34,5;;;EDPC_140;3;2,243514;0,307719;0,143046;0,1053;;
EDPC;41,4;;;EDPC_140;3;2,697744;0,307719;0,143046;0,1053;;
EDPC;3,45;;;EDPC_141;3;0,289616;0,221705;0,098175;0,07744;;
EDPC;4,6;;;EDPC_141;3;0,35512;0,221925;0,098285;0,07755;;
EDPC;5,75;;;EDPC_141;3;0,417864;0,22198;0,098285;0,07755;;
EDPC;6,9;;;EDPC_141;3;0,499744;0,221705;0,098175;0,07744;;
EDPC;10,35;;;EDPC_141;3;0,68678;0,221705;0,098175;0,07744;;
EDPC;13,8;;;EDPC_141;3;0,896448;0,22209;0,098065;0,07744;;
EDPC;17,25;;;EDPC_141;3;1,089096;0,216425;0,09295;0,072765;;
EDPC;20,7;;;EDPC_141;3;1,3064;0,21637;0,09295;0,072765;;
EDPC;27,6;;;EDPC_141;3;0;0;0;0;;
EDPC;34,5;;;EDPC_141;3;0;0;0;0;;
EDPC;41,4;;;EDPC_141;3;0;0;0;0;;
EDPC;3,45;;;EDPC_142;3;0,289616;0,302325;0,133875;0,1056;;
EDPC;4,6;;;EDPC_142;3;0,35512;0,302625;0,134025;0,10575;;
EDPC;5,75;;;EDPC_142;3;0,417864;0,3027;0,134025;0,10575;;
EDPC;6,9;;;EDPC_142;3;0,499744;0,302325;0,133875;0,1056;;
EDPC;10,35;;;EDPC_142;3;0,68678;0,302325;0,133875;0,1056;;
EDPC;13,8;;;EDPC_142;3;0,896448;0,30285;0,133725;0,1056;;
EDPC;17,25;;;EDPC_142;3;1,089096;0,295125;0,12675;0,099225;;
EDPC;20,7;;;EDPC_142;3;1,3064;0,29505;0,12675;0,099225;;
EDPC;27,6;;;EDPC_142;3;1,689488;0,284925;0,13245;0,0975;;
EDPC;34,5;;;EDPC_142;3;2,106156;0,284925;0,13245;0,0975;;
EDPC;41,4;;;EDPC_142;3;2,532576;0,284925;0,13245;0,0975;;
EDPC;3,45;;;EDPC_143;3;0;0;0;0;;
EDPC;4,6;;;EDPC_143;3;0;0;0;0;;
EDPC;5,75;;;EDPC_143;3;0;0;0;0;;
EDPC;6,9;;;EDPC_143;3;0;0;0;0;;
EDPC;10,35;;;EDPC_143;3;0;0;0;0;;
EDPC;13,8;;;EDPC_143;3;0;0;0;0;;
EDPC;17,25;;;EDPC_143;3;0;0;0;0;;
EDPC;20,7;;;EDPC_143;3;0;0;0;0;;
EDPC;27,6;;;EDPC_143;3;1,689488;0,284925;0,13245;0,0975;;
EDPC;34,5;;;EDPC_143;3;2,106156;0,284925;0,13245;0,0975;;
EDPC;41,4;;;EDPC_143;3;2,532576;0,284925;0,13245;0,0975;;
EDPC;27,6;;;EDPC_145;3;1,8803;0,3564;0,1544;0,0933;;
EDPC;34,5;;;EDPC_145;3;2,2588;0,3564;0,1544;0,0933;;
EDPC;41,4;;;EDPC_145;3;2,7234;0,3564;0,1544;0,0933;;
EDPC;27,6;;;EDPC_149;3;1,8803;0,3564;0,1544;0,1049;;
EDPC;34,5;;;EDPC_149;3;2,2588;0,3564;0,1544;0,1049;;
EDPC;41,4;;;EDPC_149;3;2,7234;0,3564;0,1544;0,1049;;
EDPC;3,45;;;EDPC_15;3;0,3476;0,3611;0,1448;0,1153;;
EDPC;4,6;;;EDPC_15;3;0,4243;0,3611;0,1448;0,1153;;
EDPC;5,75;;;EDPC_15;3;0,4904;0,3611;0,1448;0,1153;;
EDPC;6,9;;;EDPC_15;3;0,5743;0,3611;0,1448;0,1153;;
EDPC;10,35;;;EDPC_15;3;0,7511;0,3611;0,1448;0,1153;;
EDPC;13,8;;;EDPC_15;3;1,0405;0,3611;0,1448;0,1153;;
EDPC;17,25;;;EDPC_15;3;1,3564;0,3611;0,1448;0,1153;;
EDPC;20,7;;;EDPC_15;3;1,6234;0,3611;0,1448;0,1153;;
EDPC;27,6;;;EDPC_15;3;1,9586;0,3712;0,1608;0,1166;;
EDPC;34,5;;;EDPC_15;3;2,3529;0,3712;0,1608;0,1166;;
EDPC;41,4;;;EDPC_15;3;2,8369;0,3712;0,1608;0,1166;;
EDPC;3,45;;;EDPC_150;3;0,3441;0,3575;0,1434;0,1141;;
EDPC;4,6;;;EDPC_150;3;0,4201;0,3575;0,1434;0,1141;;
EDPC;5,75;;;EDPC_150;3;0,4855;0,3575;0,1434;0,1141;;
EDPC;6,9;;;EDPC_150;3;0,5686;0,3575;0,1434;0,1141;;
EDPC;10,35;;;EDPC_150;3;0,7436;0,3575;0,1434;0,1141;;
EDPC;13,8;;;EDPC_150;3;1,0301;0,3575;0,1434;0,1141;;
EDPC;17,25;;;EDPC_150;3;1,3428;0,3575;0,1434;0,1141;;
EDPC;20,7;;;EDPC_150;3;1,6072;0,3575;0,1434;0,1141;;
EDPC;27,6;;;EDPC_150;3;1,939;0,3675;0,1592;0,1154;;
EDPC;34,5;;;EDPC_150;3;2,3294;0,3675;0,1592;0,1154;;
EDPC;41,4;;;EDPC_150;3;2,8085;0,3675;0,1592;0,1154;;
EDPC;3,45;;;EDPC_151;3;0,3476;0,3611;0,1448;0,1153;;
EDPC;4,6;;;EDPC_151;3;0,4243;0,3611;0,1448;0,1153;;
EDPC;5,75;;;EDPC_151;3;0,4904;0,3611;0,1448;0,1153;;
EDPC;6,9;;;EDPC_151;3;0,5743;0,3611;0,1448;0,1153;;
EDPC;10,35;;;EDPC_151;3;0,7511;0,3611;0,1448;0,1153;;
EDPC;13,8;;;EDPC_151;3;1,0405;0,3611;0,1448;0,1153;;
EDPC;17,25;;;EDPC_151;3;1,3564;0,3611;0,1448;0,1153;;
EDPC;20,7;;;EDPC_151;3;1,6234;0,3611;0,1448;0,1153;;
EDPC;27,6;;;EDPC_151;3;1,9586;0,3712;0,1608;0,1166;;
EDPC;34,5;;;EDPC_151;3;2,3529;0,3712;0,1608;0,1166;;
EDPC;41,4;;;EDPC_151;3;2,8369;0,3712;0,1608;0,1166;;
EDPC;3,45;;;EDPC_155;3;0;0;0;0;;
EDPC;4,6;;;EDPC_155;3;0;0;0;0;;
EDPC;5,75;;;EDPC_155;3;0;0;0;0;;
EDPC;6,9;;;EDPC_155;3;0;0;0;0;;
EDPC;10,35;;;EDPC_155;3;0;0;0;0;;
EDPC;13,8;;;EDPC_155;3;0;0;0;0;;
EDPC;17,25;;;EDPC_155;3;0;0;0;0;;
EDPC;20,7;;;EDPC_155;3;0;0;0;0;;
EDPC;27,6;;;EDPC_155;3;1,689488;0,284925;0,13245;0,0975;;
EDPC;34,5;;;EDPC_155;3;2,106156;0,284925;0,13245;0,0975;;
EDPC;41,4;;;EDPC_155;3;2,532576;0,284925;0,13245;0,0975;;
EDPC;3,45;;;EDPC_156;3;0,289616;0,221705;0,098175;0,07744;;
EDPC;4,6;;;EDPC_156;3;0,35512;0,221925;0,098285;0,07755;;
EDPC;5,75;;;EDPC_156;3;0,417864;0,22198;0,098285;0,07755;;
EDPC;6,9;;;EDPC_156;3;0,499744;0,221705;0,098175;0,07744;;
EDPC;10,35;;;EDPC_156;3;0,68678;0,221705;0,098175;0,07744;;
EDPC;13,8;;;EDPC_156;3;0,896448;0,22209;0,098065;0,07744;;
EDPC;17,25;;;EDPC_156;3;1,089096;0,216425;0,09295;0,072765;;
EDPC;20,7;;;EDPC_156;3;1,3064;0,21637;0,09295;0,072765;;
EDPC;27,6;;;EDPC_156;3;0;0;0;0;;
EDPC;34,5;;;EDPC_156;3;0;0;0;0;;
EDPC;41,4;;;EDPC_156;3;0;0;0;0;;
EDPC;3,45;;;EDPC_157;3;0,289616;0,302325;0,133875;0,1056;;
EDPC;4,6;;;EDPC_157;3;0,35512;0,302625;0,134025;0,10575;;
EDPC;5,75;;;EDPC_157;3;0,417864;0,3027;0,134025;0,10575;;
EDPC;6,9;;;EDPC_157;3;0,499744;0,302325;0,133875;0,1056;;
EDPC;10,35;;;EDPC_157;3;0,68678;0,302325;0,133875;0,1056;;
EDPC;13,8;;;EDPC_157;3;0,896448;0,30285;0,133725;0,1056;;
EDPC;17,25;;;EDPC_157;3;1,089096;0,295125;0,12675;0,099225;;
EDPC;20,7;;;EDPC_157;3;1,3064;0,29505;0,12675;0,099225;;
EDPC;27,6;;;EDPC_157;3;1,689488;0,284925;0,13245;0,0975;;
EDPC;34,5;;;EDPC_157;3;2,106156;0,284925;0,13245;0,0975;;
EDPC;41,4;;;EDPC_157;3;2,532576;0,284925;0,13245;0,0975;;
EDPC;3,45;;;EDPC_158;3;0,295912;0,229767;0,101745;0,080256;;
EDPC;4,6;;;EDPC_158;3;0,36284;0,229995;0,101859;0,08037;;
EDPC;5,75;;;EDPC_158;3;0,426948;0,230052;0,101859;0,08037;;
EDPC;6,9;;;EDPC_158;3;0,510608;0,229767;0,101745;0,080256;;
EDPC;10,35;;;EDPC_158;3;0,70171;0,229767;0,101745;0,080256;;
EDPC;13,8;;;EDPC_158;3;0,915936;0,230166;0,101631;0,080256;;
EDPC;17,25;;;EDPC_158;3;1,112772;0,224295;0,09633;0,075411;;
EDPC;20,7;;;EDPC_158;3;1,3348;0,224238;0,09633;0,075411;;
EDPC;27,6;;;EDPC_158;3;0;0;0;0;;
EDPC;34,5;;;EDPC_158;3;0;0;0;0;;
EDPC;41,4;;;EDPC_158;3;0;0;0;0;;
EDPC;3,45;;;EDPC_159;3;0,295912;0,31042317075;0,1374736055;0,1084365205;;
EDPC;4,6;;;EDPC_159;3;0,36284;0,3106648545;0,137570279;0,108533194;;
EDPC;5,75;;;EDPC_159;3;0,426948;0,310761528;0,13761861575;0,10858153075;;
EDPC;6,9;;;EDPC_159;3;0,510608;0,31042317075;0,1374736055;0,1084365205;;
EDPC;10,35;;;EDPC_159;3;0,70171;0,310374834;0,1374736055;0,1084365205;;
EDPC;13,8;;;EDPC_159;3;0,915936;0,310954875;0,1372802585;0,10838818375;;
EDPC;17,25;;;EDPC_159;3;1,112772;0,302974835625;0,130122540625;0,101897632375;;
EDPC;20,7;;;EDPC_159;3;1,3348;0,302884726375;0,130122540625;0,101897632375;;
EDPC;27,6;;;EDPC_159;3;1,726216;0,292535271875;0,13598344375;0,10012508015125;;
EDPC;34,5;;;EDPC_159;3;2,151942;0,292535271875;0,13598344375;0,10012508015125;;
EDPC;41,4;;;EDPC_159;3;2,587632;0,29249021725;0,13598344375;0,10012508015125;;
EDPC;3,45;;;EDPC_16;3;0,3476;0,3611;0,1448;0,1153;;
EDPC;4,6;;;EDPC_16;3;0,4243;0,3611;0,1448;0,1153;;
EDPC;5,75;;;EDPC_16;3;0,4904;0,3611;0,1448;0,1153;;
EDPC;6,9;;;EDPC_16;3;0,5743;0,3611;0,1448;0,1153;;
EDPC;10,35;;;EDPC_16;3;0,7511;0,3611;0,1448;0,1153;;
EDPC;13,8;;;EDPC_16;3;1,0405;0,3611;0,1448;0,1153;;
EDPC;17,25;;;EDPC_16;3;1,3564;0,3611;0,1448;0,1153;;
EDPC;20,7;;;EDPC_16;3;1,6234;0,3611;0,1448;0,1153;;
EDPC;27,6;;;EDPC_16;3;1,9586;0,3712;0,1608;0,1166;;
EDPC;34,5;;;EDPC_16;3;2,3529;0,3712;0,1608;0,1166;;
EDPC;41,4;;;EDPC_16;3;2,8369;0,3712;0,1608;0,1166;;
EDPC;3,45;;;EDPC_160;3;0,289616;0,30236023125;0,1339028625;0,1056199875;;
EDPC;4,6;;;EDPC_160;3;0,35512;0,3025956375;0,133997025;0,10571415;;
EDPC;5,75;;;EDPC_160;3;0,417864;0,3026898;0,13404410625;0,10576123125;;
EDPC;6,9;;;EDPC_160;3;0,499744;0,30236023125;0,1339028625;0,1056199875;;
EDPC;10,35;;;EDPC_160;3;0,68678;0,30231315;0,1339028625;0,1056199875;;
EDPC;13,8;;;EDPC_160;3;0,896448;0,302878125;0,1337145375;0,10557290625;;
EDPC;17,25;;;EDPC_160;3;1,089096;0,295105359375;0,126742734375;0,099250940625;;
EDPC;20,7;;;EDPC_160;3;1,3064;0,295017590625;0,126742734375;0,099250940625;;
EDPC;27,6;;;EDPC_160;3;1,689488;0,284936953125;0,13245140625;0,09752442871875;;
EDPC;34,5;;;EDPC_160;3;2,106156;0,284936953125;0,13245140625;0,09752442871875;;
EDPC;41,4;;;EDPC_160;3;2,532576;0,28489306875;0,13245140625;0,09752442871875;;
EDPC;3,45;;;EDPC_161;3;0,308504;0,32654904975;0,1446150915;0,1140695865;;
EDPC;4,6;;;EDPC_161;3;0,37828;0,3268032885;0,144716787;0,114171282;;
EDPC;5,75;;;EDPC_161;3;0,445116;0,326904984;0,14476763475;0,11422212975;;
EDPC;6,9;;;EDPC_161;3;0,532336;0,32654904975;0,1446150915;0,1140695865;;
EDPC;10,35;;;EDPC_161;3;0,73157;0,326498202;0,1446150915;0,1140695865;;
EDPC;13,8;;;EDPC_161;3;0,954912;0,327108375;0,1444117005;0,11401873875;;
EDPC;17,25;;;EDPC_161;3;1,160124;0,318713788125;0,136882153125;0,107191015875;;
EDPC;20,7;;;EDPC_161;3;1,3916;0,318618997875;0,136882153125;0,107191015875;;
EDPC;27,6;;;EDPC_161;3;1,799672;0,307731909375;0,14304751875;0,10532638301625;;
EDPC;34,5;;;EDPC_161;3;2,243514;0,307731909375;0,14304751875;0,10532638301625;;
EDPC;41,4;;;EDPC_161;3;2,697744;0,30768451425;0,14304751875;0,10532638301625;;
EDPC;3,45;;;EDPC_162;3;0,3148;0,3346;0,1482;0,1169;;
EDPC;4,6;;;EDPC_162;3;0,386;0,3349;0,1483;0,117;;
EDPC;5,75;;;EDPC_162;3;0,4542;0,335;0,1483;0,117;;
EDPC;6,9;;;EDPC_162;3;0,5432;0,3346;0,1482;0,1169;;
EDPC;10,35;;;EDPC_162;3;0,7465;0,3346;0,1482;0,1169;;
EDPC;13,8;;;EDPC_162;3;0,9744;0,3352;0,148;0,1168;;
EDPC;17,25;;;EDPC_162;3;1,1838;0,3266;0,1403;0,1098;;
EDPC;20,7;;;EDPC_162;3;1,42;0,3265;0,1403;0,1098;;
EDPC;27,6;;;EDPC_162;3;1,8364;0,3153;0,1466;0,1079;;
EDPC;34,5;;;EDPC_162;3;2,2893;0,3153;0,1466;0,1079;;
EDPC;41,4;;;EDPC_162;3;2,7528;0,3153;0,1466;0,1079;;
EDPC;3,45;;;EDPC_163;3;0,308504;0,245891;0,108885;0,085888;;
EDPC;4,6;;;EDPC_163;3;0,37828;0,246135;0,109007;0,08601;;
EDPC;5,75;;;EDPC_163;3;0,445116;0,246196;0,109007;0,08601;;
EDPC;6,9;;;EDPC_163;3;0,532336;0,245891;0,108885;0,085888;;
EDPC;10,35;;;EDPC_163;3;0,73157;0,245891;0,108885;0,085888;;
EDPC;13,8;;;EDPC_163;3;0,954912;0,246318;0,108763;0,085888;;
EDPC;17,25;;;EDPC_163;3;1,160124;0,240035;0,10309;0,080703;;
EDPC;20,7;;;EDPC_163;3;1,3916;0,239974;0,10309;0,080703;;
EDPC;27,6;;;EDPC_163;3;0;0;0;0;;
EDPC;34,5;;;EDPC_163;3;0;0;0;0;;
EDPC;41,4;;;EDPC_163;3;0;0;0;0;;
EDPC;3,45;;;EDPC_164;3;0,308504;0,326511;0,144585;0,114048;;
EDPC;4,6;;;EDPC_164;3;0,37828;0,326835;0,144747;0,11421;;
EDPC;5,75;;;EDPC_164;3;0,445116;0,326916;0,144747;0,11421;;
EDPC;6,9;;;EDPC_164;3;0,532336;0,326511;0,144585;0,114048;;
EDPC;10,35;;;EDPC_164;3;0,73157;0,326511;0,144585;0,114048;;
EDPC;13,8;;;EDPC_164;3;0,954912;0,327078;0,144423;0,114048;;
EDPC;17,25;;;EDPC_164;3;1,160124;0,318735;0,13689;0,107163;;
EDPC;20,7;;;EDPC_164;3;1,3916;0,318654;0,13689;0,107163;;
EDPC;27,6;;;EDPC_164;3;1,799672;0,307719;0,143046;0,1053;;
EDPC;34,5;;;EDPC_164;3;2,243514;0,307719;0,143046;0,1053;;
EDPC;41,4;;;EDPC_164;3;2,697744;0,307719;0,143046;0,1053;;
EDPC;3,45;;;EDPC_165;3;0;0;0;0;;
EDPC;4,6;;;EDPC_165;3;0;0;0;0;;
EDPC;5,75;;;EDPC_165;3;0;0;0;0;;
EDPC;6,9;;;EDPC_165;3;0;0;0;0;;
EDPC;10,35;;;EDPC_165;3;0;0;0;0;;
EDPC;13,8;;;EDPC_165;3;0;0;0;0;;
EDPC;17,25;;;EDPC_165;3;0;0;0;0;;
EDPC;20,7;;;EDPC_165;3;0;0;0;0;;
EDPC;27,6;;;EDPC_165;3;1,799672;0,307719;0,143046;0,1053;;
EDPC;34,5;;;EDPC_165;3;2,243514;0,307719;0,143046;0,1053;;
EDPC;41,4;;;EDPC_165;3;2,697744;0,307719;0,143046;0,1053;;
EDPC;3,45;;;EDPC_166;3;0,3148;0,3346;0,1482;0,1169;;
EDPC;4,6;;;EDPC_166;3;0,386;0,3349;0,1483;0,117;;
EDPC;5,75;;;EDPC_166;3;0,4542;0,335;0,1483;0,117;;
EDPC;6,9;;;EDPC_166;3;0,5432;0,3346;0,1482;0,1169;;
EDPC;10,35;;;EDPC_166;3;0,7465;0,3346;0,1482;0,1169;;
EDPC;13,8;;;EDPC_166;3;0,9744;0,3352;0,148;0,1168;;
EDPC;17,25;;;EDPC_166;3;1,1838;0,3266;0,1403;0,1098;;
EDPC;20,7;;;EDPC_166;3;1,42;0,3265;0,1403;0,1098;;
EDPC;27,6;;;EDPC_166;3;1,8364;0,3153;0,1466;0,1079;;
EDPC;34,5;;;EDPC_166;3;2,2893;0,3153;0,1466;0,1079;;
EDPC;41,4;;;EDPC_166;3;2,7528;0,3153;0,1466;0,1079;;
EDPC;3,45;;;EDPC_167;3;0,3148;0,33461198925;0,1481858345;0,1168861195;;
EDPC;4,6;;;EDPC_167;3;0,386;0,3348725055;0,148290041;0,116990326;;
EDPC;5,75;;;EDPC_167;3;0,4542;0,334976712;0,14834214425;0,11704242925;;
EDPC;6,9;;;EDPC_167;3;0,5432;0,33461198925;0,1481858345;0,1168861195;;
EDPC;10,35;;;EDPC_167;3;0,7465;0,334559886;0,1481858345;0,1168861195;;
EDPC;13,8;;;EDPC_167;3;0,9744;0,335185125;0,1479774215;0,11683401625;;
EDPC;17,25;;;EDPC_167;3;1,1838;0,326583264375;0,140261959375;0,109837707625;;
EDPC;20,7;;;EDPC_167;3;1,42;0,326486133625;0,140261959375;0,109837707625;;
EDPC;27,6;;;EDPC_167;3;1,8364;0,315330228125;0,14657955625;0,10792703444875;;
EDPC;34,5;;;EDPC_167;3;2,2893;0,315330228125;0,14657955625;0,10792703444875;;
EDPC;41,4;;;EDPC_167;3;2,7528;0,31528166275;0,14657955625;0,10792703444875;;
EDPC;3,45;;;EDPC_168;3;0,308504;0,32654904975;0,1446150915;0,1140695865;;
EDPC;4,6;;;EDPC_168;3;0,37828;0,3268032885;0,144716787;0,114171282;;
EDPC;5,75;;;EDPC_168;3;0,445116;0,326904984;0,14476763475;0,11422212975;;
EDPC;6,9;;;EDPC_168;3;0,532336;0,32654904975;0,1446150915;0,1140695865;;
EDPC;10,35;;;EDPC_168;3;0,73157;0,326498202;0,1446150915;0,1140695865;;
EDPC;13,8;;;EDPC_168;3;0,954912;0,327108375;0,1444117005;0,11401873875;;
EDPC;17,25;;;EDPC_168;3;1,160124;0,318713788125;0,136882153125;0,107191015875;;
EDPC;20,7;;;EDPC_168;3;1,3916;0,318618997875;0,136882153125;0,107191015875;;
EDPC;27,6;;;EDPC_168;3;1,799672;0,307731909375;0,14304751875;0,10532638301625;;
EDPC;34,5;;;EDPC_168;3;2,243514;0,307731909375;0,14304751875;0,10532638301625;;
EDPC;41,4;;;EDPC_168;3;2,697744;0,30768451425;0,14304751875;0,10532638301625;;
EDPC;3,45;;;EDPC_169;3;0;0;0;0;;
EDPC;4,6;;;EDPC_169;3;0;0;0;0;;
EDPC;5,75;;;EDPC_169;3;0;0;0;0;;
EDPC;6,9;;;EDPC_169;3;0;0;0;0;;
EDPC;10,35;;;EDPC_169;3;0;0;0;0;;
EDPC;13,8;;;EDPC_169;3;0;0;0;0;;
EDPC;17,25;;;EDPC_169;3;0;0;0;0;;
EDPC;20,7;;;EDPC_169;3;0;0;0;0;;
EDPC;27,6;;;EDPC_169;3;1,799672;0,307719;0,143046;0,1053;;
EDPC;34,5;;;EDPC_169;3;2,243514;0,307719;0,143046;0,1053;;
EDPC;41,4;;;EDPC_169;3;2,697744;0,307719;0,143046;0,1053;;
EDPC;3,45;;;EDPC_17;3;0,3476;0,3611;0,1448;0,1153;;
EDPC;4,6;;;EDPC_17;3;0,4243;0,3611;0,1448;0,1153;;
EDPC;5,75;;;EDPC_17;3;0,4904;0,3611;0,1448;0,1153;;
EDPC;6,9;;;EDPC_17;3;0,5743;0,3611;0,1448;0,1153;;
EDPC;10,35;;;EDPC_17;3;0,7511;0,3611;0,1448;0,1153;;
EDPC;13,8;;;EDPC_17;3;1,0405;0,3611;0,1448;0,1153;;
EDPC;17,25;;;EDPC_17;3;1,3564;0,3611;0,1448;0,1153;;
EDPC;20,7;;;EDPC_17;3;1,6234;0,3611;0,1448;0,1153;;
EDPC;27,6;;;EDPC_17;3;1,9586;0,3712;0,1608;0,1166;;
EDPC;34,5;;;EDPC_17;3;2,3529;0,3712;0,1608;0,1166;;
EDPC;41,4;;;EDPC_17;3;2,8369;0,3712;0,1608;0,1166;;
EDPC;3,45;;;EDPC_170;3;0,308504;0,245891;0,108885;0,085888;;
EDPC;4,6;;;EDPC_170;3;0,37828;0,246135;0,109007;0,08601;;
EDPC;5,75;;;EDPC_170;3;0,445116;0,246196;0,109007;0,08601;;
EDPC;6,9;;;EDPC_170;3;0,532336;0,245891;0,108885;0,085888;;
EDPC;10,35;;;EDPC_170;3;0,73157;0,245891;0,108885;0,085888;;
EDPC;13,8;;;EDPC_170;3;0,954912;0,246318;0,108763;0,085888;;
EDPC;17,25;;;EDPC_170;3;1,160124;0,240035;0,10309;0,080703;;
EDPC;20,7;;;EDPC_170;3;1,3916;0,239974;0,10309;0,080703;;
EDPC;27,6;;;EDPC_170;3;0;0;0;0;;
EDPC;34,5;;;EDPC_170;3;0;0;0;0;;
EDPC;41,4;;;EDPC_170;3;0;0;0;0;;
EDPC;3,45;;;EDPC_171;3;0,311652;0,39911550525;0,1767517785;0,1394183835;;
EDPC;4,6;;;EDPC_171;3;0,38214;0,3994262415;0,176876073;0,139542678;;
EDPC;5,75;;;EDPC_171;3;0,449658;0,399550536;0,17693822025;0,13960482525;;
EDPC;6,9;;;EDPC_171;3;0,537768;0,39911550525;0,1767517785;0,1394183835;;
EDPC;10,35;;;EDPC_171;3;0,739035;0,399053358;0,1767517785;0,1394183835;;
EDPC;13,8;;;EDPC_171;3;0,964656;0,399799125;0,1765031895;0,13935623625;;
EDPC;17,25;;;EDPC_171;3;1,171962;0,389539074375;0,167300409375;0,131011241625;;
EDPC;20,7;;;EDPC_171;3;1,4058;0,389423219625;0,167300409375;0,131011241625;;
EDPC;27,6;;;EDPC_171;3;1,818036;0,376116778125;0,17483585625;0,12873224590875;;
EDPC;34,5;;;EDPC_171;3;2,266407;0,376116778125;0,17483585625;0,12873224590875;;
EDPC;41,4;;;EDPC_171;3;2,725272;0,37605885075;0,17483585625;0,12873224590875;;
EDPC;3,45;;;EDPC_172;3;0,295912;0,310387;0,137445;0,108416;;
EDPC;4,6;;;EDPC_172;3;0,36284;0,310695;0,137599;0,10857;;
EDPC;5,75;;;EDPC_172;3;0,426948;0,310772;0,137599;0,10857;;
EDPC;6,9;;;EDPC_172;3;0,510608;0,310387;0,137445;0,108416;;
EDPC;10,35;;;EDPC_172;3;0,70171;0,310387;0,137445;0,108416;;
EDPC;13,8;;;EDPC_172;3;0,915936;0,310926;0,137291;0,108416;;
EDPC;17,25;;;EDPC_172;3;1,112772;0,302995;0,13013;0,101871;;
EDPC;20,7;;;EDPC_172;3;1,3348;0,302918;0,13013;0,101871;;
EDPC;27,6;;;EDPC_172;3;1,726216;0,292523;0,135982;0,1001;;
EDPC;34,5;;;EDPC_172;3;2,151942;0,292523;0,135982;0,1001;;
EDPC;41,4;;;EDPC_172;3;2,587632;0,292523;0,135982;0,1001;;
EDPC;3,45;;;EDPC_173;3;0;0;0;0;;
EDPC;4,6;;;EDPC_173;3;0;0;0;0;;
EDPC;5,75;;;EDPC_173;3;0;0;0;0;;
EDPC;6,9;;;EDPC_173;3;0;0;0;0;;
EDPC;10,35;;;EDPC_173;3;0;0;0;0;;
EDPC;13,8;;;EDPC_173;3;0;0;0;0;;
EDPC;17,25;;;EDPC_173;3;0;0;0;0;;
EDPC;20,7;;;EDPC_173;3;0;0;0;0;;
EDPC;27,6;;;EDPC_173;3;1,726216;0,292523;0,135982;0,1001;;
EDPC;34,5;;;EDPC_173;3;2,151942;0,292523;0,135982;0,1001;;
EDPC;41,4;;;EDPC_173;3;2,587632;0,292523;0,135982;0,1001;;
EDPC;3,45;;;EDPC_174;3;0,3148;0,33461198925;0,1481858345;0,1168861195;;
EDPC;4,6;;;EDPC_174;3;0,386;0,3348725055;0,148290041;0,116990326;;
EDPC;5,75;;;EDPC_174;3;0,4542;0,334976712;0,14834214425;0,11704242925;;
EDPC;6,9;;;EDPC_174;3;0,5432;0,33461198925;0,1481858345;0,1168861195;;
EDPC;10,35;;;EDPC_174;3;0,7465;0,334559886;0,1481858345;0,1168861195;;
EDPC;13,8;;;EDPC_174;3;0,9744;0,335185125;0,1479774215;0,11683401625;;
EDPC;17,25;;;EDPC_174;3;1,1838;0,326583264375;0,140261959375;0,109837707625;;
EDPC;20,7;;;EDPC_174;3;1,42;0,326486133625;0,140261959375;0,109837707625;;
EDPC;27,6;;;EDPC_174;3;1,8364;0,315330228125;0,14657955625;0,10792703444875;;
EDPC;34,5;;;EDPC_174;3;2,2893;0,315330228125;0,14657955625;0,10792703444875;;
EDPC;41,4;;;EDPC_174;3;2,7528;0,31528166275;0,14657955625;0,10792703444875;;
EDPC;3,45;;;EDPC_175;3;0;0;0;0;;
EDPC;4,6;;;EDPC_175;3;0;0;0;0;;
EDPC;5,75;;;EDPC_175;3;0;0;0;0;;
EDPC;6,9;;;EDPC_175;3;0;0;0;0;;
EDPC;10,35;;;EDPC_175;3;0;0;0;0;;
EDPC;13,8;;;EDPC_175;3;0;0;0;0;;
EDPC;17,25;;;EDPC_175;3;0;0;0;0;;
EDPC;20,7;;;EDPC_175;3;0;0;0;0;;
EDPC;27,6;;;EDPC_175;3;1,8364;0,3153;0,1466;0,1079;;
EDPC;34,5;;;EDPC_175;3;2,2893;0,3153;0,1466;0,1079;;
EDPC;41,4;;;EDPC_175;3;2,7528;0,3153;0,1466;0,1079;;
EDPC;3,45;;;EDPC_176;3;0,3148;0,254;0,1125;0,0887;;
EDPC;4,6;;;EDPC_176;3;0,386;0,2542;0,1126;0,0888;;
EDPC;5,75;;;EDPC_176;3;0,4542;0,2543;0,1126;0,0888;;
EDPC;6,9;;;EDPC_176;3;0,5432;0,254;0,1125;0,0887;;
EDPC;10,35;;;EDPC_176;3;0,7465;0,2539;0,1125;0,0887;;
EDPC;13,8;;;EDPC_176;3;0,9744;0,2544;0,1123;0,0887;;
EDPC;17,25;;;EDPC_176;3;1,1838;0,2479;0,1065;0,0834;;
EDPC;20,7;;;EDPC_176;3;1,42;0,2478;0,1065;0,0834;;
EDPC;27,6;;;EDPC_176;3;0;0;0;0;;
EDPC;34,5;;;EDPC_176;3;0;0;0;0;;
EDPC;41,4;;;EDPC_176;3;0;0;0;0;;
EDPC;3,45;;;EDPC_18;3;0,3476;0,3611;0,1448;0,1153;;
EDPC;4,6;;;EDPC_18;3;0,4243;0,3611;0,1448;0,1153;;
EDPC;5,75;;;EDPC_18;3;0,4904;0,3611;0,1448;0,1153;;
EDPC;6,9;;;EDPC_18;3;0,5743;0,3611;0,1448;0,1153;;
EDPC;10,35;;;EDPC_18;3;0,7511;0,3611;0,1448;0,1153;;
EDPC;13,8;;;EDPC_18;3;1,0405;0,3611;0,1448;0,1153;;
EDPC;17,25;;;EDPC_18;3;1,3564;0,3611;0,1448;0,1153;;
EDPC;20,7;;;EDPC_18;3;1,6234;0,3611;0,1448;0,1153;;
EDPC;27,6;;;EDPC_18;3;1,9586;0,3712;0,1608;0,1166;;
EDPC;34,5;;;EDPC_18;3;2,3529;0,3712;0,1608;0,1166;;
EDPC;41,4;;;EDPC_18;3;2,8369;0,3712;0,1608;0,1166;;
EDPC;3,45;;;EDPC_19;3;0,3476;0,3611;0,1448;0,1153;;
EDPC;4,6;;;EDPC_19;3;0,4243;0,3611;0,1448;0,1153;;
EDPC;5,75;;;EDPC_19;3;0,4904;0,3611;0,1448;0,1153;;
EDPC;6,9;;;EDPC_19;3;0,5743;0,3611;0,1448;0,1153;;
EDPC;10,35;;;EDPC_19;3;0,7511;0,3611;0,1448;0,1153;;
EDPC;13,8;;;EDPC_19;3;1,0405;0,3611;0,1448;0,1153;;
EDPC;17,25;;;EDPC_19;3;1,3564;0,3611;0,1448;0,1153;;
EDPC;20,7;;;EDPC_19;3;1,6234;0,3611;0,1448;0,1153;;
EDPC;27,6;;;EDPC_19;3;1,9586;0,3712;0,1608;0,1166;;
EDPC;34,5;;;EDPC_19;3;2,3529;0,3712;0,1608;0,1166;;
EDPC;41,4;;;EDPC_19;3;2,8369;0,3712;0,1608;0,1166;;
EDPC;3,45;;;EDPC_20;3;0,3476;0,3611;0,1448;0,1153;;
EDPC;4,6;;;EDPC_20;3;0,4243;0,3611;0,1448;0,1153;;
EDPC;5,75;;;EDPC_20;3;0,4904;0,3611;0,1448;0,1153;;
EDPC;6,9;;;EDPC_20;3;0,5743;0,3611;0,1448;0,1153;;
EDPC;10,35;;;EDPC_20;3;0,7511;0,3611;0,1448;0,1153;;
EDPC;13,8;;;EDPC_20;3;1,0405;0,3611;0,1448;0,1153;;
EDPC;17,25;;;EDPC_20;3;1,3564;0,3611;0,1448;0,1153;;
EDPC;20,7;;;EDPC_20;3;1,6234;0,3611;0,1448;0,1153;;
EDPC;27,6;;;EDPC_20;3;1,9586;0,3712;0,1608;0,1166;;
EDPC;34,5;;;EDPC_20;3;2,3529;0,3712;0,1608;0,1166;;
EDPC;41,4;;;EDPC_20;3;2,8369;0,3712;0,1608;0,1166;;
EDPC;3,45;;;EDPC_21;3;0,3476;0,3611;0,1448;0,1153;;
EDPC;4,6;;;EDPC_21;3;0,4243;0,3611;0,1448;0,1153;;
EDPC;5,75;;;EDPC_21;3;0,4904;0,3611;0,1448;0,1153;;
EDPC;6,9;;;EDPC_21;3;0,5743;0,3611;0,1448;0,1153;;
EDPC;10,35;;;EDPC_21;3;0,7511;0,3611;0,1448;0,1153;;
EDPC;13,8;;;EDPC_21;3;1,0405;0,3611;0,1448;0,1153;;
EDPC;17,25;;;EDPC_21;3;1,3564;0,3611;0,1448;0,1153;;
EDPC;20,7;;;EDPC_21;3;1,6234;0,3611;0,1448;0,1153;;
EDPC;27,6;;;EDPC_21;3;1,9586;0,3712;0,1608;0,1166;;
EDPC;34,5;;;EDPC_21;3;2,3529;0,3712;0,1608;0,1166;;
EDPC;41,4;;;EDPC_21;3;2,8369;0,3712;0,1608;0,1166;;
EDPC;3,45;;;EDPC_22;3;0,3476;0,3611;0,1448;0,1153;;
EDPC;4,6;;;EDPC_22;3;0,4243;0,3611;0,1448;0,1153;;
EDPC;5,75;;;EDPC_22;3;0,4904;0,3611;0,1448;0,1153;;
EDPC;6,9;;;EDPC_22;3;0,5743;0,3611;0,1448;0,1153;;
EDPC;10,35;;;EDPC_22;3;0,7511;0,3611;0,1448;0,1153;;
EDPC;13,8;;;EDPC_22;3;1,0405;0,3611;0,1448;0,1153;;
EDPC;17,25;;;EDPC_22;3;1,3564;0,3611;0,1448;0,1153;;
EDPC;20,7;;;EDPC_22;3;1,6234;0,3611;0,1448;0,1153;;
EDPC;27,6;;;EDPC_22;3;1,9586;0,3712;0,1608;0,1166;;
EDPC;34,5;;;EDPC_22;3;2,3529;0,3712;0,1608;0,1166;;
EDPC;41,4;;;EDPC_22;3;2,8369;0,3712;0,1608;0,1166;;
EDPC;3,45;;;EDPC_45;3;0,3476;0,3611;0,1448;0,1153;;
EDPC;4,6;;;EDPC_45;3;0,4243;0,3611;0,1448;0,1153;;
EDPC;5,75;;;EDPC_45;3;0,4904;0,3611;0,1448;0,1153;;
EDPC;6,9;;;EDPC_45;3;0,5743;0,3611;0,1448;0,1153;;
EDPC;10,35;;;EDPC_45;3;0,7511;0,3611;0,1448;0,1153;;
EDPC;13,8;;;EDPC_45;3;1,0405;0,3611;0,1448;0,1153;;
EDPC;17,25;;;EDPC_45;3;1,3564;0,3611;0,1448;0,1153;;
EDPC;20,7;;;EDPC_45;3;1,6234;0,3611;0,1448;0,1153;;
EDPC;27,6;;;EDPC_45;3;1,9586;0,3712;0,1608;0,0991;;
EDPC;34,5;;;EDPC_45;3;2,3529;0,3712;0,1608;0,0991;;
EDPC;41,4;;;EDPC_45;3;2,8369;0,3712;0,1608;0,0991;;
EDPC;3,45;;;EDPC_46;3;0,3476;0,3611;0,1448;0,1153;;
EDPC;4,6;;;EDPC_46;3;0,4243;0,3611;0,1448;0,1153;;
EDPC;5,75;;;EDPC_46;3;0,4904;0,3611;0,1448;0,1153;;
EDPC;6,9;;;EDPC_46;3;0,5743;0,3611;0,1448;0,1153;;
EDPC;10,35;;;EDPC_46;3;0,7511;0,3611;0,1448;0,1153;;
EDPC;13,8;;;EDPC_46;3;1,0405;0,3611;0,1448;0,1153;;
EDPC;17,25;;;EDPC_46;3;1,3564;0,3611;0,1448;0,1153;;
EDPC;20,7;;;EDPC_46;3;1,6234;0,3611;0,1448;0,1153;;
EDPC;27,6;;;EDPC_46;3;1,9586;0,3712;0,1608;0,1166;;
EDPC;34,5;;;EDPC_46;3;2,3529;0,3712;0,1608;0,1166;;
EDPC;41,4;;;EDPC_46;3;2,8369;0,3712;0,1608;0,1166;;
EDPC;3,45;;;EDPC_47;3;0,2758;0,349048;0,140948;0,117048;;
EDPC;4,6;;;EDPC_47;3;0,3287;0,349048;0,140948;0,117048;;
EDPC;5,75;;;EDPC_47;3;0,3816;0,349048;0,140948;0,117048;;
EDPC;6,9;;;EDPC_47;3;0,4345;0,349048;0,140948;0,117048;;
EDPC;10,35;;;EDPC_47;3;0,5932;0,349048;0,140948;0,117048;;
EDPC;13,8;;;EDPC_47;3;0,7519;0,349048;0,140948;0,117048;;
EDPC;17,25;;;EDPC_47;3;0,9106;0,349048;0,140948;0,117048;;
EDPC;20,7;;;EDPC_47;3;1,0693;0,349048;0,140948;0,117048;;
EDPC;27,6;;;EDPC_47;3;1,337;0,348948;0,152948;0,116248;;
EDPC;34,5;;;EDPC_47;3;1,642;0,348948;0,152948;0,116248;;
EDPC;41,4;;;EDPC_47;3;1,947;0,348948;0,152948;0,116248;;
EDPC;3,45;;;EDPC_48;3;0,2758;0,349048;0,140948;0,117048;;
EDPC;4,6;;;EDPC_48;3;0,3287;0,349048;0,140948;0,117048;;
EDPC;5,75;;;EDPC_48;3;0,3816;0,349048;0,140948;0,117048;;
EDPC;6,9;;;EDPC_48;3;0,4345;0,349048;0,140948;0,117048;;
EDPC;10,35;;;EDPC_48;3;0,5932;0,349048;0,140948;0,117048;;
EDPC;13,8;;;EDPC_48;3;0,7519;0,349048;0,140948;0,117048;;
EDPC;17,25;;;EDPC_48;3;0,9106;0,349048;0,140948;0,117048;;
EDPC;20,7;;;EDPC_48;3;1,0693;0,349048;0,140948;0,117048;;
EDPC;27,6;;;EDPC_48;3;1,337;0,348948;0,152948;0,116248;;
EDPC;34,5;;;EDPC_48;3;1,642;0,348948;0,152948;0,116248;;
EDPC;41,4;;;EDPC_48;3;1,947;0,348948;0,152948;0,116248;;
EDPC;3,45;;;EDPC_49;3;0,2758;0,349048;0,140948;0,117048;;
EDPC;4,6;;;EDPC_49;3;0,3287;0,349048;0,140948;0,117048;;
EDPC;5,75;;;EDPC_49;3;0,3816;0,349048;0,140948;0,117048;;
EDPC;6,9;;;EDPC_49;3;0,4345;0,349048;0,140948;0,117048;;
EDPC;10,35;;;EDPC_49;3;0,5932;0,349048;0,140948;0,117048;;
EDPC;13,8;;;EDPC_49;3;0,7519;0,349048;0,140948;0,117048;;
EDPC;17,25;;;EDPC_49;3;0,9106;0,349048;0,140948;0,117048;;
EDPC;20,7;;;EDPC_49;3;1,0693;0,349048;0,140948;0,117048;;
EDPC;27,6;;;EDPC_49;3;1,337;0,348948;0,152948;0,116248;;
EDPC;34,5;;;EDPC_49;3;1,642;0,348948;0,152948;0,116248;;
EDPC;41,4;;;EDPC_49;3;1,947;0,348948;0,152948;0,116248;;
EDPC;3,45;;;EDPC_50;3;0,3476;0,3611;0,1448;0,1153;;
EDPC;4,6;;;EDPC_50;3;0,4243;0,3611;0,1448;0,1153;;
EDPC;5,75;;;EDPC_50;3;0,4904;0,3611;0,1448;0,1153;;
EDPC;6,9;;;EDPC_50;3;0,5743;0,3611;0,1448;0,1153;;
EDPC;10,35;;;EDPC_50;3;0,7511;0,3611;0,1448;0,1153;;
EDPC;13,8;;;EDPC_50;3;1,0405;0,3611;0,1448;0,1153;;
EDPC;17,25;;;EDPC_50;3;1,3564;0,3611;0,1448;0,1153;;
EDPC;20,7;;;EDPC_50;3;1,6234;0,3611;0,1448;0,1153;;
EDPC;27,6;;;EDPC_50;3;1,9586;0,3712;0,1608;0,1166;;
EDPC;34,5;;;EDPC_50;3;2,3529;0,3712;0,1608;0,1166;;
EDPC;41,4;;;EDPC_50;3;2,8369;0,3712;0,1608;0,1166;;
EDPC;3,45;;;EDPC_51;3;0,3476;0,3611;0,1448;0,1153;;
EDPC;4,6;;;EDPC_51;3;0,4243;0,3611;0,1448;0,1153;;
EDPC;5,75;;;EDPC_51;3;0,4904;0,3611;0,1448;0,1153;;
EDPC;6,9;;;EDPC_51;3;0,5743;0,3611;0,1448;0,1153;;
EDPC;10,35;;;EDPC_51;3;0,7511;0,3611;0,1448;0,1153;;
EDPC;13,8;;;EDPC_51;3;1,0405;0,3611;0,1448;0,1153;;
EDPC;17,25;;;EDPC_51;3;1,3564;0,3611;0,1448;0,1153;;
EDPC;20,7;;;EDPC_51;3;1,6234;0,3611;0,1448;0,1153;;
EDPC;27,6;;;EDPC_51;3;1,9586;0,3712;0,1608;0,1166;;
EDPC;34,5;;;EDPC_51;3;2,3529;0,3712;0,1608;0,1166;;
EDPC;41,4;;;EDPC_51;3;2,8369;0,3712;0,1608;0,1166;;
EDPC;3,45;;;EDPC_52;3;0,3476;0,3611;0,1448;0,1153;;
EDPC;4,6;;;EDPC_52;3;0,4243;0,3611;0,1448;0,1153;;
EDPC;5,75;;;EDPC_52;3;0,4904;0,3611;0,1448;0,1153;;
EDPC;6,9;;;EDPC_52;3;0,5743;0,3611;0,1448;0,1153;;
EDPC;10,35;;;EDPC_52;3;0,7511;0,3611;0,1448;0,1153;;
EDPC;13,8;;;EDPC_52;3;1,0405;0,3611;0,1448;0,1153;;
EDPC;17,25;;;EDPC_52;3;1,3564;0,3611;0,1448;0,1153;;
EDPC;20,7;;;EDPC_52;3;1,6234;0,3611;0,1448;0,1153;;
EDPC;27,6;;;EDPC_52;3;1,9586;0,3712;0,1608;0,1166;;
EDPC;34,5;;;EDPC_52;3;2,3529;0,3712;0,1608;0,1166;;
EDPC;41,4;;;EDPC_52;3;2,8369;0,3712;0,1608;0,1166;;
EDPC;3,45;;;EDPC_53;3;0,3476;0,3611;0,1448;0,1153;;
EDPC;4,6;;;EDPC_53;3;0,4243;0,3611;0,1448;0,1153;;
EDPC;5,75;;;EDPC_53;3;0,4904;0,3611;0,1448;0,1153;;
EDPC;6,9;;;EDPC_53;3;0,5743;0,3611;0,1448;0,1153;;
EDPC;10,35;;;EDPC_53;3;0,7511;0,3611;0,1448;0,1153;;
EDPC;13,8;;;EDPC_53;3;1,0405;0,3611;0,1448;0,1153;;
EDPC;17,25;;;EDPC_53;3;1,3564;0,3611;0,1448;0,1153;;
EDPC;20,7;;;EDPC_53;3;1,6234;0,3611;0,1448;0,1153;;
EDPC;27,6;;;EDPC_53;3;1,9586;0,3712;0,1608;0,1166;;
EDPC;34,5;;;EDPC_53;3;2,3529;0,3712;0,1608;0,1166;;
EDPC;41,4;;;EDPC_53;3;2,8369;0,3712;0,1608;0,1166;;
EDPC;3,45;;;EDPC_54;3;0,3476;0,3611;0,1448;0,1153;;
EDPC;4,6;;;EDPC_54;3;0,4243;0,3611;0,1448;0,1153;;
EDPC;5,75;;;EDPC_54;3;0,4904;0,3611;0,1448;0,1153;;
EDPC;6,9;;;EDPC_54;3;0,5743;0,3611;0,1448;0,1153;;
EDPC;10,35;;;EDPC_54;3;0,7511;0,3611;0,1448;0,1153;;
EDPC;13,8;;;EDPC_54;3;1,0405;0,3611;0,1448;0,1153;;
EDPC;17,25;;;EDPC_54;3;1,3564;0,3611;0,1448;0,1153;;
EDPC;20,7;;;EDPC_54;3;1,6234;0,3611;0,1448;0,1153;;
EDPC;27,6;;;EDPC_54;3;1,9586;0,3712;0,1608;0,1166;;
EDPC;34,5;;;EDPC_54;3;2,3529;0,3712;0,1608;0,1166;;
EDPC;41,4;;;EDPC_54;3;2,8369;0,3712;0,1608;0,1166;;
EDPC;3,45;;;EDPC_55;3;0,3476;0,3611;0,1448;0,1153;;
EDPC;4,6;;;EDPC_55;3;0,4243;0,3611;0,1448;0,1153;;
EDPC;5,75;;;EDPC_55;3;0,4904;0,3611;0,1448;0,1153;;
EDPC;6,9;;;EDPC_55;3;0,5743;0,3611;0,1448;0,1153;;
EDPC;10,35;;;EDPC_55;3;0,7511;0,3611;0,1448;0,1153;;
EDPC;13,8;;;EDPC_55;3;1,0405;0,3611;0,1448;0,1153;;
EDPC;17,25;;;EDPC_55;3;1,3564;0,3611;0,1448;0,1153;;
EDPC;20,7;;;EDPC_55;3;1,6234;0,3611;0,1448;0,1153;;
EDPC;27,6;;;EDPC_55;3;1,9586;0,3712;0,1608;0,1166;;
EDPC;34,5;;;EDPC_55;3;2,3529;0,3712;0,1608;0,1166;;
EDPC;41,4;;;EDPC_55;3;2,8369;0,3712;0,1608;0,1166;;
EDPC;3,45;;;EDPC_57;3;0,2758;0,349048;0,140948;0,117048;;
EDPC;4,6;;;EDPC_57;3;0,3287;0,349048;0,140948;0,117048;;
EDPC;5,75;;;EDPC_57;3;0,3816;0,349048;0,140948;0,117048;;
EDPC;6,9;;;EDPC_57;3;0,4345;0,349048;0,140948;0,117048;;
EDPC;10,35;;;EDPC_57;3;0,5932;0,349048;0,140948;0,117048;;
EDPC;13,8;;;EDPC_57;3;0,7519;0,349048;0,140948;0,117048;;
EDPC;17,25;;;EDPC_57;3;0,9106;0,349048;0,140948;0,117048;;
EDPC;20,7;;;EDPC_57;3;1,0693;0,349048;0,140948;0,117048;;
EDPC;27,6;;;EDPC_57;3;1,337;0,348948;0,152948;0,116248;;
EDPC;34,5;;;EDPC_57;3;1,642;0,348948;0,152948;0,116248;;
EDPC;41,4;;;EDPC_57;3;1,947;0,348948;0,152948;0,116248;;
EDPC;3,45;;;EDPC_58;3;0,2758;0,349048;0,140948;0,117048;;
EDPC;4,6;;;EDPC_58;3;0,3287;0,349048;0,140948;0,117048;;
EDPC;5,75;;;EDPC_58;3;0,3816;0,349048;0,140948;0,117048;;
EDPC;6,9;;;EDPC_58;3;0,4345;0,349048;0,140948;0,117048;;
EDPC;10,35;;;EDPC_58;3;0,5932;0,349048;0,140948;0,117048;;
EDPC;13,8;;;EDPC_58;3;0,7519;0,349048;0,140948;0,117048;;
EDPC;17,25;;;EDPC_58;3;0,9106;0,349048;0,140948;0,117048;;
EDPC;20,7;;;EDPC_58;3;1,0693;0,349048;0,140948;0,117048;;
EDPC;27,6;;;EDPC_58;3;1,337;0,348948;0,152948;0,116248;;
EDPC;34,5;;;EDPC_58;3;1,642;0,348948;0,152948;0,116248;;
EDPC;41,4;;;EDPC_58;3;1,947;0,348948;0,152948;0,116248;;
EDPC;3,45;;;EDPC_59;3;0,2758;0,349048;0,140948;0,117048;;
EDPC;4,6;;;EDPC_59;3;0,3287;0,349048;0,140948;0,117048;;
EDPC;5,75;;;EDPC_59;3;0,3816;0,349048;0,140948;0,117048;;
EDPC;6,9;;;EDPC_59;3;0,4345;0,349048;0,140948;0,117048;;
EDPC;10,35;;;EDPC_59;3;0,5932;0,349048;0,140948;0,117048;;
EDPC;13,8;;;EDPC_59;3;0,7519;0,349048;0,140948;0,117048;;
EDPC;17,25;;;EDPC_59;3;0,9106;0,349048;0,140948;0,117048;;
EDPC;20,7;;;EDPC_59;3;1,0693;0,349048;0,140948;0,117048;;
EDPC;27,6;;;EDPC_59;3;1,337;0,348948;0,152948;0,116248;;
EDPC;34,5;;;EDPC_59;3;1,642;0,348948;0,152948;0,116248;;
EDPC;41,4;;;EDPC_59;3;1,947;0,348948;0,152948;0,116248;;
EDPC;3,45;;;EDPC_60;3;0,2758;0,349048;0,140948;0,117048;;
EDPC;4,6;;;EDPC_60;3;0,3287;0,349048;0,140948;0,117048;;
EDPC;5,75;;;EDPC_60;3;0,3816;0,349048;0,140948;0,117048;;
EDPC;6,9;;;EDPC_60;3;0,4345;0,349048;0,140948;0,117048;;
EDPC;10,35;;;EDPC_60;3;0,5932;0,349048;0,140948;0,117048;;
EDPC;13,8;;;EDPC_60;3;0,7519;0,349048;0,140948;0,117048;;
EDPC;17,25;;;EDPC_60;3;0,9106;0,349048;0,140948;0,117048;;
EDPC;20,7;;;EDPC_60;3;1,0693;0,349048;0,140948;0,117048;;
EDPC;27,6;;;EDPC_60;3;1,337;0,348948;0,152948;0,116248;;
EDPC;34,5;;;EDPC_60;3;1,642;0,348948;0,152948;0,116248;;
EDPC;41,4;;;EDPC_60;3;1,947;0,348948;0,152948;0,116248;;
EDPC;3,45;;;EDPC_61;3;0,2758;0,349048;0,140948;0,117048;;
EDPC;4,6;;;EDPC_61;3;0,3287;0,349048;0,140948;0,117048;;
EDPC;5,75;;;EDPC_61;3;0,3816;0,349048;0,140948;0,117048;;
EDPC;6,9;;;EDPC_61;3;0,4345;0,349048;0,140948;0,117048;;
EDPC;10,35;;;EDPC_61;3;0,5932;0,349048;0,140948;0,117048;;
EDPC;13,8;;;EDPC_61;3;0,7519;0,349048;0,140948;0,117048;;
EDPC;17,25;;;EDPC_61;3;0,9106;0,349048;0,140948;0,117048;;
EDPC;20,7;;;EDPC_61;3;1,0693;0,349048;0,140948;0,117048;;
EDPC;27,6;;;EDPC_61;3;1,337;0,348948;0,152948;0,116248;;
EDPC;34,5;;;EDPC_61;3;1,642;0,348948;0,152948;0,116248;;
EDPC;41,4;;;EDPC_61;3;1,947;0,348948;0,152948;0,116248;;
EDPC;3,45;;;EDPC_63;3;0,2758;0,349048;0,140948;0,117048;;
EDPC;4,6;;;EDPC_63;3;0,3287;0,349048;0,140948;0,117048;;
EDPC;5,75;;;EDPC_63;3;0,3816;0,349048;0,140948;0,117048;;
EDPC;6,9;;;EDPC_63;3;0,4345;0,349048;0,140948;0,117048;;
EDPC;10,35;;;EDPC_63;3;0,5932;0,349048;0,140948;0,117048;;
EDPC;13,8;;;EDPC_63;3;0,7519;0,349048;0,140948;0,117048;;
EDPC;17,25;;;EDPC_63;3;0,9106;0,349048;0,140948;0,117048;;
EDPC;20,7;;;EDPC_63;3;1,0693;0,349048;0,140948;0,117048;;
EDPC;27,6;;;EDPC_63;3;1,337;0,348948;0,152948;0,116248;;
EDPC;34,5;;;EDPC_63;3;1,642;0,348948;0,152948;0,116248;;
EDPC;41,4;;;EDPC_63;3;1,947;0,348948;0,152948;0,116248;;
EDPC;3,45;;;EDPC_65;3;0,2758;0,349048;0,140948;0,117048;;
EDPC;4,6;;;EDPC_65;3;0,3287;0,349048;0,140948;0,117048;;
EDPC;5,75;;;EDPC_65;3;0,3816;0,349048;0,140948;0,117048;;
EDPC;6,9;;;EDPC_65;3;0,4345;0,349048;0,140948;0,117048;;
EDPC;10,35;;;EDPC_65;3;0,5932;0,349048;0,140948;0,117048;;
EDPC;13,8;;;EDPC_65;3;0,7519;0,349048;0,140948;0,117048;;
EDPC;17,25;;;EDPC_65;3;0,9106;0,349048;0,140948;0,117048;;
EDPC;20,7;;;EDPC_65;3;1,0693;0,349048;0,140948;0,117048;;
EDPC;27,6;;;EDPC_65;3;1,337;0,348948;0,152948;0,116248;;
EDPC;34,5;;;EDPC_65;3;1,642;0,348948;0,152948;0,116248;;
EDPC;41,4;;;EDPC_65;3;1,947;0,348948;0,152948;0,116248;;
EDPC;27,6;;;EDPC_68;3;1,8803;0,3564;0,1544;0,0933;;
EDPC;34,5;;;EDPC_68;3;2,2588;0,3564;0,1544;0,0933;;
EDPC;41,4;;;EDPC_68;3;2,7234;0,3564;0,1544;0,0933;;
EDPC;27,6;;;EDPC_72;3;1,8803;0,3564;0,1544;0,1049;;
EDPC;34,5;;;EDPC_72;3;2,2588;0,3564;0,1544;0,1049;;
EDPC;41,4;;;EDPC_72;3;2,7234;0,3564;0,1544;0,1049;;
EDPC;3,45;;;EDPC_73;3;0,3476;0,3611;0,1448;0,1153;;
EDPC;4,6;;;EDPC_73;3;0,4243;0,3611;0,1448;0,1153;;
EDPC;5,75;;;EDPC_73;3;0,4904;0,3611;0,1448;0,1153;;
EDPC;6,9;;;EDPC_73;3;0,5743;0,3611;0,1448;0,1153;;
EDPC;10,35;;;EDPC_73;3;0,7511;0,3611;0,1448;0,1153;;
EDPC;13,8;;;EDPC_73;3;1,0405;0,3611;0,1448;0,1153;;
EDPC;17,25;;;EDPC_73;3;1,3564;0,3611;0,1448;0,1153;;
EDPC;20,7;;;EDPC_73;3;1,6234;0,3611;0,1448;0,1153;;
EDPC;27,6;;;EDPC_73;3;1,9586;0,3712;0,1608;0,1166;;
EDPC;34,5;;;EDPC_73;3;2,3529;0,3712;0,1608;0,1166;;
EDPC;41,4;;;EDPC_73;3;2,8369;0,3712;0,1608;0,1166;;
EDPC;3,45;;;EDPC_74;3;0,3476;0,3611;0,1448;0,1153;;
EDPC;4,6;;;EDPC_74;3;0,4243;0,3611;0,1448;0,1153;;
EDPC;5,75;;;EDPC_74;3;0,4904;0,3611;0,1448;0,1153;;
EDPC;6,9;;;EDPC_74;3;0,5743;0,3611;0,1448;0,1153;;
EDPC;10,35;;;EDPC_74;3;0,7511;0,3611;0,1448;0,1153;;
EDPC;13,8;;;EDPC_74;3;1,0405;0,3611;0,1448;0,1153;;
EDPC;17,25;;;EDPC_74;3;1,3564;0,3611;0,1448;0,1153;;
EDPC;20,7;;;EDPC_74;3;1,6234;0,3611;0,1448;0,1153;;
EDPC;27,6;;;EDPC_74;3;1,9586;0,3712;0,1608;0,1166;;
EDPC;34,5;;;EDPC_74;3;2,3529;0,3712;0,1608;0,1166;;
EDPC;41,4;;;EDPC_74;3;2,8369;0,3712;0,1608;0,1166;;
EDPC;3,45;;;EDPC_75;3;0,3476;0,3611;0,1448;0,1153;;
EDPC;4,6;;;EDPC_75;3;0,4243;0,3611;0,1448;0,1153;;
EDPC;5,75;;;EDPC_75;3;0,4904;0,3611;0,1448;0,1153;;
EDPC;6,9;;;EDPC_75;3;0,5743;0,3611;0,1448;0,1153;;
EDPC;10,35;;;EDPC_75;3;0,7511;0,3611;0,1448;0,1153;;
EDPC;13,8;;;EDPC_75;3;1,0405;0,3611;0,1448;0,1153;;
EDPC;17,25;;;EDPC_75;3;1,3564;0,3611;0,1448;0,1153;;
EDPC;20,7;;;EDPC_75;3;1,6234;0,3611;0,1448;0,1153;;
EDPC;27,6;;;EDPC_75;3;1,9586;0,3712;0,1608;0,1166;;
EDPC;34,5;;;EDPC_75;3;2,3529;0,3712;0,1608;0,1166;;
EDPC;41,4;;;EDPC_75;3;2,8369;0,3712;0,1608;0,1166;;
EDPC;3,45;;;EDPC_76;3;0,3476;0,3611;0,1448;0,1153;;
EDPC;4,6;;;EDPC_76;3;0,4243;0,3611;0,1448;0,1153;;
EDPC;5,75;;;EDPC_76;3;0,4904;0,3611;0,1448;0,1153;;
EDPC;6,9;;;EDPC_76;3;0,5743;0,3611;0,1448;0,1153;;
EDPC;10,35;;;EDPC_76;3;0,7511;0,3611;0,1448;0,1153;;
EDPC;13,8;;;EDPC_76;3;1,0405;0,3611;0,1448;0,1153;;
EDPC;17,25;;;EDPC_76;3;1,3564;0,3611;0,1448;0,1153;;
EDPC;20,7;;;EDPC_76;3;1,6234;0,3611;0,1448;0,1153;;
EDPC;27,6;;;EDPC_76;3;1,9586;0,3712;0,1608;0,1166;;
EDPC;34,5;;;EDPC_76;3;2,3529;0,3712;0,1608;0,1166;;
EDPC;41,4;;;EDPC_76;3;2,8369;0,3712;0,1608;0,1166;;
EDPC;3,45;;;EDPC_77;3;0,3476;0,3611;0,1448;0,1153;;
EDPC;4,6;;;EDPC_77;3;0,4243;0,3611;0,1448;0,1153;;
EDPC;5,75;;;EDPC_77;3;0,4904;0,3611;0,1448;0,1153;;
EDPC;6,9;;;EDPC_77;3;0,5743;0,3611;0,1448;0,1153;;
EDPC;10,35;;;EDPC_77;3;0,7511;0,3611;0,1448;0,1153;;
EDPC;13,8;;;EDPC_77;3;1,0405;0,3611;0,1448;0,1153;;
EDPC;17,25;;;EDPC_77;3;1,3564;0,3611;0,1448;0,1153;;
EDPC;20,7;;;EDPC_77;3;1,6234;0,3611;0,1448;0,1153;;
EDPC;27,6;;;EDPC_77;3;1,9586;0,3712;0,1608;0,1166;;
EDPC;34,5;;;EDPC_77;3;2,3529;0,3712;0,1608;0,1166;;
EDPC;41,4;;;EDPC_77;3;2,8369;0,3712;0,1608;0,1166;;
EDPC;27,6;;;EDPC_80;3;1,8803;0,3564;0,1544;0,1049;;
EDPC;34,5;;;EDPC_80;3;2,2588;0,3564;0,1544;0,1049;;
EDPC;41,4;;;EDPC_80;3;2,7234;0,3564;0,1544;0,1049;;
EDPC;3,45;;;EDPC_81;3;0,3476;0,3611;0,1448;0,1153;;
EDPC;4,6;;;EDPC_81;3;0,4243;0,3611;0,1448;0,1153;;
EDPC;5,75;;;EDPC_81;3;0,4904;0,3611;0,1448;0,1153;;
EDPC;6,9;;;EDPC_81;3;0,5743;0,3611;0,1448;0,1153;;
EDPC;10,35;;;EDPC_81;3;0,7511;0,3611;0,1448;0,1153;;
EDPC;13,8;;;EDPC_81;3;1,0405;0,3611;0,1448;0,1153;;
EDPC;17,25;;;EDPC_81;3;1,3564;0,3611;0,1448;0,1153;;
EDPC;20,7;;;EDPC_81;3;1,6234;0,3611;0,1448;0,1153;;
EDPC;27,6;;;EDPC_81;3;1,9586;0,3712;0,1608;0,1166;;
EDPC;34,5;;;EDPC_81;3;2,3529;0,3712;0,1608;0,1166;;
EDPC;41,4;;;EDPC_81;3;2,8369;0,3712;0,1608;0,1166;;
EDPC;27,6;;;EDPC_82;3;1,8803;0,3564;0,1544;0,0933;;
EDPC;34,5;;;EDPC_82;3;2,2588;0,3564;0,1544;0,0933;;
EDPC;41,4;;;EDPC_82;3;2,7234;0,3564;0,1544;0,0933;;
EDPC;3,45;;;EDPC_89;3;0,3476;0,3611;0,1448;0,1153;;
EDPC;4,6;;;EDPC_89;3;0,4243;0,3611;0,1448;0,1153;;
EDPC;5,75;;;EDPC_89;3;0,4904;0,3611;0,1448;0,1153;;
EDPC;6,9;;;EDPC_89;3;0,5743;0,3611;0,1448;0,1153;;
EDPC;10,35;;;EDPC_89;3;0,7511;0,3611;0,1448;0,1153;;
EDPC;13,8;;;EDPC_89;3;1,0405;0,3611;0,1448;0,1153;;
EDPC;17,25;;;EDPC_89;3;1,3564;0,3611;0,1448;0,1153;;
EDPC;20,7;;;EDPC_89;3;1,6234;0,3611;0,1448;0,1153;;
EDPC;27,6;;;EDPC_89;3;1,9586;0,3712;0,1608;0,0991;;
EDPC;34,5;;;EDPC_89;3;2,3529;0,3712;0,1608;0,0991;;
EDPC;41,4;;;EDPC_89;3;2,8369;0,3712;0,1608;0,0991;;
EDPC;3,45;;;EDPC_90;3;0,3476;0,3611;0,1448;0,1153;;
EDPC;4,6;;;EDPC_90;3;0,4243;0,3611;0,1448;0,1153;;
EDPC;5,75;;;EDPC_90;3;0,4904;0,3611;0,1448;0,1153;;
EDPC;6,9;;;EDPC_90;3;0,5743;0,3611;0,1448;0,1153;;
EDPC;10,35;;;EDPC_90;3;0,7511;0,3611;0,1448;0,1153;;
EDPC;13,8;;;EDPC_90;3;1,0405;0,3611;0,1448;0,1153;;
EDPC;17,25;;;EDPC_90;3;1,3564;0,3611;0,1448;0,1153;;
EDPC;20,7;;;EDPC_90;3;1,6234;0,3611;0,1448;0,1153;;
EDPC;27,6;;;EDPC_90;3;1,9586;0,3712;0,1608;0,1166;;
EDPC;34,5;;;EDPC_90;3;2,3529;0,3712;0,1608;0,1166;;
EDPC;41,4;;;EDPC_90;3;2,8369;0,3712;0,1608;0,1166;;
EDPC;3,45;;;EDPC_91;3;0,3476;0,3611;0,1448;0,1153;;
EDPC;4,6;;;EDPC_91;3;0,4243;0,3611;0,1448;0,1153;;
EDPC;5,75;;;EDPC_91;3;0,4904;0,3611;0,1448;0,1153;;
EDPC;6,9;;;EDPC_91;3;0,5743;0,3611;0,1448;0,1153;;
EDPC;10,35;;;EDPC_91;3;0,7511;0,3611;0,1448;0,1153;;
EDPC;13,8;;;EDPC_91;3;1,0405;0,3611;0,1448;0,1153;;
EDPC;17,25;;;EDPC_91;3;1,3564;0,3611;0,1448;0,1153;;
EDPC;20,7;;;EDPC_91;3;1,6234;0,3611;0,1448;0,1153;;
EDPC;27,6;;;EDPC_91;3;1,9586;0,3712;0,1608;0,0991;;
EDPC;34,5;;;EDPC_91;3;2,3529;0,3712;0,1608;0,0991;;
EDPC;41,4;;;EDPC_91;3;2,8369;0,3712;0,1608;0,0991;;
EDPC;3,45;;;EDPC_92;3;0,3148;0,403146975;0,17853715;0,14082665;;
EDPC;4,6;;;EDPC_92;3;0,386;0,40346085;0,1786627;0,1409522;;
EDPC;5,75;;;EDPC_92;3;0,4542;0,4035864;0,178725475;0,141014975;;
EDPC;6,9;;;EDPC_92;3;0,5432;0,403146975;0,17853715;0,14082665;;
EDPC;10,35;;;EDPC_92;3;0,7465;0,4030842;0,17853715;0,14082665;;
EDPC;13,8;;;EDPC_92;3;0,9744;0,4038375;0,17828605;0,140763875;;
EDPC;17,25;;;EDPC_92;3;1,1838;0,3934738125;0,1689903125;0,1323345875;;
EDPC;20,7;;;EDPC_92;3;1,42;0,3933567875;0,1689903125;0,1323345875;;
EDPC;27,6;;;EDPC_92;3;1,8364;0,3799159375;0,176601875;0,130032571625;;
EDPC;34,5;;;EDPC_92;3;2,2893;0,3799159375;0,176601875;0,130032571625;;
EDPC;41,4;;;EDPC_92;3;2,7528;0,379857425;0,176601875;0,130032571625;;
EDPC;3,45;;;EDPC_93;3;0,3148;0,403146975;0,17853715;0,14082665;;
EDPC;4,6;;;EDPC_93;3;0,386;0,40346085;0,1786627;0,1409522;;
EDPC;5,75;;;EDPC_93;3;0,4542;0,4035864;0,178725475;0,141014975;;
EDPC;6,9;;;EDPC_93;3;0,5432;0,403146975;0,17853715;0,14082665;;
EDPC;10,35;;;EDPC_93;3;0,7465;0,4030842;0,17853715;0,14082665;;
EDPC;13,8;;;EDPC_93;3;0,9744;0,4038375;0,17828605;0,140763875;;
EDPC;17,25;;;EDPC_93;3;1,1838;0,3934738125;0,1689903125;0,1323345875;;
EDPC;20,7;;;EDPC_93;3;1,42;0,3933567875;0,1689903125;0,1323345875;;
EDPC;27,6;;;EDPC_93;3;1,8364;0,3799159375;0,176601875;0,130032571625;;
EDPC;34,5;;;EDPC_93;3;2,2893;0,3799159375;0,176601875;0,130032571625;;
EDPC;41,4;;;EDPC_93;3;2,7528;0,379857425;0,176601875;0,130032571625;;
EDPC;3,45;;;EDPC_94;3;0,3476;0,3611;0,1448;0,1153;;
EDPC;4,6;;;EDPC_94;3;0,4243;0,3611;0,1448;0,1153;;
EDPC;5,75;;;EDPC_94;3;0,4904;0,3611;0,1448;0,1153;;
EDPC;6,9;;;EDPC_94;3;0,5743;0,3611;0,1448;0,1153;;
EDPC;10,35;;;EDPC_94;3;0,7511;0,3611;0,1448;0,1153;;
EDPC;13,8;;;EDPC_94;3;1,0405;0,3611;0,1448;0,1153;;
EDPC;17,25;;;EDPC_94;3;1,3564;0,3611;0,1448;0,1153;;
EDPC;20,7;;;EDPC_94;3;1,6234;0,3611;0,1448;0,1153;;
EDPC;27,6;;;EDPC_94;3;1,9586;0,3712;0,1608;0,1166;;
EDPC;34,5;;;EDPC_94;3;2,3529;0,3712;0,1608;0,1166;;
EDPC;41,4;;;EDPC_94;3;2,8369;0,3712;0,1608;0,1166;;
ELERGONE;1,15;1;;ELERGONE_01;1;0,0529;0,1542330869;;;;
ELERGONE;2,3;2;;ELERGONE_01;1;0,1058;0,1542330869;;;;
ELERGONE;3,45;3;;ELERGONE_01;1;0,1587;0,1542330869;;;;
ELERGONE;4,6;4;;ELERGONE_01;1;0,2116;0,1542330869;;;;
ELERGONE;5,75;;;ELERGONE_01;1;0,2645;0,1542330869;;;;
ELERGONE;6,9;;;ELERGONE_01;1;0,3174;0,1542330869;;;;
ELERGONE;10,35;;;ELERGONE_01;1;0,4761;0,1542330869;;;;
ELERGONE;13,8;;;ELERGONE_01;1;0,6348;0,1542330869;;;;
ELERGONE;17,25;;;ELERGONE_01;1;0,7935;0,1542330869;;;;
ELERGONE;20,7;;;ELERGONE_01;1;0,9522;0,1542330869;;;;
ELERGONE;1,15;;;ELERGONE_01;2;0,0529;0,178114397;0,108064353;;;
ELERGONE;2,3;;;ELERGONE_01;2;0,1058;0,178114397;0,108064353;;;
ELERGONE;3,45;;;ELERGONE_01;2;0,1587;0,178114397;0,108064353;;;
ELERGONE;4,6;;;ELERGONE_01;2;0,2116;0,178114397;0,108064353;;;
ELERGONE;5,75;;;ELERGONE_01;2;0,2645;0,178114397;0,108064353;;;
ELERGONE;6,9;;;ELERGONE_01;2;0,3174;0,178114397;0,108064353;;;
ELERGONE;10,35;;;ELERGONE_01;2;0,4761;0,178114397;0,108064353;;;
ELERGONE;13,8;;;ELERGONE_01;2;0,6348;0,178114397;0,108064353;;;
ELERGONE;17,25;;;ELERGONE_01;2;0,7935;0,178114397;0,108064353;;;
ELERGONE;20,7;;;ELERGONE_01;2;0,9522;0,178114397;0,108064353;;;
ELERGONE;1,15;;;ELERGONE_01;3;0,0529;0,3426646295;0,1337425265;0,108064353;;
ELERGONE;2,3;;;ELERGONE_01;3;0,1058;0,3426646295;0,1337425265;0,108064353;;
ELERGONE;3,45;;;ELERGONE_01;3;0,1587;0,3426646295;0,1337425265;0,108064353;;
ELERGONE;4,6;;;ELERGONE_01;3;0,2116;0,3426646295;0,1337425265;0,108064353;;
ELERGONE;5,75;;;ELERGONE_01;3;0,2645;0,3426646295;0,1337425265;0,108064353;;
ELERGONE;6,9;;;ELERGONE_01;3;0,3174;0,3426646295;0,1337425265;0,108064353;;
ELERGONE;10,35;;;ELERGONE_01;3;0,4761;0,3426646295;0,1337425265;0,108064353;;
ELERGONE;13,8;;;ELERGONE_01;3;0,6348;0,3426646295;0,1337425265;0,108064353;;
ELERGONE;17,25;;;ELERGONE_01;3;0,7935;0,3426646295;0,1337425265;0,108064353;;
ELERGONE;20,7;;;ELERGONE_01;3;0,9522;0,3426646295;0,1337425265;0,108064353;;
ELERGONE;27,6;;;ELERGONE_01;3;1,2199;0,3425646295;0,1457425265;0,107264353;;
ELERGONE;34,5;;;ELERGONE_01;3;1,5249;0,3425646295;0,1457425265;0,107264353;;
ELERGONE;41,4;;;ELERGONE_01;3;1,8299;0,3425646295;0,1457425265;0,107264353;;
END;1,15;1;;END_01;1;0,28195;0,181375;;;;
END;2,3;2;;END_01;1;0,372225;0,181375;;;;
END;3,45;3;;END_01;1;0,445525;0,181375;;;;
END;4,6;4;;END_01;1;0,585375;0,181375;;;;
END;5,75;;;END_01;1;0,6884;0,181375;;;;
END;6,9;;;END_01;1;0,891725;0,181375;;;;
END;10,35;;;END_01;1;1,066375;0,181375;;;;
END;13,8;;;END_01;1;1,38935;0,181375;;;;
END;17,25;;;END_01;1;1,7376;0,181375;;;;
END;20,7;;;END_01;1;2,2561;0,181375;;;;
END;1,15;1;;END_02;1;0,27875;0,17935;;;;
END;2,3;2;;END_02;1;0,367925;0,17935;;;;
END;3,45;3;;END_02;1;0,440425;0,17935;;;;
END;4,6;4;;END_02;1;0,578575;0,17935;;;;
END;5,75;;;END_02;1;0,6804;0,17935;;;;
END;6,9;;;END_02;1;0,881425;0,17935;;;;
END;10,35;;;END_02;1;1,054075;0,17935;;;;
END;13,8;;;END_02;1;1,373325;0,17935;;;;
END;17,25;;;END_02;1;1,7175;0,17935;;;;
END;20,7;;;END_02;1;2,23;0,17935;;;;
END;1,15;1;;END_03;1;0,1646;0,1648;;;;
END;2,3;2;;END_03;1;0,2459;0,1648;;;;
END;3,45;3;;END_03;1;0,3086;0,1648;;;;
END;4,6;4;;END_03;1;0,4342;0,1648;;;;
END;5,75;;;END_03;1;0,5288;0,1648;;;;
END;6,9;;;END_03;1;0,7069;0,1648;;;;
END;10,35;;;END_03;1;0,879;0,1648;;;;
END;13,8;;;END_03;1;1,1742;0,1648;;;;
END;17,25;;;END_03;1;1,4899;0,1648;;;;
END;20,7;;;END_03;1;1,9459;0,1648;;;;
END;1,15;1;;END_04;1;;;;;0,139575;0,0869
END;2,3;2;;END_04;1;;;;;0,23005;0,085825
END;3,45;3;;END_04;1;;;;;0,35885;0,083425
END;4,6;4;;END_04;1;;;;;0,6602;0,08265
END;1,15;1;;END_05;1;;;;;0,126525;0,0863
END;2,3;2;;END_05;1;;;;;0,2337;0,081775
END;1,15;1;;END_06;1;0,27875;0,17935;;;;
END;2,3;2;;END_06;1;0,367925;0,17935;;;;
END;3,45;3;;END_06;1;0,440425;0,17935;;;;
END;4,6;4;;END_06;1;0,578575;0,17935;;;;
END;5,75;;;END_06;1;0,6804;0,17935;;;;
END;6,9;;;END_06;1;0,881425;0,17935;;;;
END;10,35;;;END_06;1;1,054075;0,17935;;;;
END;13,8;;;END_06;1;1,373325;0,17935;;;;
END;17,25;;;END_06;1;1,7175;0,17935;;;;
END;20,7;;;END_06;1;2,23;0,17935;;;;
END;1,15;1;;END_07;1;0,27225;0,17515;;;;
END;2,3;2;;END_07;1;0,359325;0,17515;;;;
END;3,45;3;;END_07;1;0,430125;0,17515;;;;
END;4,6;4;;END_07;1;0,565075;0,17515;;;;
END;5,75;;;END_07;1;0,6645;0,17515;;;;
END;6,9;;;END_07;1;0,860825;0,17515;;;;
END;10,35;;;END_07;1;1,029375;0,17515;;;;
END;13,8;;;END_07;1;1,34115;0,17515;;;;
END;17,25;;;END_07;1;1,677375;0,17515;;;;
END;20,7;;;END_07;1;2,177875;0,17515;;;;
END;1,15;1;;END_08;1;0,27225;0,17515;;;;
END;2,3;2;;END_08;1;0,359325;0,17515;;;;
END;3,45;3;;END_08;1;0,430125;0,17515;;;;
END;4,6;4;;END_08;1;0,565075;0,17515;;;;
END;5,75;;;END_08;1;0,6645;0,17515;;;;
END;6,9;;;END_08;1;0,860825;0,17515;;;;
END;10,35;;;END_08;1;1,029375;0,17515;;;;
END;13,8;;;END_08;1;1,34115;0,17515;;;;
END;17,25;;;END_08;1;1,677375;0,17515;;;;
END;20,7;;;END_08;1;2,177875;0,17515;;;;
END;1,15;1;;END_09;1;0,27545;0,17725;;;;
END;2,3;2;;END_09;1;0,363625;0,17725;;;;
END;3,45;3;;END_09;1;0,435225;0,17725;;;;
END;4,6;4;;END_09;1;0,5718;0,17725;;;;
END;5,75;;;END_09;1;0,672425;0,17725;;;;
END;6,9;;;END_09;1;0,871125;0,17725;;;;
END;10,35;;;END_09;1;1,0417;0,17725;;;;
END;13,8;;;END_09;1;1,35725;0,17725;;;;
END;17,25;;;END_09;1;1,697475;0,17725;;;;
END;20,7;;;END_09;1;2,2039;0,17725;;;;
END;1,15;1;;END_10;1;0,27545;0,17725;;;;
END;2,3;2;;END_10;1;0,363625;0,17725;;;;
END;3,45;3;;END_10;1;0,435225;0,17725;;;;
END;4,6;4;;END_10;1;0,5718;0,17725;;;;
END;5,75;;;END_10;1;0,672425;0,17725;;;;
END;6,9;;;END_10;1;0,871125;0,17725;;;;
END;10,35;;;END_10;1;1,0417;0,17725;;;;
END;13,8;;;END_10;1;1,35725;0,17725;;;;
END;17,25;;;END_10;1;1,697475;0,17725;;;;
END;20,7;;;END_10;1;2,2039;0,17725;;;;
END;1,15;1;;END_11;1;0,27545;0,17725;;;;
END;2,3;2;;END_11;1;0,363625;0,17725;;;;
END;3,45;3;;END_11;1;0,435225;0,17725;;;;
END;4,6;4;;END_11;1;0,5718;0,17725;;;;
END;5,75;;;END_11;1;0,672425;0,17725;;;;
END;6,9;;;END_11;1;0,871125;0,17725;;;;
END;10,35;;;END_11;1;1,0417;0,17725;;;;
END;13,8;;;END_11;1;1,35725;0,17725;;;;
END;17,25;;;END_11;1;1,697475;0,17725;;;;
END;20,7;;;END_11;1;2,2039;0,17725;;;;
END;1,15;1;;END_12;1;;;;;0,1602;0,095275
END;2,3;2;;END_12;1;;;;;0,272225;0,0936
END;3,45;3;;END_12;1;;;;;0,4481;0,090475
END;4,6;4;;END_12;1;;;;;0,8819;0,0891
END;1,15;1;;END_13;1;;;;;0,178625;0,110025
END;2,3;2;;END_13;1;;;;;0,2523;0,10545
END;3,45;3;;END_13;1;;;;;0,4088;0,097975
END;4,6;4;;END_13;1;;;;;0,6601;0,0972
END;1,15;1;;END_14;1;;;;;0,17655;0,108725
END;2,3;2;;END_14;1;;;;;0,2494;0,10425
END;3,45;3;;END_14;1;;;;;0,404075;0,096875
END;4,6;4;;END_14;1;;;;;0,652425;0,0961
END;1,15;1;;END_15;1;;;;;0,126525;0,0863
END;2,3;2;;END_15;1;;;;;0,2337;0,081775
END;1,15;1;;END_16;1;;;;;0,1602;0,095275
END;2,3;2;;END_16;1;;;;;0,272225;0,0936
END;3,45;3;;END_16;1;;;;;0,4481;0,090475
END;4,6;4;;END_16;1;;;;;0,8819;0,0891
END;1,15;1;;END_17;1;;;;;0,143075;0,089
END;2,3;2;;END_17;1;;;;;0,235775;0,08795
END;3,45;3;;END_17;1;;;;;0,367775;0,0855
END;4,6;4;;END_17;1;;;;;0,6766;0,084725
END;1,15;1;;END_18;1;;;;;0,17655;0,108725
END;2,3;2;;END_18;1;;;;;0,2494;0,10425
END;3,45;3;;END_18;1;;;;;0,404075;0,096875
END;4,6;4;;END_18;1;;;;;0,652425;0,0961
END;1,15;1;;END_19;1;;;;;0,17655;0,108725
END;2,3;2;;END_19;1;;;;;0,2494;0,10425
END;3,45;3;;END_19;1;;;;;0,404075;0,096875
END;4,6;4;;END_19;1;;;;;0,652425;0,0961
END;1,15;1;;END_20;1;;;;;0,17035;0,104925
END;2,3;2;;END_20;1;;;;;0,240625;0,10055
END;3,45;3;;END_20;1;;;;;0,3899;0,093475
END;4,6;4;;END_20;1;;;;;0,629525;0,0927
END;1,15;1;;END_21;1;;;;;0,172425;0,106225
END;2,3;2;;END_21;1;;;;;0,2436;0,101775
END;3,45;3;;END_21;1;;;;;0,3946;0,094575
END;4,6;4;;END_21;1;;;;;0,637225;0,093875
END;1,15;1;;END_22;1;;;;;0,174525;0,1075
END;2,3;2;;END_22;1;;;;;0,2465;0,10305
END;3,45;3;;END_22;1;;;;;0,399375;0,09575
END;4,6;4;;END_22;1;;;;;0,644825;0,094975
END;1,15;1;;END_23;1;;;;;0,174525;0,1075
END;2,3;2;;END_23;1;;;;;0,2465;0,10305
END;3,45;3;;END_23;1;;;;;0,399375;0,09575
END;4,6;4;;END_23;1;;;;;0,644825;0,094975
END;1,15;1;;END_24;1;0,27225;0,17515;;;;
END;2,3;2;;END_24;1;0,359325;0,17515;;;;
END;3,45;3;;END_24;1;0,430125;0,17515;;;;
END;4,6;4;;END_24;1;0,565075;0,17515;;;;
END;5,75;;;END_24;1;0,6645;0,17515;;;;
END;6,9;;;END_24;1;0,860825;0,17515;;;;
END;10,35;;;END_24;1;1,029375;0,17515;;;;
END;13,8;;;END_24;1;1,34115;0,17515;;;;
END;17,25;;;END_24;1;1,677375;0,17515;;;;
END;20,7;;;END_24;1;2,177875;0,17515;;;;
END;1,15;1;;END_25;1;0,27225;0,17515;;;;
END;2,3;2;;END_25;1;0,359325;0,17515;;;;
END;3,45;3;;END_25;1;0,430125;0,17515;;;;
END;4,6;4;;END_25;1;0,565075;0,17515;;;;
END;5,75;;;END_25;1;0,6645;0,17515;;;;
END;6,9;;;END_25;1;0,860825;0,17515;;;;
END;10,35;;;END_25;1;1,029375;0,17515;;;;
END;13,8;;;END_25;1;1,34115;0,17515;;;;
END;17,25;;;END_25;1;1,677375;0,17515;;;;
END;20,7;;;END_25;1;2,177875;0,17515;;;;
END;1,15;1;;END_26;1;0,27225;0,17515;;;;
END;2,3;2;;END_26;1;0,359325;0,17515;;;;
END;3,45;3;;END_26;1;0,430125;0,17515;;;;
END;4,6;4;;END_26;1;0,565075;0,17515;;;;
END;5,75;;;END_26;1;0,6645;0,17515;;;;
END;6,9;;;END_26;1;0,860825;0,17515;;;;
END;10,35;;;END_26;1;1,029375;0,17515;;;;
END;13,8;;;END_26;1;1,34115;0,17515;;;;
END;17,25;;;END_26;1;1,677375;0,17515;;;;
END;20,7;;;END_26;1;2,177875;0,17515;;;;
END;1,15;1;;END_27;1;0,27225;0,17515;;;;
END;2,3;2;;END_27;1;0,359325;0,17515;;;;
END;3,45;3;;END_27;1;0,430125;0,17515;;;;
END;4,6;4;;END_27;1;0,565075;0,17515;;;;
END;5,75;;;END_27;1;0,6645;0,17515;;;;
END;6,9;;;END_27;1;0,860825;0,17515;;;;
END;10,35;;;END_27;1;1,029375;0,17515;;;;
END;13,8;;;END_27;1;1,34115;0,17515;;;;
END;17,25;;;END_27;1;1,677375;0,17515;;;;
END;20,7;;;END_27;1;2,177875;0,17515;;;;
END;1,15;1;;END_28;1;0,27545;0,17725;;;;
END;2,3;2;;END_28;1;0,363625;0,17725;;;;
END;3,45;3;;END_28;1;0,435225;0,17725;;;;
END;4,6;4;;END_28;1;0,5718;0,17725;;;;
END;5,75;;;END_28;1;0,672425;0,17725;;;;
END;6,9;;;END_28;1;0,871125;0,17725;;;;
END;10,35;;;END_28;1;1,0417;0,17725;;;;
END;13,8;;;END_28;1;1,35725;0,17725;;;;
END;17,25;;;END_28;1;1,697475;0,17725;;;;
END;20,7;;;END_28;1;2,2039;0,17725;;;;
END;1,15;1;;END_29;1;0,27225;0,17515;;;;
END;2,3;2;;END_29;1;0,359325;0,17515;;;;
END;3,45;3;;END_29;1;0,430125;0,17515;;;;
END;4,6;4;;END_29;1;0,565075;0,17515;;;;
END;5,75;;;END_29;1;0,6645;0,17515;;;;
END;6,9;;;END_29;1;0,860825;0,17515;;;;
END;10,35;;;END_29;1;1,029375;0,17515;;;;
END;13,8;;;END_29;1;1,34115;0,17515;;;;
END;17,25;;;END_29;1;1,677375;0,17515;;;;
END;20,7;;;END_29;1;2,177875;0,17515;;;;
END;1,15;1;;END_30;1;0,26895;0,17305;;;;
END;2,3;2;;END_30;1;0,355025;0,17305;;;;
END;3,45;3;;END_30;1;0,424925;0,17305;;;;
END;4,6;4;;END_30;1;0,558275;0,17305;;;;
END;5,75;;;END_30;1;0,656525;0,17305;;;;
END;6,9;;;END_30;1;0,850525;0,17305;;;;
END;10,35;;;END_30;1;1,017075;0,17305;;;;
END;13,8;;;END_30;1;1,32515;0,17305;;;;
END;17,25;;;END_30;1;1,657275;0,17305;;;;
END;20,7;;;END_30;1;2,1518;0,17305;;;;
END;1,15;1;;END_31;1;0,1589;0,2437;;;;
END;2,3;2;;END_31;1;0,2206;0,2437;;;;
END;3,45;3;;END_31;1;0,2551;0,2437;;;;
END;4,6;4;;END_31;1;0,3492;0,2437;;;;
END;5,75;;;END_31;1;0,4282;0,2437;;;;
END;6,9;;;END_31;1;0,5437;0,2437;;;;
END;10,35;;;END_31;1;0,7318;0,2437;;;;
END;13,8;;;END_31;1;0,9726;0,2437;;;;
END;17,25;;;END_31;1;1,22;0,2437;;;;
END;20,7;;;END_31;1;1,5228;0,2437;;;;
END;3,45;3;;END_32;1;0,24525;0,1497;;;;
END;4,6;4;;END_32;1;0,3395;0,1497;;;;
END;5,75;;;END_32;1;0,41505;0,1497;;;;
END;6,9;;;END_32;1;0,538725;0,1497;;;;
END;1,15;1;;END_33;1;0,161475;0,1519;;;;
END;2,3;2;;END_33;1;0,242175;0,1519;;;;
END;3,45;3;;END_33;1;0,305125;0,1519;;;;
END;4,6;4;;END_33;1;0,42985;0,1519;;;;
END;5,75;;;END_33;1;0,52335;0,1519;;;;
END;6,9;;;END_33;1;0,701225;0,1519;;;;
END;10,35;;;END_33;1;0,868825;0,1519;;;;
END;13,8;;;END_33;1;1,16085;0,1519;;;;
END;17,25;;;END_33;1;1,473725;0,1519;;;;
END;20,7;;;END_33;1;1,9287;0,1519;;;;
END;1,15;1;;END_34;1;0,26895;0,17305;;;;
END;2,3;2;;END_34;1;0,355025;0,17305;;;;
END;3,45;3;;END_34;1;0,424925;0,17305;;;;
END;4,6;4;;END_34;1;0,558275;0,17305;;;;
END;5,75;;;END_34;1;0,656525;0,17305;;;;
END;6,9;;;END_34;1;0,850525;0,17305;;;;
END;10,35;;;END_34;1;1,017075;0,17305;;;;
END;13,8;;;END_34;1;1,32515;0,17305;;;;
END;17,25;;;END_34;1;1,657275;0,17305;;;;
END;20,7;;;END_34;1;2,1518;0,17305;;;;
END;3,45;3;;END_35;1;0,3665;0,16975;;;;
END;4,6;4;;END_35;1;0,519275;0,16975;;;;
END;5,75;;;END_35;1;0,631325;0,16975;;;;
END;6,9;;;END_35;1;0,8545;0,16975;;;;
END;1,15;1;;END_36;1;0,27545;0,17725;;;;
END;2,3;2;;END_36;1;0,363625;0,17725;;;;
END;3,45;3;;END_36;1;0,435225;0,17725;;;;
END;4,6;4;;END_36;1;0,5718;0,17725;;;;
END;5,75;;;END_36;1;0,672425;0,17725;;;;
END;6,9;;;END_36;1;0,871125;0,17725;;;;
END;10,35;;;END_36;1;1,0417;0,17725;;;;
END;13,8;;;END_36;1;1,35725;0,17725;;;;
END;17,25;;;END_36;1;1,697475;0,17725;;;;
END;20,7;;;END_36;1;2,2039;0,17725;;;;
END;3,45;3;;END_37;1;0,3665;0,16975;;;;
END;4,6;4;;END_37;1;0,519275;0,16975;;;;
END;5,75;;;END_37;1;0,631325;0,16975;;;;
END;6,9;;;END_37;1;0,8545;0,16975;;;;
END;1,15;1;;END_38;1;0,161475;0,1519;;;;
END;2,3;2;;END_38;1;0,242175;0,1519;;;;
END;3,45;3;;END_38;1;0,305125;0,1519;;;;
END;4,6;4;;END_38;1;0,42985;0,1519;;;;
END;5,75;;;END_38;1;0,52335;0,1519;;;;
END;6,9;;;END_38;1;0,701225;0,1519;;;;
END;10,35;;;END_38;1;0,868825;0,1519;;;;
END;13,8;;;END_38;1;1,16085;0,1519;;;;
END;17,25;;;END_38;1;1,473725;0,1519;;;;
END;20,7;;;END_38;1;1,9287;0,1519;;;;
END;1,15;1;;END_39;1;0,26895;0,17305;;;;
END;2,3;2;;END_39;1;0,355025;0,17305;;;;
END;3,45;3;;END_39;1;0,424925;0,17305;;;;
END;4,6;4;;END_39;1;0,558275;0,17305;;;;
END;5,75;;;END_39;1;0,656525;0,17305;;;;
END;6,9;;;END_39;1;0,850525;0,17305;;;;
END;10,35;;;END_39;1;1,017075;0,17305;;;;
END;13,8;;;END_39;1;1,32515;0,17305;;;;
END;17,25;;;END_39;1;1,657275;0,17305;;;;
END;20,7;;;END_39;1;2,1518;0,17305;;;;
END;1,15;1;;END_40;1;0,27225;0,17515;;;;
END;2,3;2;;END_40;1;0,359325;0,17515;;;;
END;3,45;3;;END_40;1;0,430125;0,17515;;;;
END;4,6;4;;END_40;1;0,565075;0,17515;;;;
END;5,75;;;END_40;1;0,6645;0,17515;;;;
END;6,9;;;END_40;1;0,860825;0,17515;;;;
END;10,35;;;END_40;1;1,029375;0,17515;;;;
END;13,8;;;END_40;1;1,34115;0,17515;;;;
END;17,25;;;END_40;1;1,677375;0,17515;;;;
END;20,7;;;END_40;1;2,177875;0,17515;;;;
END;1,15;1;;END_41;1;0,26895;0,17305;;;;
END;2,3;2;;END_41;1;0,355025;0,17305;;;;
END;3,45;3;;END_41;1;0,424925;0,17305;;;;
END;4,6;4;;END_41;1;0,558275;0,17305;;;;
END;5,75;;;END_41;1;0,656525;0,17305;;;;
END;6,9;;;END_41;1;0,850525;0,17305;;;;
END;10,35;;;END_41;1;1,017075;0,17305;;;;
END;13,8;;;END_41;1;1,32515;0,17305;;;;
END;17,25;;;END_41;1;1,657275;0,17305;;;;
END;20,7;;;END_41;1;2,1518;0,17305;;;;
END;1,15;1;;END_42;1;0,1589;0,2437;;;;
END;2,3;2;;END_42;1;0,2206;0,2437;;;;
END;3,45;3;;END_42;1;0,2551;0,2437;;;;
END;4,6;4;;END_42;1;0,3492;0,2437;;;;
END;5,75;;;END_42;1;0,4282;0,2437;;;;
END;6,9;;;END_42;1;0,5437;0,2437;;;;
END;10,35;;;END_42;1;0,7318;0,2437;;;;
END;13,8;;;END_42;1;0,9726;0,2437;;;;
END;17,25;;;END_42;1;1,22;0,2437;;;;
END;20,7;;;END_42;1;1,5228;0,2437;;;;
END;1,15;1;;END_43;1;0,27875;0,17935;;;;
END;2,3;2;;END_43;1;0,367925;0,17935;;;;
END;3,45;3;;END_43;1;0,440425;0,17935;;;;
END;4,6;4;;END_43;1;0,578575;0,17935;;;;
END;5,75;;;END_43;1;0,6804;0,17935;;;;
END;6,9;;;END_43;1;0,881425;0,17935;;;;
END;10,35;;;END_43;1;1,054075;0,17935;;;;
END;13,8;;;END_43;1;1,373325;0,17935;;;;
END;17,25;;;END_43;1;1,7175;0,17935;;;;
END;20,7;;;END_43;1;2,23;0,17935;;;;
END;1,15;1;;END_44;1;0,27545;0,17725;;;;
END;2,3;2;;END_44;1;0,363625;0,17725;;;;
END;3,45;3;;END_44;1;0,435225;0,17725;;;;
END;4,6;4;;END_44;1;0,5718;0,17725;;;;
END;5,75;;;END_44;1;0,672425;0,17725;;;;
END;6,9;;;END_44;1;0,871125;0,17725;;;;
END;10,35;;;END_44;1;1,0417;0,17725;;;;
END;13,8;;;END_44;1;1,35725;0,17725;;;;
END;17,25;;;END_44;1;1,697475;0,17725;;;;
END;20,7;;;END_44;1;2,2039;0,17725;;;;
END;1,15;1;;END_45;1;0,27875;0,17935;;;;
END;2,3;2;;END_45;1;0,367925;0,17935;;;;
END;3,45;3;;END_45;1;0,440425;0,17935;;;;
END;4,6;4;;END_45;1;0,578575;0,17935;;;;
END;5,75;;;END_45;1;0,6804;0,17935;;;;
END;6,9;;;END_45;1;0,881425;0,17935;;;;
END;10,35;;;END_45;1;1,054075;0,17935;;;;
END;13,8;;;END_45;1;1,373325;0,17935;;;;
END;17,25;;;END_45;1;1,7175;0,17935;;;;
END;20,7;;;END_45;1;2,23;0,17935;;;;
END;3,45;3;;END_46;1;0,24525;0,1497;;;;
END;4,6;4;;END_46;1;0,3395;0,1497;;;;
END;5,75;;;END_46;1;0,41505;0,1497;;;;
END;6,9;;;END_46;1;0,538725;0,1497;;;;
END;1,15;1;;END_47;1;0,28195;0,181375;;;;
END;2,3;2;;END_47;1;0,372225;0,181375;;;;
END;3,45;3;;END_47;1;0,445525;0,181375;;;;
END;4,6;4;;END_47;1;0,585375;0,181375;;;;
END;5,75;;;END_47;1;0,6884;0,181375;;;;
END;6,9;;;END_47;1;0,891725;0,181375;;;;
END;10,35;;;END_47;1;1,066375;0,181375;;;;
END;13,8;;;END_47;1;1,38935;0,181375;;;;
END;17,25;;;END_47;1;1,7376;0,181375;;;;
END;20,7;;;END_47;1;2,2561;0,181375;;;;
END;1,15;1;;END_48;1;;;;;0,17035;0,104925
END;2,3;2;;END_48;1;;;;;0,240625;0,10055
END;3,45;3;;END_48;1;;;;;0,3899;0,093475
END;4,6;4;;END_48;1;;;;;0,629525;0,0927
END;1,15;1;;END_49;1;0,26565;0,17095;;;0,168325;0,103625
END;2,3;2;;END_49;1;0,350725;0,17095;;;0,237725;0,09935
END;3,45;3;;END_49;1;0,419825;0,17095;;;0,385175;0,09235
END;4,6;4;;END_49;1;0,5515;0,17095;;;0,621925;0,0916
END;5,75;;;END_49;1;0,6486;0,17095;;;;
END;6,9;;;END_49;1;0,840225;0,17095;;;;
END;10,35;;;END_49;1;1,004775;0,17095;;;;
END;13,8;;;END_49;1;1,30905;0,17095;;;;
END;17,25;;;END_49;1;1,637175;0,17095;;;;
END;20,7;;;END_49;1;2,1257;0,17095;;;;
END;1,15;1;;END_50;1;0,26565;0,17095;;;0,168325;0,103625
END;2,3;2;;END_50;1;0,350725;0,17095;;;0,237725;0,09935
END;3,45;3;;END_50;1;0,419825;0,17095;;;0,385175;0,09235
END;4,6;4;;END_50;1;0,5515;0,17095;;;0,621925;0,0916
END;5,75;;;END_50;1;0,6486;0,17095;;;;
END;6,9;;;END_50;1;0,840225;0,17095;;;;
END;10,35;;;END_50;1;1,004775;0,17095;;;;
END;13,8;;;END_50;1;1,30905;0,17095;;;;
END;17,25;;;END_50;1;1,637175;0,17095;;;;
END;20,7;;;END_50;1;2,1257;0,17095;;;;
END;1,15;1;;END_51;1;0,26895;0,17305;;;0,17035;0,104925
END;2,3;2;;END_51;1;0,355025;0,17305;;;0,240625;0,10055
END;3,45;3;;END_51;1;0,424925;0,17305;;;0,3899;0,093475
END;4,6;4;;END_51;1;0,558275;0,17305;;;0,629525;0,0927
END;5,75;;;END_51;1;0,656525;0,17305;;;;
END;6,9;;;END_51;1;0,850525;0,17305;;;;
END;10,35;;;END_51;1;1,017075;0,17305;;;;
END;13,8;;;END_51;1;1,32515;0,17305;;;;
END;17,25;;;END_51;1;1,657275;0,17305;;;;
END;20,7;;;END_51;1;2,1518;0,17305;;;;
END;1,15;1;;END_52;1;0,26895;0,17305;;;0,17035;0,104925
END;2,3;2;;END_52;1;0,355025;0,17305;;;0,240625;0,10055
END;3,45;3;;END_52;1;0,424925;0,17305;;;0,3899;0,093475
END;4,6;4;;END_52;1;0,558275;0,17305;;;0,629525;0,0927
END;5,75;;;END_52;1;0,656525;0,17305;;;;
END;6,9;;;END_52;1;0,850525;0,17305;;;;
END;10,35;;;END_52;1;1,017075;0,17305;;;;
END;13,8;;;END_52;1;1,32515;0,17305;;;;
END;17,25;;;END_52;1;1,657275;0,17305;;;;
END;20,7;;;END_52;1;2,1518;0,17305;;;;
END;1,15;1;;END_53;1;0,26895;0,17305;;;0,17035;0,104925
END;2,3;2;;END_53;1;0,355025;0,17305;;;0,240625;0,10055
END;3,45;3;;END_53;1;0,424925;0,17305;;;0,3899;0,093475
END;4,6;4;;END_53;1;0,558275;0,17305;;;0,629525;0,0927
END;5,75;;;END_53;1;0,656525;0,17305;;;;
END;6,9;;;END_53;1;0,850525;0,17305;;;;
END;10,35;;;END_53;1;1,017075;0,17305;;;;
END;13,8;;;END_53;1;1,32515;0,17305;;;;
END;17,25;;;END_53;1;1,657275;0,17305;;;;
END;20,7;;;END_53;1;2,1518;0,17305;;;;
END;1,15;1;;END_54;1;0,26565;0,17095;;;0,168325;0,103625
END;2,3;2;;END_54;1;0,350725;0,17095;;;0,237725;0,09935
END;3,45;3;;END_54;1;0,419825;0,17095;;;0,385175;0,09235
END;4,6;4;;END_54;1;0,5515;0,17095;;;0,621925;0,0916
END;5,75;;;END_54;1;0,6486;0,17095;;;;
END;6,9;;;END_54;1;0,840225;0,17095;;;;
END;10,35;;;END_54;1;1,004775;0,17095;;;;
END;13,8;;;END_54;1;1,30905;0,17095;;;;
END;17,25;;;END_54;1;1,637175;0,17095;;;;
END;20,7;;;END_54;1;2,1257;0,17095;;;;
END;1,15;1;;END_55;1;;;;;0,1602;0,095275
END;2,3;2;;END_55;1;;;;;0,272225;0,0936
END;3,45;3;;END_55;1;0,3665;0,16975;;;0,4481;0,090475
END;4,6;4;;END_55;1;0,519275;0,16975;;;0,8819;0,0891
END;5,75;;;END_55;1;0,631325;0,16975;;;;
END;6,9;;;END_55;1;0,8545;0,16975;;;;
END;1,15;1;;END_56;1;0,161475;0,1519;;;0,139575;0,0869
END;2,3;2;;END_56;1;0,242175;0,1519;;;0,23005;0,085825
END;3,45;3;;END_56;1;0,305125;0,1519;;;0,35885;0,083425
END;4,6;4;;END_56;1;0,42985;0,1519;;;0,6602;0,08265
END;5,75;;;END_56;1;0,52335;0,1519;;;;
END;6,9;;;END_56;1;0,701225;0,1519;;;;
END;10,35;;;END_56;1;0,868825;0,1519;;;;
END;13,8;;;END_56;1;1,16085;0,1519;;;;
END;17,25;;;END_56;1;1,473725;0,1519;;;;
END;20,7;;;END_56;1;1,9287;0,1519;;;;
END;1,15;1;;END_57;1;0,26245;0,16885;;;0,166225;0,1024
END;2,3;2;;END_57;1;0,34635;0,16885;;;0,2348;0,09815
END;3,45;3;;END_57;1;0,414625;0,16885;;;0,380475;0,091175
END;4,6;4;;END_57;1;0,544775;0,16885;;;0,614325;0,0905
END;5,75;;;END_57;1;0,6406;0,16885;;;;
END;6,9;;;END_57;1;0,82985;0,16885;;;;
END;10,35;;;END_57;1;0,992375;0,16885;;;;
END;13,8;;;END_57;1;1,29295;0,16885;;;;
END;17,25;;;END_57;1;1,617075;0,16885;;;;
END;20,7;;;END_57;1;2,0996;0,16885;;;;
END;1,15;1;;END_58;1;0,26565;0,17095;;;0,168325;0,103625
END;2,3;2;;END_58;1;0,350725;0,17095;;;0,237725;0,09935
END;3,45;3;;END_58;1;0,419825;0,17095;;;0,385175;0,09235
END;4,6;4;;END_58;1;0,5515;0,17095;;;0,621925;0,0916
END;5,75;;;END_58;1;0,6486;0,17095;;;;
END;6,9;;;END_58;1;0,840225;0,17095;;;;
END;10,35;;;END_58;1;1,004775;0,17095;;;;
END;13,8;;;END_58;1;1,30905;0,17095;;;;
END;17,25;;;END_58;1;1,637175;0,17095;;;;
END;20,7;;;END_58;1;2,1257;0,17095;;;;
END;1,15;1;;END_59;1;0,26245;0,16885;;;0,166225;0,1024
END;2,3;2;;END_59;1;0,34635;0,16885;;;0,2348;0,09815
END;3,45;3;;END_59;1;0,414625;0,16885;;;0,380475;0,091175
END;4,6;4;;END_59;1;0,544775;0,16885;;;0,614325;0,0905
END;5,75;;;END_59;1;0,6406;0,16885;;;;
END;6,9;;;END_59;1;0,82985;0,16885;;;;
END;10,35;;;END_59;1;0,992375;0,16885;;;;
END;13,8;;;END_59;1;1,29295;0,16885;;;;
END;17,25;;;END_59;1;1,617075;0,16885;;;;
END;20,7;;;END_59;1;2,0996;0,16885;;;;
END;1,15;1;;END_60;1;0,27225;0,17515;;;0,172425;0,106225
END;2,3;2;;END_60;1;0,359325;0,17515;;;0,2436;0,101775
END;3,45;3;;END_60;1;0,430125;0,17515;;;0,3946;0,094575
END;4,6;4;;END_60;1;0,565075;0,17515;;;0,637225;0,093875
END;5,75;;;END_60;1;0,6645;0,17515;;;;
END;6,9;;;END_60;1;0,860825;0,17515;;;;
END;10,35;;;END_60;1;1,029375;0,17515;;;;
END;13,8;;;END_60;1;1,34115;0,17515;;;;
END;17,25;;;END_60;1;1,677375;0,17515;;;;
END;20,7;;;END_60;1;2,177875;0,17515;;;;
END;1,15;1;;END_61;1;0,1187;0,17465;;;0,1514;0,1089
END;2,3;2;;END_61;1;0,1716;0,17465;;;0,1855;0,1038
END;3,45;3;;END_61;1;0,2245;0,17465;;;0,2185;0,1004
END;4,6;4;;END_61;1;0,2774;0,17465;;;0,2722;0,0991
END;5,75;;;END_61;1;0,3303;0,17465;;;;
END;6,9;;;END_61;1;0,3832;0,17465;;;;
END;10,35;;;END_61;1;0,5419;0,17465;;;;
END;13,8;;;END_61;1;0,7006;0,17465;;;;
END;17,25;;;END_61;1;0,8593;0,17465;;;;
END;20,7;;;END_61;1;1,018;0,17465;;;;
END;1,15;1;;END_62;1;;;;;0,1514;0,1089
END;2,3;2;;END_62;1;;;;;0,1855;0,1038
END;3,45;3;;END_62;1;;;;;0,2185;0,1004
END;4,6;4;;END_62;1;;;;;0,2722;0,0991
END;1,15;1;;END_65;1;0,1187;0,17465;;;0,1514;0,1089
END;2,3;2;;END_65;1;0,1716;0,17465;;;0,1855;0,1038
END;3,45;3;;END_65;1;0,2245;0,17465;;;0,2185;0,1004
END;4,6;4;;END_65;1;0,2774;0,17465;;;0,2722;0,0991
END;5,75;;;END_65;1;0,3303;0,17465;;;;
END;6,9;;;END_65;1;0,3832;0,17465;;;;
END;10,35;;;END_65;1;0,5419;0,17465;;;;
END;13,8;;;END_65;1;0,7006;0,17465;;;;
END;17,25;;;END_65;1;0,8593;0,17465;;;;
END;20,7;;;END_65;1;1,018;0,17465;;;;
END;1,15;1;;END_66;1;;;;;0,1514;0,1089
END;2,3;2;;END_66;1;;;;;0,1855;0,1038
END;3,45;3;;END_66;1;;;;;0,2185;0,1004
END;4,6;4;;END_66;1;;;;;0,2722;0,0991
END;1,15;1;;END_67;1;0,1187;0,17465;;;;
END;2,3;2;;END_67;1;0,1716;0,17465;;;;
END;3,45;3;;END_67;1;0,2245;0,17465;;;;
END;4,6;4;;END_67;1;0,2774;0,17465;;;;
END;5,75;;;END_67;1;0,3303;0,17465;;;;
END;6,9;;;END_67;1;0,3832;0,17465;;;;
END;10,35;;;END_67;1;0,5419;0,17465;;;;
END;13,8;;;END_67;1;0,7006;0,17465;;;;
END;17,25;;;END_67;1;0,8593;0,17465;;;;
END;20,7;;;END_67;1;1,018;0,17465;;;;
END;1,15;1;;END_68;1;0,27545;0,17725;;;0,174525;0,1075
END;2,3;2;;END_68;1;0,363625;0,17725;;;0,2465;0,10305
END;3,45;3;;END_68;1;0,435225;0,17725;;;0,399375;0,09575
END;4,6;4;;END_68;1;0,5718;0,17725;;;0,644825;0,094975
END;5,75;;;END_68;1;0,672425;0,17725;;;;
END;6,9;;;END_68;1;0,871125;0,17725;;;;
END;10,35;;;END_68;1;1,0417;0,17725;;;;
END;13,8;;;END_68;1;1,35725;0,17725;;;;
END;17,25;;;END_68;1;1,697475;0,17725;;;;
END;20,7;;;END_68;1;2,2039;0,17725;;;;
END;1,15;1;;END_71;1;0,1187;0,17465;;;;
END;2,3;2;;END_71;1;0,1716;0,17465;;;;
END;3,45;3;;END_71;1;0,2245;0,17465;;;;
END;4,6;4;;END_71;1;0,2774;0,17465;;;;
END;5,75;;;END_71;1;0,3303;0,17465;;;;
END;6,9;;;END_71;1;0,3832;0,17465;;;;
END;10,35;;;END_71;1;0,5419;0,17465;;;;
END;13,8;;;END_71;1;0,7006;0,17465;;;;
END;17,25;;;END_71;1;0,8593;0,17465;;;;
END;20,7;;;END_71;1;1,018;0,17465;;;;
END;1,15;1;;END_72;1;0,1589;0,2437;;;0,1306;0,1041
END;2,3;2;;END_72;1;0,2206;0,2437;;;0,2184;0,1021
END;3,45;3;;END_72;1;0,2551;0,2437;;;0,37;0,0976
END;4,6;4;;END_72;1;0,3492;0,2437;;;0,6807;0,0968
END;5,75;;;END_72;1;0,4282;0,2437;;;;
END;6,9;;;END_72;1;0,5437;0,2437;;;;
END;10,35;;;END_72;1;0,7318;0,2437;;;;
END;13,8;;;END_72;1;0,9726;0,2437;;;;
END;17,25;;;END_72;1;1,22;0,2437;;;;
END;20,7;;;END_72;1;1,5228;0,2437;;;;
END;1,15;1;;END_73;1;;;;;0,126525;0,0863
END;2,3;2;;END_73;1;;;;;0,2337;0,081775
END;3,45;3;;END_73;1;0,24525;0,1497;;;;
END;4,6;4;;END_73;1;0,3395;0,1497;;;;
END;5,75;;;END_73;1;0,41505;0,1497;;;;
END;6,9;;;END_73;1;0,538725;0,1497;;;;
END;1,15;1;;END_74;1;;;;;0,178625;0,110025
END;2,3;2;;END_74;1;;;;;0,2523;0,10545
END;3,45;3;;END_74;1;;;;;0,4088;0,097975
END;4,6;4;;END_74;1;;;;;0,6601;0,0972
END;1,15;1;;END_75;1;0,1589;0,2437;;;0,1306;0,1041
END;2,3;2;;END_75;1;0,2206;0,2437;;;0,2184;0,1021
END;3,45;3;;END_75;1;0,2551;0,2437;;;0,37;0,0976
END;4,6;4;;END_75;1;0,3492;0,2437;;;0,6807;0,0968
END;5,75;;;END_75;1;0,4282;0,2437;;;;
END;6,9;;;END_75;1;0,5437;0,2437;;;;
END;10,35;;;END_75;1;0,7318;0,2437;;;;
END;13,8;;;END_75;1;0,9726;0,2437;;;;
END;17,25;;;END_75;1;1,22;0,2437;;;;
END;20,7;;;END_75;1;1,5228;0,2437;;;;
END;1,15;1;;END_76;1;;;;;0,1602;0,095275
END;2,3;2;;END_76;1;;;;;0,272225;0,0936
END;3,45;3;;END_76;1;0,3665;0,16975;;;0,4481;0,090475
END;4,6;4;;END_76;1;0,519275;0,16975;;;0,8819;0,0891
END;5,75;;;END_76;1;0,631325;0,16975;;;;
END;6,9;;;END_76;1;0,8545;0,16975;;;;
END;1,15;1;;END_77;1;0,161475;0,1519;;;0,139575;0,0869
END;2,3;2;;END_77;1;0,242175;0,1519;;;0,23005;0,085825
END;3,45;3;;END_77;1;0,305125;0,1519;;;0,35885;0,083425
END;4,6;4;;END_77;1;0,42985;0,1519;;;0,6602;0,08265
END;5,75;;;END_77;1;0,52335;0,1519;;;;
END;6,9;;;END_77;1;0,701225;0,1519;;;;
END;10,35;;;END_77;1;0,868825;0,1519;;;;
END;13,8;;;END_77;1;1,16085;0,1519;;;;
END;17,25;;;END_77;1;1,473725;0,1519;;;;
END;20,7;;;END_77;1;1,9287;0,1519;;;;
END;1,15;1;;END_78;1;;;;;0,17655;0,108725
END;2,3;2;;END_78;1;;;;;0,2494;0,10425
END;3,45;3;;END_78;1;;;;;0,404075;0,096875
END;4,6;4;;END_78;1;;;;;0,652425;0,0961
END;1,15;1;;END_79;1;;;;;0,172425;0,106225
END;2,3;2;;END_79;1;;;;;0,2436;0,101775
END;3,45;3;;END_79;1;;;;;0,3946;0,094575
END;4,6;4;;END_79;1;;;;;0,637225;0,093875
END;1,15;1;;END_80;1;;;;;0,172425;0,106225
END;2,3;2;;END_80;1;;;;;0,2436;0,101775
END;3,45;3;;END_80;1;;;;;0,3946;0,094575
END;4,6;4;;END_80;1;;;;;0,637225;0,093875
END;1,15;1;;END_81;1;;;;;0,174525;0,1075
END;2,3;2;;END_81;1;;;;;0,2465;0,10305
END;3,45;3;;END_81;1;;;;;0,399375;0,09575
END;4,6;4;;END_81;1;;;;;0,644825;0,094975
END;1,15;1;;END_82;1;;;;;0,17655;0,108725
END;2,3;2;;END_82;1;;;;;0,2494;0,10425
END;3,45;3;;END_82;1;;;;;0,404075;0,096875
END;4,6;4;;END_82;1;;;;;0,652425;0,0961
END;1,15;1;;END_83;1;;;;;0,174525;0,1075
END;2,3;2;;END_83;1;;;;;0,2465;0,10305
END;3,45;3;;END_83;1;;;;;0,399375;0,09575
END;4,6;4;;END_83;1;;;;;0,644825;0,094975
END;1,15;1;;END_84;1;0,26245;0,16885;;;0,166225;0,1024
END;2,3;2;;END_84;1;0,34635;0,16885;;;0,2348;0,09815
END;3,45;3;;END_84;1;0,414625;0,16885;;;0,380475;0,091175
END;4,6;4;;END_84;1;0,544775;0,16885;;;0,614325;0,0905
END;5,75;;;END_84;1;0,6406;0,16885;;;;
END;6,9;;;END_84;1;0,82985;0,16885;;;;
END;10,35;;;END_84;1;0,992375;0,16885;;;;
END;13,8;;;END_84;1;1,29295;0,16885;;;;
END;17,25;;;END_84;1;1,617075;0,16885;;;;
END;20,7;;;END_84;1;2,0996;0,16885;;;;
END;1,15;1;;END_85;1;0,26895;0,17305;;;0,17035;0,104925
END;2,3;2;;END_85;1;0,355025;0,17305;;;0,240625;0,10055
END;3,45;3;;END_85;1;0,424925;0,17305;;;0,3899;0,093475
END;4,6;4;;END_85;1;0,558275;0,17305;;;0,629525;0,0927
END;5,75;;;END_85;1;0,656525;0,17305;;;;
END;6,9;;;END_85;1;0,850525;0,17305;;;;
END;10,35;;;END_85;1;1,017075;0,17305;;;;
END;13,8;;;END_85;1;1,32515;0,17305;;;;
END;17,25;;;END_85;1;1,657275;0,17305;;;;
END;20,7;;;END_85;1;2,1518;0,17305;;;;
END;1,15;1;;END_86;1;0,26895;0,17305;;;0,17035;0,104925
END;2,3;2;;END_86;1;0,355025;0,17305;;;0,240625;0,10055
END;3,45;3;;END_86;1;0,424925;0,17305;;;0,3899;0,093475
END;4,6;4;;END_86;1;0,558275;0,17305;;;0,629525;0,0927
END;5,75;;;END_86;1;0,656525;0,17305;;;;
END;6,9;;;END_86;1;0,850525;0,17305;;;;
END;10,35;;;END_86;1;1,017075;0,17305;;;;
END;13,8;;;END_86;1;1,32515;0,17305;;;;
END;17,25;;;END_86;1;1,657275;0,17305;;;;
END;20,7;;;END_86;1;2,1518;0,17305;;;;
END;1,15;1;;END_87;1;0,27225;0,17515;;;0,172425;0,106225
END;2,3;2;;END_87;1;0,359325;0,17515;;;0,2436;0,101775
END;3,45;3;;END_87;1;0,430125;0,17515;;;0,3946;0,094575
END;4,6;4;;END_87;1;0,565075;0,17515;;;0,637225;0,093875
END;5,75;;;END_87;1;0,6645;0,17515;;;;
END;6,9;;;END_87;1;0,860825;0,17515;;;;
END;10,35;;;END_87;1;1,029375;0,17515;;;;
END;13,8;;;END_87;1;1,34115;0,17515;;;;
END;17,25;;;END_87;1;1,677375;0,17515;;;;
END;20,7;;;END_87;1;2,177875;0,17515;;;;
END;1,15;1;;END_88;1;;;;;0,126525;0,0863
END;2,3;2;;END_88;1;;;;;0,2337;0,081775
END;3,45;3;;END_88;1;0,24525;0,1497;;;;
END;4,6;4;;END_88;1;0,3395;0,1497;;;;
END;5,75;;;END_88;1;0,41505;0,1497;;;;
END;6,9;;;END_88;1;0,538725;0,1497;;;;
END;1,15;1;;END_89;1;0,27545;0,17725;;;0,174525;0,1075
END;2,3;2;;END_89;1;0,363625;0,17725;;;0,2465;0,10305
END;3,45;3;;END_89;1;0,435225;0,17725;;;0,399375;0,09575
END;4,6;4;;END_89;1;0,5718;0,17725;;;0,644825;0,094975
END;5,75;;;END_89;1;0,672425;0,17725;;;;
END;6,9;;;END_89;1;0,871125;0,17725;;;;
END;10,35;;;END_89;1;1,0417;0,17725;;;;
END;13,8;;;END_89;1;1,35725;0,17725;;;;
END;17,25;;;END_89;1;1,697475;0,17725;;;;
END;20,7;;;END_89;1;2,2039;0,17725;;;;
END;1,15;1;;END_90;1;0,26895;0,17305;;;0,17035;0,104925
END;2,3;2;;END_90;1;0,355025;0,17305;;;0,240625;0,10055
END;3,45;3;;END_90;1;0,424925;0,17305;;;0,3899;0,093475
END;4,6;4;;END_90;1;0,558275;0,17305;;;0,629525;0,0927
END;5,75;;;END_90;1;0,656525;0,17305;;;;
END;6,9;;;END_90;1;0,850525;0,17305;;;;
END;10,35;;;END_90;1;1,017075;0,17305;;;;
END;13,8;;;END_90;1;1,32515;0,17305;;;;
END;17,25;;;END_90;1;1,657275;0,17305;;;;
END;20,7;;;END_90;1;2,1518;0,17305;;;;
END;1,15;1;;END_91;1;0,26565;0,17095;;;0,168325;0,103625
END;2,3;2;;END_91;1;0,350725;0,17095;;;0,237725;0,09935
END;3,45;3;;END_91;1;0,419825;0,17095;;;0,385175;0,09235
END;4,6;4;;END_91;1;0,5515;0,17095;;;0,621925;0,0916
END;5,75;;;END_91;1;0,6486;0,17095;;;;
END;6,9;;;END_91;1;0,840225;0,17095;;;;
END;10,35;;;END_91;1;1,004775;0,17095;;;;
END;13,8;;;END_91;1;1,30905;0,17095;;;;
END;17,25;;;END_91;1;1,637175;0,17095;;;;
END;20,7;;;END_91;1;2,1257;0,17095;;;;
END;1,15;1;;END_92;1;0,26245;0,16885;;;0,166225;0,1024
END;2,3;2;;END_92;1;0,34635;0,16885;;;0,2348;0,09815
END;3,45;3;;END_92;1;0,414625;0,16885;;;0,380475;0,091175
END;4,6;4;;END_92;1;0,544775;0,16885;;;0,614325;0,0905
END;5,75;;;END_92;1;0,6406;0,16885;;;;
END;6,9;;;END_92;1;0,82985;0,16885;;;;
END;10,35;;;END_92;1;0,992375;0,16885;;;;
END;13,8;;;END_92;1;1,29295;0,16885;;;;
END;17,25;;;END_92;1;1,617075;0,16885;;;;
END;20,7;;;END_92;1;2,0996;0,16885;;;;
END;1,15;1;;END_93;1;0,26565;0,17095;;;0,168325;0,103625
END;2,3;2;;END_93;1;0,350725;0,17095;;;0,237725;0,09935
END;3,45;3;;END_93;1;0,419825;0,17095;;;0,385175;0,09235
END;4,6;4;;END_93;1;0,5515;0,17095;;;0,621925;0,0916
END;5,75;;;END_93;1;0,6486;0,17095;;;;
END;6,9;;;END_93;1;0,840225;0,17095;;;;
END;10,35;;;END_93;1;1,004775;0,17095;;;;
END;13,8;;;END_93;1;1,30905;0,17095;;;;
END;17,25;;;END_93;1;1,637175;0,17095;;;;
END;20,7;;;END_93;1;2,1257;0,17095;;;;
END;1,15;1;;END_94;1;0,26565;0,17095;;;0,168325;0,103625
END;2,3;2;;END_94;1;0,350725;0,17095;;;0,237725;0,09935
END;3,45;3;;END_94;1;0,419825;0,17095;;;0,385175;0,09235
END;4,6;4;;END_94;1;0,5515;0,17095;;;0,621925;0,0916
END;5,75;;;END_94;1;0,6486;0,17095;;;;
END;6,9;;;END_94;1;0,840225;0,17095;;;;
END;10,35;;;END_94;1;1,004775;0,17095;;;;
END;13,8;;;END_94;1;1,30905;0,17095;;;;
END;17,25;;;END_94;1;1,637175;0,17095;;;;
END;20,7;;;END_94;1;2,1257;0,17095;;;;
END;1,15;1;;END_95;1;0,26565;0,17095;;;0,168325;0,103625
END;2,3;2;;END_95;1;0,350725;0,17095;;;0,237725;0,09935
END;3,45;3;;END_95;1;0,419825;0,17095;;;0,385175;0,09235
END;4,6;4;;END_95;1;0,5515;0,17095;;;0,621925;0,0916
END;5,75;;;END_95;1;0,6486;0,17095;;;;
END;6,9;;;END_95;1;0,840225;0,17095;;;;
END;10,35;;;END_95;1;1,004775;0,17095;;;;
END;13,8;;;END_95;1;1,30905;0,17095;;;;
END;17,25;;;END_95;1;1,637175;0,17095;;;;
END;20,7;;;END_95;1;2,1257;0,17095;;;;
END;3,45;;;END_01;2;0,4224;0,222175;0,161825;;;
END;4,6;;;END_01;2;0,4985;0,222175;0,161825;;;
END;5,75;;;END_01;2;0,565075;0,222175;0,161825;;;
END;6,9;;;END_01;2;0,6325;0,222175;0,161825;;;
END;10,35;;;END_01;2;0,8784;0,222175;0,161825;;;
END;13,8;;;END_01;2;1,16715;0,222175;0,161825;;;
END;17,25;;;END_01;2;1,428225;0,222175;0,161825;;;
END;20,7;;;END_01;2;1,760625;0,222175;0,161825;;;
END;3,45;;;END_02;2;0,4175;0,219675;0,159925;;;
END;4,6;;;END_02;2;0,4927;0,219675;0,159925;;;
END;5,75;;;END_02;2;0,558575;0,219675;0,159925;;;
END;6,9;;;END_02;2;0,6252;0,219675;0,159925;;;
END;10,35;;;END_02;2;0,868225;0,219675;0,159925;;;
END;13,8;;;END_02;2;1,153675;0,219675;0,159925;;;
END;17,25;;;END_02;2;1,411725;0,219675;0,159925;;;
END;20,7;;;END_02;2;1,7403;0,219675;0,159925;;;
END;3,45;;;END_03;2;0,3054;0,201375;0,140375;;;
END;4,6;;;END_03;2;0,3798;0,201375;0,140375;;;
END;5,75;;;END_03;2;0,4449;0,201375;0,140375;;;
END;6,9;;;END_03;2;0,5104;0,201375;0,140375;;;
END;10,35;;;END_03;2;0,7501;0,201375;0,140375;;;
END;13,8;;;END_03;2;1,0286;0,201375;0,140375;;;
END;17,25;;;END_03;2;1,2807;0,201375;0,140375;;;
END;20,7;;;END_03;2;1,5971;0,201375;0,140375;;;
END;3,45;;;END_06;2;0,4175;0,219675;0,159925;;;
END;4,6;;;END_06;2;0,4927;0,219675;0,159925;;;
END;5,75;;;END_06;2;0,558575;0,219675;0,159925;;;
END;6,9;;;END_06;2;0,6252;0,219675;0,159925;;;
END;10,35;;;END_06;2;0,868225;0,219675;0,159925;;;
END;13,8;;;END_06;2;1,153675;0,219675;0,159925;;;
END;17,25;;;END_06;2;1,411725;0,219675;0,159925;;;
END;20,7;;;END_06;2;1,7403;0,219675;0,159925;;;
END;3,45;;;END_07;2;0,4077;0,214475;0,156225;;;
END;4,6;;;END_07;2;0,4812;0,214475;0,156225;;;
END;5,75;;;END_07;2;0,545475;0,214475;0,156225;;;
END;6,9;;;END_07;2;0,610525;0,214475;0,156225;;;
END;10,35;;;END_07;2;0,847925;0,214475;0,156225;;;
END;13,8;;;END_07;2;1,126675;0,214475;0,156225;;;
END;17,25;;;END_07;2;1,378625;0,214475;0,156225;;;
END;20,7;;;END_07;2;1,699525;0,214475;0,156225;;;
END;3,45;;;END_08;2;0,4077;0,214475;0,156225;;;
END;4,6;;;END_08;2;0,4812;0,214475;0,156225;;;
END;5,75;;;END_08;2;0,545475;0,214475;0,156225;;;
END;6,9;;;END_08;2;0,610525;0,214475;0,156225;;;
END;10,35;;;END_08;2;0,847925;0,214475;0,156225;;;
END;13,8;;;END_08;2;1,126675;0,214475;0,156225;;;
END;17,25;;;END_08;2;1,378625;0,214475;0,156225;;;
END;20,7;;;END_08;2;1,699525;0,214475;0,156225;;;
END;3,45;;;END_09;2;0,4126;0,217075;0,158125;;;
END;4,6;;;END_09;2;0,487;0,217075;0,158125;;;
END;5,75;;;END_09;2;0,55205;0,217075;0,158125;;;
END;6,9;;;END_09;2;0,617825;0,217075;0,158125;;;
END;10,35;;;END_09;2;0,8581;0,217075;0,158125;;;
END;13,8;;;END_09;2;1,140175;0,217075;0,158125;;;
END;17,25;;;END_09;2;1,3952;0,217075;0,158125;;;
END;20,7;;;END_09;2;1,719925;0,217075;0,158125;;;
END;3,45;;;END_10;2;0,4126;0,217075;0,158125;;;
END;4,6;;;END_10;2;0,487;0,217075;0,158125;;;
END;5,75;;;END_10;2;0,55205;0,217075;0,158125;;;
END;6,9;;;END_10;2;0,617825;0,217075;0,158125;;;
END;10,35;;;END_10;2;0,8581;0,217075;0,158125;;;
END;13,8;;;END_10;2;1,140175;0,217075;0,158125;;;
END;17,25;;;END_10;2;1,3952;0,217075;0,158125;;;
END;20,7;;;END_10;2;1,719925;0,217075;0,158125;;;
END;3,45;;;END_11;2;0,4126;0,217075;0,158125;;;
END;4,6;;;END_11;2;0,487;0,217075;0,158125;;;
END;5,75;;;END_11;2;0,55205;0,217075;0,158125;;;
END;6,9;;;END_11;2;0,617825;0,217075;0,158125;;;
END;10,35;;;END_11;2;0,8581;0,217075;0,158125;;;
END;13,8;;;END_11;2;1,140175;0,217075;0,158125;;;
END;17,25;;;END_11;2;1,3952;0,217075;0,158125;;;
END;20,7;;;END_11;2;1,719925;0,217075;0,158125;;;
END;3,45;;;END_24;2;0,4077;0,214475;0,156225;;;
END;4,6;;;END_24;2;0,4812;0,214475;0,156225;;;
END;5,75;;;END_24;2;0,545475;0,214475;0,156225;;;
END;6,9;;;END_24;2;0,610525;0,214475;0,156225;;;
END;10,35;;;END_24;2;0,847925;0,214475;0,156225;;;
END;13,8;;;END_24;2;1,126675;0,214475;0,156225;;;
END;17,25;;;END_24;2;1,378625;0,214475;0,156225;;;
END;20,7;;;END_24;2;1,699525;0,214475;0,156225;;;
END;3,45;;;END_25;2;0,4077;0,214475;0,156225;;;
END;4,6;;;END_25;2;0,4812;0,214475;0,156225;;;
END;5,75;;;END_25;2;0,545475;0,214475;0,156225;;;
END;6,9;;;END_25;2;0,610525;0,214475;0,156225;;;
END;10,35;;;END_25;2;0,847925;0,214475;0,156225;;;
END;13,8;;;END_25;2;1,126675;0,214475;0,156225;;;
END;17,25;;;END_25;2;1,378625;0,214475;0,156225;;;
END;20,7;;;END_25;2;1,699525;0,214475;0,156225;;;
END;3,45;;;END_26;2;0,4077;0,214475;0,156225;;;
END;4,6;;;END_26;2;0,4812;0,214475;0,156225;;;
END;5,75;;;END_26;2;0,545475;0,214475;0,156225;;;
END;6,9;;;END_26;2;0,610525;0,214475;0,156225;;;
END;10,35;;;END_26;2;0,847925;0,214475;0,156225;;;
END;13,8;;;END_26;2;1,126675;0,214475;0,156225;;;
END;17,25;;;END_26;2;1,378625;0,214475;0,156225;;;
END;20,7;;;END_26;2;1,699525;0,214475;0,156225;;;
END;3,45;;;END_27;2;0,4077;0,214475;0,156225;;;
END;4,6;;;END_27;2;0,4812;0,214475;0,156225;;;
END;5,75;;;END_27;2;0,545475;0,214475;0,156225;;;
END;6,9;;;END_27;2;0,610525;0,214475;0,156225;;;
END;10,35;;;END_27;2;0,847925;0,214475;0,156225;;;
END;13,8;;;END_27;2;1,126675;0,214475;0,156225;;;
END;17,25;;;END_27;2;1,378625;0,214475;0,156225;;;
END;20,7;;;END_27;2;1,699525;0,214475;0,156225;;;
END;3,45;;;END_28;2;0,4126;0,217075;0,158125;;;
END;4,6;;;END_28;2;0,487;0,217075;0,158125;;;
END;5,75;;;END_28;2;0,55205;0,217075;0,158125;;;
END;6,9;;;END_28;2;0,617825;0,217075;0,158125;;;
END;10,35;;;END_28;2;0,8581;0,217075;0,158125;;;
END;13,8;;;END_28;2;1,140175;0,217075;0,158125;;;
END;17,25;;;END_28;2;1,3952;0,217075;0,158125;;;
END;20,7;;;END_28;2;1,719925;0,217075;0,158125;;;
END;3,45;;;END_29;2;0,4077;0,214475;0,156225;;;
END;4,6;;;END_29;2;0,4812;0,214475;0,156225;;;
END;5,75;;;END_29;2;0,545475;0,214475;0,156225;;;
END;6,9;;;END_29;2;0,610525;0,214475;0,156225;;;
END;10,35;;;END_29;2;0,847925;0,214475;0,156225;;;
END;13,8;;;END_29;2;1,126675;0,214475;0,156225;;;
END;17,25;;;END_29;2;1,378625;0,214475;0,156225;;;
END;20,7;;;END_29;2;1,699525;0,214475;0,156225;;;
END;3,45;;;END_30;2;0,402875;0,211975;0,154325;;;
END;4,6;;;END_30;2;0,475475;0,211975;0,154325;;;
END;5,75;;;END_30;2;0,538975;0,211975;0,154325;;;
END;6,9;;;END_30;2;0,603225;0,211975;0,154325;;;
END;10,35;;;END_30;2;0,8378;0,211975;0,154325;;;
END;13,8;;;END_30;2;1,113175;0,211975;0,154325;;;
END;17,25;;;END_30;2;1,362125;0,211975;0,154325;;;
END;20,7;;;END_30;2;1,679225;0,211975;0,154325;;;
END;3,45;;;END_31;2;0,3678;0,2642;0,1911;;;
END;4,6;;;END_31;2;0,4572;0,2642;0,1911;;;
END;5,75;;;END_31;2;0,5354;0,2642;0,1911;;;
END;6,9;;;END_31;2;0,6144;0,2642;0,1911;;;
END;10,35;;;END_31;2;0,903;0,2642;0,1911;;;
END;13,8;;;END_31;2;1,2419;0,2642;0,1911;;;
END;17,25;;;END_31;2;1,5484;0,2642;0,1911;;;
END;20,7;;;END_31;2;1,9385;0,2642;0,1911;;;
END;3,45;;;END_33;2;0,305725;0,1868;0,1287;;;
END;4,6;;;END_33;2;0,38;0,1868;0,1287;;;
END;5,75;;;END_33;2;0,444975;0,1868;0,1287;;;
END;6,9;;;END_33;2;0,510725;0,1868;0,1287;;;
END;10,35;;;END_33;2;0,750775;0,1868;0,1287;;;
END;13,8;;;END_33;2;1,032525;0,1868;0,1287;;;
END;17,25;;;END_33;2;1,287425;0,1868;0,1287;;;
END;20,7;;;END_33;2;1,61195;0,1868;0,1287;;;
END;3,45;;;END_34;2;0,402875;0,211975;0,154325;;;
END;4,6;;;END_34;2;0,475475;0,211975;0,154325;;;
END;5,75;;;END_34;2;0,538975;0,211975;0,154325;;;
END;6,9;;;END_34;2;0,603225;0,211975;0,154325;;;
END;10,35;;;END_34;2;0,8378;0,211975;0,154325;;;
END;13,8;;;END_34;2;1,113175;0,211975;0,154325;;;
END;17,25;;;END_34;2;1,362125;0,211975;0,154325;;;
END;20,7;;;END_34;2;1,679225;0,211975;0,154325;;;
END;3,45;;;END_36;2;0,4126;0,217075;0,158125;;;
END;4,6;;;END_36;2;0,487;0,217075;0,158125;;;
END;5,75;;;END_36;2;0,55205;0,217075;0,158125;;;
END;6,9;;;END_36;2;0,617825;0,217075;0,158125;;;
END;10,35;;;END_36;2;0,8581;0,217075;0,158125;;;
END;13,8;;;END_36;2;1,140175;0,217075;0,158125;;;
END;17,25;;;END_36;2;1,3952;0,217075;0,158125;;;
END;20,7;;;END_36;2;1,719925;0,217075;0,158125;;;
END;3,45;;;END_38;2;0,305725;0,1868;0,1287;;;
END;4,6;;;END_38;2;0,38;0,1868;0,1287;;;
END;5,75;;;END_38;2;0,444975;0,1868;0,1287;;;
END;6,9;;;END_38;2;0,510725;0,1868;0,1287;;;
END;10,35;;;END_38;2;0,750775;0,1868;0,1287;;;
END;13,8;;;END_38;2;1,032525;0,1868;0,1287;;;
END;17,25;;;END_38;2;1,287425;0,1868;0,1287;;;
END;20,7;;;END_38;2;1,61195;0,1868;0,1287;;;
END;3,45;;;END_39;2;0,402875;0,211975;0,154325;;;
END;4,6;;;END_39;2;0,475475;0,211975;0,154325;;;
END;5,75;;;END_39;2;0,538975;0,211975;0,154325;;;
END;6,9;;;END_39;2;0,603225;0,211975;0,154325;;;
END;10,35;;;END_39;2;0,8378;0,211975;0,154325;;;
END;13,8;;;END_39;2;1,113175;0,211975;0,154325;;;
END;17,25;;;END_39;2;1,362125;0,211975;0,154325;;;
END;20,7;;;END_39;2;1,679225;0,211975;0,154325;;;
END;3,45;;;END_40;2;0,4077;0,214475;0,156225;;;
END;4,6;;;END_40;2;0,4812;0,214475;0,156225;;;
END;5,75;;;END_40;2;0,545475;0,214475;0,156225;;;
END;6,9;;;END_40;2;0,610525;0,214475;0,156225;;;
END;10,35;;;END_40;2;0,847925;0,214475;0,156225;;;
END;13,8;;;END_40;2;1,126675;0,214475;0,156225;;;
END;17,25;;;END_40;2;1,378625;0,214475;0,156225;;;
END;20,7;;;END_40;2;1,699525;0,214475;0,156225;;;
END;3,45;;;END_41;2;0,402875;0,211975;0,154325;;;
END;4,6;;;END_41;2;0,475475;0,211975;0,154325;;;
END;5,75;;;END_41;2;0,538975;0,211975;0,154325;;;
END;6,9;;;END_41;2;0,603225;0,211975;0,154325;;;
END;10,35;;;END_41;2;0,8378;0,211975;0,154325;;;
END;13,8;;;END_41;2;1,113175;0,211975;0,154325;;;
END;17,25;;;END_41;2;1,362125;0,211975;0,154325;;;
END;20,7;;;END_41;2;1,679225;0,211975;0,154325;;;
END;3,45;;;END_42;2;0,3678;0,2642;0,1911;;;
END;4,6;;;END_42;2;0,4572;0,2642;0,1911;;;
END;5,75;;;END_42;2;0,5354;0,2642;0,1911;;;
END;6,9;;;END_42;2;0,6144;0,2642;0,1911;;;
END;10,35;;;END_42;2;0,903;0,2642;0,1911;;;
END;13,8;;;END_42;2;1,2419;0,2642;0,1911;;;
END;17,25;;;END_42;2;1,5484;0,2642;0,1911;;;
END;20,7;;;END_42;2;1,9385;0,2642;0,1911;;;
END;3,45;;;END_43;2;0,4175;0,219675;0,159925;;;
END;4,6;;;END_43;2;0,4927;0,219675;0,159925;;;
END;5,75;;;END_43;2;0,558575;0,219675;0,159925;;;
END;6,9;;;END_43;2;0,6252;0,219675;0,159925;;;
END;10,35;;;END_43;2;0,868225;0,219675;0,159925;;;
END;13,8;;;END_43;2;1,153675;0,219675;0,159925;;;
END;17,25;;;END_43;2;1,411725;0,219675;0,159925;;;
END;20,7;;;END_43;2;1,7403;0,219675;0,159925;;;
END;3,45;;;END_44;2;0,4126;0,217075;0,158125;;;
END;4,6;;;END_44;2;0,487;0,217075;0,158125;;;
END;5,75;;;END_44;2;0,55205;0,217075;0,158125;;;
END;6,9;;;END_44;2;0,617825;0,217075;0,158125;;;
END;10,35;;;END_44;2;0,8581;0,217075;0,158125;;;
END;13,8;;;END_44;2;1,140175;0,217075;0,158125;;;
END;17,25;;;END_44;2;1,3952;0,217075;0,158125;;;
END;20,7;;;END_44;2;1,719925;0,217075;0,158125;;;
END;3,45;;;END_45;2;0,4175;0,219675;0,159925;;;
END;4,6;;;END_45;2;0,4927;0,219675;0,159925;;;
END;5,75;;;END_45;2;0,558575;0,219675;0,159925;;;
END;6,9;;;END_45;2;0,6252;0,219675;0,159925;;;
END;10,35;;;END_45;2;0,868225;0,219675;0,159925;;;
END;13,8;;;END_45;2;1,153675;0,219675;0,159925;;;
END;17,25;;;END_45;2;1,411725;0,219675;0,159925;;;
END;20,7;;;END_45;2;1,7403;0,219675;0,159925;;;
END;3,45;;;END_47;2;0,4224;0,222175;0,161825;;;
END;4,6;;;END_47;2;0,4985;0,222175;0,161825;;;
END;5,75;;;END_47;2;0,565075;0,222175;0,161825;;;
END;6,9;;;END_47;2;0,6325;0,222175;0,161825;;;
END;10,35;;;END_47;2;0,8784;0,222175;0,161825;;;
END;13,8;;;END_47;2;1,16715;0,222175;0,161825;;;
END;17,25;;;END_47;2;1,428225;0,222175;0,161825;;;
END;20,7;;;END_47;2;1,760625;0,222175;0,161825;;;
END;3,45;;;END_49;2;0,397975;0,209375;0,1525;;;
END;4,6;;;END_49;2;0,4697;0,209375;0,1525;;;
END;5,75;;;END_49;2;0,53245;0,209375;0,1525;;;
END;6,9;;;END_49;2;0,595925;0,209375;0,1525;;;
END;10,35;;;END_49;2;0,827625;0,209375;0,1525;;;
END;13,8;;;END_49;2;1,099675;0,209375;0,1525;;;
END;17,25;;;END_49;2;1,345625;0,209375;0,1525;;;
END;20,7;;;END_49;2;1,658825;0,209375;0,1525;;;
END;3,45;;;END_50;2;0,397975;0,209375;0,1525;;;
END;4,6;;;END_50;2;0,4697;0,209375;0,1525;;;
END;5,75;;;END_50;2;0,53245;0,209375;0,1525;;;
END;6,9;;;END_50;2;0,595925;0,209375;0,1525;;;
END;10,35;;;END_50;2;0,827625;0,209375;0,1525;;;
END;13,8;;;END_50;2;1,099675;0,209375;0,1525;;;
END;17,25;;;END_50;2;1,345625;0,209375;0,1525;;;
END;20,7;;;END_50;2;1,658825;0,209375;0,1525;;;
END;3,45;;;END_51;2;0,402875;0,211975;0,154325;;;
END;4,6;;;END_51;2;0,475475;0,211975;0,154325;;;
END;5,75;;;END_51;2;0,538975;0,211975;0,154325;;;
END;6,9;;;END_51;2;0,603225;0,211975;0,154325;;;
END;10,35;;;END_51;2;0,8378;0,211975;0,154325;;;
END;13,8;;;END_51;2;1,113175;0,211975;0,154325;;;
END;17,25;;;END_51;2;1,362125;0,211975;0,154325;;;
END;20,7;;;END_51;2;1,679225;0,211975;0,154325;;;
END;3,45;;;END_52;2;0,402875;0,211975;0,154325;;;
END;4,6;;;END_52;2;0,475475;0,211975;0,154325;;;
END;5,75;;;END_52;2;0,538975;0,211975;0,154325;;;
END;6,9;;;END_52;2;0,603225;0,211975;0,154325;;;
END;10,35;;;END_52;2;0,8378;0,211975;0,154325;;;
END;13,8;;;END_52;2;1,113175;0,211975;0,154325;;;
END;17,25;;;END_52;2;1,362125;0,211975;0,154325;;;
END;20,7;;;END_52;2;1,679225;0,211975;0,154325;;;
END;3,45;;;END_53;2;0,402875;0,211975;0,154325;;;
END;4,6;;;END_53;2;0,475475;0,211975;0,154325;;;
END;5,75;;;END_53;2;0,538975;0,211975;0,154325;;;
END;6,9;;;END_53;2;0,603225;0,211975;0,154325;;;
END;10,35;;;END_53;2;0,8378;0,211975;0,154325;;;
END;13,8;;;END_53;2;1,113175;0,211975;0,154325;;;
END;17,25;;;END_53;2;1,362125;0,211975;0,154325;;;
END;20,7;;;END_53;2;1,679225;0,211975;0,154325;;;
END;3,45;;;END_54;2;0,397975;0,209375;0,1525;;;
END;4,6;;;END_54;2;0,4697;0,209375;0,1525;;;
END;5,75;;;END_54;2;0,53245;0,209375;0,1525;;;
END;6,9;;;END_54;2;0,595925;0,209375;0,1525;;;
END;10,35;;;END_54;2;0,827625;0,209375;0,1525;;;
END;13,8;;;END_54;2;1,099675;0,209375;0,1525;;;
END;17,25;;;END_54;2;1,345625;0,209375;0,1525;;;
END;20,7;;;END_54;2;1,658825;0,209375;0,1525;;;
END;3,45;;;END_56;2;0,305725;0,1868;0,1287;;;
END;4,6;;;END_56;2;0,38;0,1868;0,1287;;;
END;5,75;;;END_56;2;0,444975;0,1868;0,1287;;;
END;6,9;;;END_56;2;0,510725;0,1868;0,1287;;;
END;10,35;;;END_56;2;0,750775;0,1868;0,1287;;;
END;13,8;;;END_56;2;1,032525;0,1868;0,1287;;;
END;17,25;;;END_56;2;1,287425;0,1868;0,1287;;;
END;20,7;;;END_56;2;1,61195;0,1868;0,1287;;;
END;3,45;;;END_57;2;0,3931;0,206775;0,150625;;;
END;4,6;;;END_57;2;0,4639;0,206775;0,150625;;;
END;5,75;;;END_57;2;0,525875;0,206775;0,150625;;;
END;6,9;;;END_57;2;0,588625;0,206775;0,150625;;;
END;10,35;;;END_57;2;0,8175;0,206775;0,150625;;;
END;13,8;;;END_57;2;1,086175;0,206775;0,150625;;;
END;17,25;;;END_57;2;1,329125;0,206775;0,150625;;;
END;20,7;;;END_57;2;1,6385;0,206775;0,150625;;;
END;3,45;;;END_58;2;0,397975;0,209375;0,1525;;;
END;4,6;;;END_58;2;0,4697;0,209375;0,1525;;;
END;5,75;;;END_58;2;0,53245;0,209375;0,1525;;;
END;6,9;;;END_58;2;0,595925;0,209375;0,1525;;;
END;10,35;;;END_58;2;0,827625;0,209375;0,1525;;;
END;13,8;;;END_58;2;1,099675;0,209375;0,1525;;;
END;17,25;;;END_58;2;1,345625;0,209375;0,1525;;;
END;20,7;;;END_58;2;1,658825;0,209375;0,1525;;;
END;3,45;;;END_59;2;0,3931;0,206775;0,150625;;;
END;4,6;;;END_59;2;0,4639;0,206775;0,150625;;;
END;5,75;;;END_59;2;0,525875;0,206775;0,150625;;;
END;6,9;;;END_59;2;0,588625;0,206775;0,150625;;;
END;10,35;;;END_59;2;0,8175;0,206775;0,150625;;;
END;13,8;;;END_59;2;1,086175;0,206775;0,150625;;;
END;17,25;;;END_59;2;1,329125;0,206775;0,150625;;;
END;20,7;;;END_59;2;1,6385;0,206775;0,150625;;;
END;3,45;;;END_60;2;0,4077;0,214475;0,156225;;;
END;4,6;;;END_60;2;0,4812;0,214475;0,156225;;;
END;5,75;;;END_60;2;0,545475;0,214475;0,156225;;;
END;6,9;;;END_60;2;0,610525;0,214475;0,156225;;;
END;10,35;;;END_60;2;0,847925;0,214475;0,156225;;;
END;13,8;;;END_60;2;1,126675;0,214475;0,156225;;;
END;17,25;;;END_60;2;1,378625;0,214475;0,156225;;;
END;20,7;;;END_60;2;1,699525;0,214475;0,156225;;;
END;3,45;;;END_61;2;0,2245;0,19485;0,13525;;;
END;4,6;;;END_61;2;0,2774;0,19485;0,13525;;;
END;5,75;;;END_61;2;0,3303;0,19485;0,13525;;;
END;6,9;;;END_61;2;0,3832;0,19485;0,13525;;;
END;10,35;;;END_61;2;0,5419;0,19485;0,13525;;;
END;13,8;;;END_61;2;0,7006;0,19485;0,13525;;;
END;17,25;;;END_61;2;0,8593;0,19485;0,13525;;;
END;20,7;;;END_61;2;1,018;0,19485;0,13525;;;
END;3,45;;;END_65;2;0,2245;0,19485;0,13525;;;
END;4,6;;;END_65;2;0,2774;0,19485;0,13525;;;
END;5,75;;;END_65;2;0,3303;0,19485;0,13525;;;
END;6,9;;;END_65;2;0,3832;0,19485;0,13525;;;
END;10,35;;;END_65;2;0,5419;0,19485;0,13525;;;
END;13,8;;;END_65;2;0,7006;0,19485;0,13525;;;
END;17,25;;;END_65;2;0,8593;0,19485;0,13525;;;
END;20,7;;;END_65;2;1,018;0,19485;0,13525;;;
END;3,45;;;END_67;2;0,2245;0,19485;0,13525;;;
END;4,6;;;END_67;2;0,2774;0,19485;0,13525;;;
END;5,75;;;END_67;2;0,3303;0,19485;0,13525;;;
END;6,9;;;END_67;2;0,3832;0,19485;0,13525;;;
END;10,35;;;END_67;2;0,5419;0,19485;0,13525;;;
END;13,8;;;END_67;2;0,7006;0,19485;0,13525;;;
END;17,25;;;END_67;2;0,8593;0,19485;0,13525;;;
END;20,7;;;END_67;2;1,018;0,19485;0,13525;;;
END;3,45;;;END_68;2;0,4126;0,217075;0,158125;;;
END;4,6;;;END_68;2;0,487;0,217075;0,158125;;;
END;5,75;;;END_68;2;0,55205;0,217075;0,158125;;;
END;6,9;;;END_68;2;0,617825;0,217075;0,158125;;;
END;10,35;;;END_68;2;0,8581;0,217075;0,158125;;;
END;13,8;;;END_68;2;1,140175;0,217075;0,158125;;;
END;17,25;;;END_68;2;1,3952;0,217075;0,158125;;;
END;20,7;;;END_68;2;1,719925;0,217075;0,158125;;;
END;3,45;;;END_71;2;0,2245;0,19485;0,13525;;;
END;4,6;;;END_71;2;0,2774;0,19485;0,13525;;;
END;5,75;;;END_71;2;0,3303;0,19485;0,13525;;;
END;6,9;;;END_71;2;0,3832;0,19485;0,13525;;;
END;10,35;;;END_71;2;0,5419;0,19485;0,13525;;;
END;13,8;;;END_71;2;0,7006;0,19485;0,13525;;;
END;17,25;;;END_71;2;0,8593;0,19485;0,13525;;;
END;20,7;;;END_71;2;1,018;0,19485;0,13525;;;
END;3,45;;;END_72;2;0,3678;0,2642;0,1911;;;
END;4,6;;;END_72;2;0,4572;0,2642;0,1911;;;
END;5,75;;;END_72;2;0,5354;0,2642;0,1911;;;
END;6,9;;;END_72;2;0,6144;0,2642;0,1911;;;
END;10,35;;;END_72;2;0,903;0,2642;0,1911;;;
END;13,8;;;END_72;2;1,2419;0,2642;0,1911;;;
END;17,25;;;END_72;2;1,5484;0,2642;0,1911;;;
END;20,7;;;END_72;2;1,9385;0,2642;0,1911;;;
END;3,45;;;END_75;2;0,3678;0,2642;0,1911;;;
END;4,6;;;END_75;2;0,4572;0,2642;0,1911;;;
END;5,75;;;END_75;2;0,5354;0,2642;0,1911;;;
END;6,9;;;END_75;2;0,6144;0,2642;0,1911;;;
END;10,35;;;END_75;2;0,903;0,2642;0,1911;;;
END;13,8;;;END_75;2;1,2419;0,2642;0,1911;;;
END;17,25;;;END_75;2;1,5484;0,2642;0,1911;;;
END;20,7;;;END_75;2;1,9385;0,2642;0,1911;;;
END;3,45;;;END_77;2;0,305725;0,1868;0,1287;;;
END;4,6;;;END_77;2;0,38;0,1868;0,1287;;;
END;5,75;;;END_77;2;0,444975;0,1868;0,1287;;;
END;6,9;;;END_77;2;0,510725;0,1868;0,1287;;;
END;10,35;;;END_77;2;0,750775;0,1868;0,1287;;;
END;13,8;;;END_77;2;1,032525;0,1868;0,1287;;;
END;17,25;;;END_77;2;1,287425;0,1868;0,1287;;;
END;20,7;;;END_77;2;1,61195;0,1868;0,1287;;;
END;3,45;;;END_84;2;0,3931;0,206775;0,150625;;;
END;4,6;;;END_84;2;0,4639;0,206775;0,150625;;;
END;5,75;;;END_84;2;0,525875;0,206775;0,150625;;;
END;6,9;;;END_84;2;0,588625;0,206775;0,150625;;;
END;10,35;;;END_84;2;0,8175;0,206775;0,150625;;;
END;13,8;;;END_84;2;1,086175;0,206775;0,150625;;;
END;17,25;;;END_84;2;1,329125;0,206775;0,150625;;;
END;20,7;;;END_84;2;1,6385;0,206775;0,150625;;;
END;3,45;;;END_85;2;0,402875;0,211975;0,154325;;;
END;4,6;;;END_85;2;0,475475;0,211975;0,154325;;;
END;5,75;;;END_85;2;0,538975;0,211975;0,154325;;;
END;6,9;;;END_85;2;0,603225;0,211975;0,154325;;;
END;10,35;;;END_85;2;0,8378;0,211975;0,154325;;;
END;13,8;;;END_85;2;1,113175;0,211975;0,154325;;;
END;17,25;;;END_85;2;1,362125;0,211975;0,154325;;;
END;20,7;;;END_85;2;1,679225;0,211975;0,154325;;;
END;3,45;;;END_86;2;0,402875;0,211975;0,154325;;;
END;4,6;;;END_86;2;0,475475;0,211975;0,154325;;;
END;5,75;;;END_86;2;0,538975;0,211975;0,154325;;;
END;6,9;;;END_86;2;0,603225;0,211975;0,154325;;;
END;10,35;;;END_86;2;0,8378;0,211975;0,154325;;;
END;13,8;;;END_86;2;1,113175;0,211975;0,154325;;;
END;17,25;;;END_86;2;1,362125;0,211975;0,154325;;;
END;20,7;;;END_86;2;1,679225;0,211975;0,154325;;;
END;3,45;;;END_87;2;0,4077;0,214475;0,156225;;;
END;4,6;;;END_87;2;0,4812;0,214475;0,156225;;;
END;5,75;;;END_87;2;0,545475;0,214475;0,156225;;;
END;6,9;;;END_87;2;0,610525;0,214475;0,156225;;;
END;10,35;;;END_87;2;0,847925;0,214475;0,156225;;;
END;13,8;;;END_87;2;1,126675;0,214475;0,156225;;;
END;17,25;;;END_87;2;1,378625;0,214475;0,156225;;;
END;20,7;;;END_87;2;1,699525;0,214475;0,156225;;;
END;3,45;;;END_89;2;0,4126;0,217075;0,158125;;;
END;4,6;;;END_89;2;0,487;0,217075;0,158125;;;
END;5,75;;;END_89;2;0,55205;0,217075;0,158125;;;
END;6,9;;;END_89;2;0,617825;0,217075;0,158125;;;
END;10,35;;;END_89;2;0,8581;0,217075;0,158125;;;
END;13,8;;;END_89;2;1,140175;0,217075;0,158125;;;
END;17,25;;;END_89;2;1,3952;0,217075;0,158125;;;
END;20,7;;;END_89;2;1,719925;0,217075;0,158125;;;
END;3,45;;;END_90;2;0,402875;0,211975;0,154325;;;
END;4,6;;;END_90;2;0,475475;0,211975;0,154325;;;
END;5,75;;;END_90;2;0,538975;0,211975;0,154325;;;
END;6,9;;;END_90;2;0,603225;0,211975;0,154325;;;
END;10,35;;;END_90;2;0,8378;0,211975;0,154325;;;
END;13,8;;;END_90;2;1,113175;0,211975;0,154325;;;
END;17,25;;;END_90;2;1,362125;0,211975;0,154325;;;
END;20,7;;;END_90;2;1,679225;0,211975;0,154325;;;
END;3,45;;;END_91;2;0,397975;0,209375;0,1525;;;
END;4,6;;;END_91;2;0,4697;0,209375;0,1525;;;
END;5,75;;;END_91;2;0,53245;0,209375;0,1525;;;
END;6,9;;;END_91;2;0,595925;0,209375;0,1525;;;
END;10,35;;;END_91;2;0,827625;0,209375;0,1525;;;
END;13,8;;;END_91;2;1,099675;0,209375;0,1525;;;
END;17,25;;;END_91;2;1,345625;0,209375;0,1525;;;
END;20,7;;;END_91;2;1,658825;0,209375;0,1525;;;
END;3,45;;;END_92;2;0,3931;0,206775;0,150625;;;
END;4,6;;;END_92;2;0,4639;0,206775;0,150625;;;
END;5,75;;;END_92;2;0,525875;0,206775;0,150625;;;
END;6,9;;;END_92;2;0,588625;0,206775;0,150625;;;
END;10,35;;;END_92;2;0,8175;0,206775;0,150625;;;
END;13,8;;;END_92;2;1,086175;0,206775;0,150625;;;
END;17,25;;;END_92;2;1,329125;0,206775;0,150625;;;
END;20,7;;;END_92;2;1,6385;0,206775;0,150625;;;
END;3,45;;;END_93;2;0,397975;0,209375;0,1525;;;
END;4,6;;;END_93;2;0,4697;0,209375;0,1525;;;
END;5,75;;;END_93;2;0,53245;0,209375;0,1525;;;
END;6,9;;;END_93;2;0,595925;0,209375;0,1525;;;
END;10,35;;;END_93;2;0,827625;0,209375;0,1525;;;
END;13,8;;;END_93;2;1,099675;0,209375;0,1525;;;
END;17,25;;;END_93;2;1,345625;0,209375;0,1525;;;
END;20,7;;;END_93;2;1,658825;0,209375;0,1525;;;
END;3,45;;;END_94;2;0,397975;0,209375;0,1525;;;
END;4,6;;;END_94;2;0,4697;0,209375;0,1525;;;
END;5,75;;;END_94;2;0,53245;0,209375;0,1525;;;
END;6,9;;;END_94;2;0,595925;0,209375;0,1525;;;
END;10,35;;;END_94;2;0,827625;0,209375;0,1525;;;
END;13,8;;;END_94;2;1,099675;0,209375;0,1525;;;
END;17,25;;;END_94;2;1,345625;0,209375;0,1525;;;
END;20,7;;;END_94;2;1,658825;0,209375;0,1525;;;
END;3,45;;;END_95;2;0,397975;0,209375;0,1525;;;
END;4,6;;;END_95;2;0,4697;0,209375;0,1525;;;
END;5,75;;;END_95;2;0,53245;0,209375;0,1525;;;
END;6,9;;;END_95;2;0,595925;0,209375;0,1525;;;
END;10,35;;;END_95;2;0,827625;0,209375;0,1525;;;
END;13,8;;;END_95;2;1,099675;0,209375;0,1525;;;
END;17,25;;;END_95;2;1,345625;0,209375;0,1525;;;
END;20,7;;;END_95;2;1,658825;0,209375;0,1525;;;
END;27,6;;;END_03;3;2,1447;0,383875;0,165175;0,14175;;
END;34,5;;;END_03;3;2,669;0,383875;0,165175;0,14175;;
END;41,4;;;END_03;3;3,2714;0,383875;0,165175;0,14175;;
END;10,35;;;END_61;3;0,5419;0,37175;0,14485;0,13525;;
END;13,8;;;END_61;3;0,7006;0,37175;0,14485;0,13525;;
END;17,25;;;END_61;3;0,8593;0,37175;0,14485;0,13525;;
END;20,7;;;END_61;3;1,018;0,37175;0,14485;0,13525;;
END;27,6;;;END_61;3;1,2857;0,37165;0,15685;0,13445;;
END;34,5;;;END_61;3;1,5907;0,37165;0,15685;0,13445;;
END;41,4;;;END_61;3;1,8957;0,37165;0,15685;0,13445;;
END;10,35;;;END_65;3;0,5419;0,37175;0,14485;0,13525;;
END;13,8;;;END_65;3;0,7006;0,37175;0,14485;0,13525;;
END;17,25;;;END_65;3;0,8593;0,37175;0,14485;0,13525;;
END;20,7;;;END_65;3;1,018;0,37175;0,14485;0,13525;;
END;27,6;;;END_65;3;1,2857;0,37165;0,15685;0,13445;;
END;34,5;;;END_65;3;1,5907;0,37165;0,15685;0,13445;;
END;41,4;;;END_65;3;1,8957;0,37165;0,15685;0,13445;;
END;10,35;;;END_67;3;0,5419;0,37175;0,14485;0,13525;;
END;13,8;;;END_67;3;0,7006;0,37175;0,14485;0,13525;;
END;17,25;;;END_67;3;0,8593;0,37175;0,14485;0,13525;;
END;20,7;;;END_67;3;1,018;0,37175;0,14485;0,13525;;
END;27,6;;;END_67;3;1,2857;0,37165;0,15685;0,13445;;
END;34,5;;;END_67;3;1,5907;0,37165;0,15685;0,13445;;
END;41,4;;;END_67;3;1,8957;0,37165;0,15685;0,13445;;
END;10,35;;;END_71;3;0,5419;0,37175;0,14485;0,13525;;
END;13,8;;;END_71;3;0,7006;0,37175;0,14485;0,13525;;
END;17,25;;;END_71;3;0,8593;0,37175;0,14485;0,13525;;
END;20,7;;;END_71;3;1,018;0,37175;0,14485;0,13525;;
END;27,6;;;END_71;3;1,2857;0,37165;0,15685;0,13445;;
END;34,5;;;END_71;3;1,5907;0,37165;0,15685;0,13445;;
END;41,4;;;END_71;3;1,8957;0,37165;0,15685;0,13445;;
ENIPLENITUDE;1,15;1;;ENIPLENITUDE_01;1;0,1528;0,143200053274868;;;;
ENIPLENITUDE;2,3;2;;ENIPLENITUDE_01;1;0,2057;0,143200053274868;;;;
ENIPLENITUDE;3,45;3;;ENIPLENITUDE_01;1;0,2386;0,143200053274868;;;;
ENIPLENITUDE;4,6;4;;ENIPLENITUDE_01;1;0,2615;0,143200053274868;;;;
ENIPLENITUDE;5,75;;;ENIPLENITUDE_01;1;0,3245;0,143200053274868;;;;
ENIPLENITUDE;6,9;;;ENIPLENITUDE_01;1;0,3674;0,143200053274868;;;;
ENIPLENITUDE;10,35;;;ENIPLENITUDE_01;1;0,556;0,143200053274868;;;;
ENIPLENITUDE;13,8;;;ENIPLENITUDE_01;1;0,7147;0,143200053274868;;;;
ENIPLENITUDE;17,25;;;ENIPLENITUDE_01;1;0,9134;0,143200053274868;;;;
ENIPLENITUDE;20,7;;;ENIPLENITUDE_01;1;1,0721;0,143200053274868;;;;
ENIPLENITUDE;1,15;1;;ENIPLENITUDE_02;1;;;;;0,0956;0,102977
ENIPLENITUDE;2,3;2;;ENIPLENITUDE_02;1;;;;;0,1297;0,097885
ENIPLENITUDE;3,45;3;;ENIPLENITUDE_02;1;;;;;0,0827;0,094936
ENIPLENITUDE;4,6;4;;ENIPLENITUDE_02;1;;;;;0,1364;0,093654
ENIPLENITUDE;3,45;3;;ENIPLENITUDE_03;1;0,1587;0,1821198599177;;;;
ENIPLENITUDE;4,6;4;;ENIPLENITUDE_03;1;0,2116;0,1821198599177;;;;
ENIPLENITUDE;5,75;;;ENIPLENITUDE_03;1;0,2645;0,1821198599177;;;;
ENIPLENITUDE;6,9;;;ENIPLENITUDE_03;1;0,3174;0,1821198599177;;;;
ENIPLENITUDE;10,35;;;ENIPLENITUDE_03;1;0,4761;0,1821198599177;;;;
ENIPLENITUDE;13,8;;;ENIPLENITUDE_03;1;0,6348;0,1821198599177;;;;
ENIPLENITUDE;17,25;;;ENIPLENITUDE_03;1;0,7935;0,1821198599177;;;;
ENIPLENITUDE;20,7;;;ENIPLENITUDE_03;1;0,9522;0,1821198599177;;;;
ENIPLENITUDE;1,15;1;;ENIPLENITUDE_04;1;0,0529;0,175200053274868;;;;
ENIPLENITUDE;2,3;2;;ENIPLENITUDE_04;1;0,1058;0,175200053274868;;;;
ENIPLENITUDE;3,45;3;;ENIPLENITUDE_04;1;0,1587;0,175200053274868;;;;
ENIPLENITUDE;4,6;4;;ENIPLENITUDE_04;1;0,2116;0,175200053274868;;;;
ENIPLENITUDE;5,75;;;ENIPLENITUDE_04;1;0,2645;0,175200053274868;;;;
ENIPLENITUDE;6,9;;;ENIPLENITUDE_04;1;0,3174;0,175200053274868;;;;
ENIPLENITUDE;10,35;;;ENIPLENITUDE_04;1;0,4761;0,175200053274868;;;;
ENIPLENITUDE;13,8;;;ENIPLENITUDE_04;1;0,6348;0,175200053274868;;;;
ENIPLENITUDE;17,25;;;ENIPLENITUDE_04;1;0,7935;0,175200053274868;;;;
ENIPLENITUDE;20,7;;;ENIPLENITUDE_04;1;0,9522;0,175200053274868;;;;
ENIPLENITUDE;1,15;1;;ENIPLENITUDE_05;1;;;;;0,0156;0,153177
ENIPLENITUDE;2,3;2;;ENIPLENITUDE_05;1;;;;;0,0497;0,148085
ENIPLENITUDE;3,45;3;;ENIPLENITUDE_05;1;0,1587;0,1821198599177;;;0,0827;0,145136
ENIPLENITUDE;4,6;4;;ENIPLENITUDE_05;1;0,2116;0,1821198599177;;;0,1364;0,143164
ENIPLENITUDE;5,75;;;ENIPLENITUDE_05;1;0,2645;0,1821198599177;;;;
ENIPLENITUDE;6,9;;;ENIPLENITUDE_05;1;0,3174;0,1821198599177;;;;
ENIPLENITUDE;10,35;;;ENIPLENITUDE_05;1;0,4761;0,1821198599177;;;;
ENIPLENITUDE;13,8;;;ENIPLENITUDE_05;1;0,6348;0,1821198599177;;;;
ENIPLENITUDE;17,25;;;ENIPLENITUDE_05;1;0,7935;0,1821198599177;;;;
ENIPLENITUDE;20,7;;;ENIPLENITUDE_05;1;0,9522;0,1821198599177;;;;
ENIPLENITUDE;1,15;1;;ENIPLENITUDE_06;1;0,2029;0,1481198599177;;;0,0956;0,102977
ENIPLENITUDE;2,3;2;;ENIPLENITUDE_06;1;0,2558;0,1481198599177;;;0,1297;0,097885
ENIPLENITUDE;3,45;3;;ENIPLENITUDE_06;1;0,3086;0,1481198599177;;;0,0827;0,094936
ENIPLENITUDE;4,6;4;;ENIPLENITUDE_06;1;0,4115;0,1481198599177;;;;
ENIPLENITUDE;5,75;;;ENIPLENITUDE_06;1;0,4644;0,1481198599177;;;;
ENIPLENITUDE;6,9;;;ENIPLENITUDE_06;1;0,5173;0,1481198599177;;;;
ENIPLENITUDE;10,35;;;ENIPLENITUDE_06;1;0,776;0,1481198599177;;;;
ENIPLENITUDE;13,8;;;ENIPLENITUDE_06;1;0,9348;0,1481198599177;;;;
ENIPLENITUDE;17,25;;;ENIPLENITUDE_06;1;1,2934;0,1481198599177;;;;
ENIPLENITUDE;20,7;;;ENIPLENITUDE_06;1;1,4521;0,1481198599177;;;;
ENIPLENITUDE;1,15;1;;ENIPLENITUDE_07;1;0,2029;0,1481198599177;;;;
ENIPLENITUDE;2,3;2;;ENIPLENITUDE_07;1;0,2558;0,1481198599177;;;;
ENIPLENITUDE;3,45;3;;ENIPLENITUDE_07;1;0,3086;0,1481198599177;;;;
ENIPLENITUDE;4,6;4;;ENIPLENITUDE_07;1;0,4115;0,1481198599177;;;;
ENIPLENITUDE;5,75;;;ENIPLENITUDE_07;1;0,4644;0,1481198599177;;;;
ENIPLENITUDE;6,9;;;ENIPLENITUDE_07;1;0,5173;0,1481198599177;;;;
ENIPLENITUDE;10,35;;;ENIPLENITUDE_07;1;0,776;0,1481198599177;;;;
ENIPLENITUDE;13,8;;;ENIPLENITUDE_07;1;0,9348;0,1481198599177;;;;
ENIPLENITUDE;17,25;;;ENIPLENITUDE_07;1;1,2934;0,1481198599177;;;;
ENIPLENITUDE;20,7;;;ENIPLENITUDE_07;1;1,4521;0,1481198599177;;;;
ENIPLENITUDE;1,15;1;;ENIPLENITUDE_08;1;;;;;0,0956;0,102977
ENIPLENITUDE;2,3;2;;ENIPLENITUDE_08;1;;;;;0,1297;0,097885
ENIPLENITUDE;3,45;3;;ENIPLENITUDE_08;1;;;;;0,0827;0,094936
ENIPLENITUDE;1,15;1;;ENIPLENITUDE_09;1;0,2029;0,1481198599177;;;0,0956;0,102977
ENIPLENITUDE;2,3;2;;ENIPLENITUDE_09;1;0,2558;0,1481198599177;;;0,1297;0,097885
ENIPLENITUDE;3,45;3;;ENIPLENITUDE_09;1;0,3086;0,1481198599177;;;0,0827;0,094936
ENIPLENITUDE;4,6;4;;ENIPLENITUDE_09;1;0,4115;0,1481198599177;;;;
ENIPLENITUDE;5,75;;;ENIPLENITUDE_09;1;0,4644;0,1481198599177;;;;
ENIPLENITUDE;6,9;;;ENIPLENITUDE_09;1;0,5173;0,1481198599177;;;;
ENIPLENITUDE;10,35;;;ENIPLENITUDE_09;1;0,776;0,1481198599177;;;;
ENIPLENITUDE;13,8;;;ENIPLENITUDE_09;1;0,9348;0,1481198599177;;;;
ENIPLENITUDE;17,25;;;ENIPLENITUDE_09;1;1,2934;0,1481198599177;;;;
ENIPLENITUDE;20,7;;;ENIPLENITUDE_09;1;1,4521;0,1481198599177;;;;
ENIPLENITUDE;1,15;1;;ENIPLENITUDE_10;1;0,2029;0,1481198599177;;;;
ENIPLENITUDE;2,3;2;;ENIPLENITUDE_10;1;0,2558;0,1481198599177;;;;
ENIPLENITUDE;3,45;3;;ENIPLENITUDE_10;1;0,3086;0,1481198599177;;;;
ENIPLENITUDE;4,6;4;;ENIPLENITUDE_10;1;0,4115;0,1481198599177;;;;
ENIPLENITUDE;5,75;;;ENIPLENITUDE_10;1;0,4644;0,1481198599177;;;;
ENIPLENITUDE;6,9;;;ENIPLENITUDE_10;1;0,5173;0,1481198599177;;;;
ENIPLENITUDE;10,35;;;ENIPLENITUDE_10;1;0,776;0,1481198599177;;;;
ENIPLENITUDE;13,8;;;ENIPLENITUDE_10;1;0,9348;0,1481198599177;;;;
ENIPLENITUDE;17,25;;;ENIPLENITUDE_10;1;1,2934;0,1481198599177;;;;
ENIPLENITUDE;20,7;;;ENIPLENITUDE_10;1;1,4521;0,1481198599177;;;;
ENIPLENITUDE;3,45;3;;ENIPLENITUDE_11;1;0,5387;0,1521198599177;;;;
ENIPLENITUDE;4,6;4;;ENIPLENITUDE_11;1;0,5916;0,1521198599177;;;;
ENIPLENITUDE;5,75;;;ENIPLENITUDE_11;1;0,6444;0,1521198599177;;;;
ENIPLENITUDE;6,9;;;ENIPLENITUDE_11;1;0,6973;0,1521198599177;;;;
ENIPLENITUDE;10,35;;;ENIPLENITUDE_11;1;0,926;0,1521198599177;;;;
ENIPLENITUDE;13,8;;;ENIPLENITUDE_11;1;1,0848;0,1521198599177;;;;
ENIPLENITUDE;17,25;;;ENIPLENITUDE_11;1;1,2934;0,1521198599177;;;;
ENIPLENITUDE;20,7;;;ENIPLENITUDE_11;1;1,4521;0,1521198599177;;;;
ENIPLENITUDE;1,15;1;;ENIPLENITUDE_12;1;0,4529;0,155200053274868;;;;
ENIPLENITUDE;2,3;2;;ENIPLENITUDE_12;1;0,5058;0,155200053274868;;;;
ENIPLENITUDE;3,45;3;;ENIPLENITUDE_12;1;0,5587;0,155200053274868;;;;
ENIPLENITUDE;4,6;4;;ENIPLENITUDE_12;1;0,5116;0,155200053274868;;;;
ENIPLENITUDE;5,75;;;ENIPLENITUDE_12;1;0,5645;0,155200053274868;;;;
ENIPLENITUDE;6,9;;;ENIPLENITUDE_12;1;0,6174;0,155200053274868;;;;
ENIPLENITUDE;10,35;;;ENIPLENITUDE_12;1;0,7761;0,155200053274868;;;;
ENIPLENITUDE;13,8;;;ENIPLENITUDE_12;1;0,9348;0,155200053274868;;;;
ENIPLENITUDE;17,25;;;ENIPLENITUDE_12;1;1,0935;0,155200053274868;;;;
ENIPLENITUDE;20,7;;;ENIPLENITUDE_12;1;1,2522;0,155200053274868;;;;
ENIPLENITUDE;1,15;1;;ENIPLENITUDE_13;1;;;;;0,1656;0,133177
ENIPLENITUDE;2,3;2;;ENIPLENITUDE_13;1;;;;;0,1997;0,128085
ENIPLENITUDE;3,45;3;;ENIPLENITUDE_13;1;0,5387;0,1521198599177;;;0,2327;0,125136
ENIPLENITUDE;4,6;4;;ENIPLENITUDE_13;1;0,5916;0,1521198599177;;;0,2864;0,123164
ENIPLENITUDE;5,75;;;ENIPLENITUDE_13;1;0,6444;0,1521198599177;;;;
ENIPLENITUDE;6,9;;;ENIPLENITUDE_13;1;0,6973;0,1521198599177;;;;
ENIPLENITUDE;10,35;;;ENIPLENITUDE_13;1;0,926;0,1521198599177;;;;
ENIPLENITUDE;13,8;;;ENIPLENITUDE_13;1;1,0848;0,1521198599177;;;;
ENIPLENITUDE;17,25;;;ENIPLENITUDE_13;1;1,2934;0,1521198599177;;;;
ENIPLENITUDE;20,7;;;ENIPLENITUDE_13;1;1,4521;0,1521198599177;;;;
ENIPLENITUDE;1,15;1;;ENIPLENITUDE_14;1;0,2529;0,155200053274868;;;;
ENIPLENITUDE;2,3;2;;ENIPLENITUDE_14;1;0,3058;0,155200053274868;;;;
ENIPLENITUDE;3,45;3;;ENIPLENITUDE_14;1;0,3587;0,155200053274868;;;;
ENIPLENITUDE;4,6;4;;ENIPLENITUDE_14;1;0,4116;0,155200053274868;;;;
ENIPLENITUDE;5,75;;;ENIPLENITUDE_14;1;0,4645;0,155200053274868;;;;
ENIPLENITUDE;6,9;;;ENIPLENITUDE_14;1;0,5174;0,155200053274868;;;;
ENIPLENITUDE;10,35;;;ENIPLENITUDE_14;1;0,6761;0,155200053274868;;;;
ENIPLENITUDE;13,8;;;ENIPLENITUDE_14;1;0,9348;0,155200053274868;;;;
ENIPLENITUDE;17,25;;;ENIPLENITUDE_14;1;1,1935;0,155200053274868;;;;
ENIPLENITUDE;20,7;;;ENIPLENITUDE_14;1;1,3522;0,155200053274868;;;;
ENIPLENITUDE;1,15;1;;ENIPLENITUDE_15;1;;;;;0,1656;0,133177
ENIPLENITUDE;2,3;2;;ENIPLENITUDE_15;1;;;;;0,1997;0,128085
ENIPLENITUDE;3,45;3;;ENIPLENITUDE_15;1;;;;;0,2327;0,125136
ENIPLENITUDE;4,6;4;;ENIPLENITUDE_15;1;;;;;0,2864;0,123164
ENIPLENITUDE;1,15;1;;ENIPLENITUDE_16;1;;;;;0,0956;0,102977
ENIPLENITUDE;2,3;2;;ENIPLENITUDE_16;1;;;;;0,1297;0,097885
ENIPLENITUDE;3,45;3;;ENIPLENITUDE_16;1;;;;;0,0827;0,094936
ENIPLENITUDE;1,15;1;;ENIPLENITUDE_17;1;;;;;0,0156;0,153177
ENIPLENITUDE;2,3;2;;ENIPLENITUDE_17;1;;;;;0,0497;0,148085
ENIPLENITUDE;3,45;3;;ENIPLENITUDE_17;1;;;;;0,0827;0,145136
ENIPLENITUDE;4,6;4;;ENIPLENITUDE_17;1;;;;;0,1364;0,143164
ENIPLENITUDE;1,15;1;;ENIPLENITUDE_18;1;0,2029;0,1481198599177;;;;
ENIPLENITUDE;2,3;2;;ENIPLENITUDE_18;1;0,2558;0,1481198599177;;;;
ENIPLENITUDE;3,45;3;;ENIPLENITUDE_18;1;0,3086;0,1481198599177;;;;
ENIPLENITUDE;4,6;4;;ENIPLENITUDE_18;1;0,4115;0,1481198599177;;;;
ENIPLENITUDE;5,75;;;ENIPLENITUDE_18;1;0,4644;0,1481198599177;;;;
ENIPLENITUDE;6,9;;;ENIPLENITUDE_18;1;0,5173;0,1481198599177;;;;
ENIPLENITUDE;10,35;;;ENIPLENITUDE_18;1;0,776;0,1481198599177;;;;
ENIPLENITUDE;13,8;;;ENIPLENITUDE_18;1;0,9348;0,1481198599177;;;;
ENIPLENITUDE;17,25;;;ENIPLENITUDE_18;1;1,2934;0,1481198599177;;;;
ENIPLENITUDE;20,7;;;ENIPLENITUDE_18;1;1,4521;0,1481198599177;;;;
ENIPLENITUDE;3,45;3;;ENIPLENITUDE_19;1;0,5587;0,156112809334306;;;;
ENIPLENITUDE;4,6;4;;ENIPLENITUDE_19;1;0,5116;0,156112809334306;;;;
ENIPLENITUDE;5,75;;;ENIPLENITUDE_19;1;0,5644;0,156112809334306;;;;
ENIPLENITUDE;6,9;;;ENIPLENITUDE_19;1;0,6173;0,156112809334306;;;;
ENIPLENITUDE;10,35;;;ENIPLENITUDE_19;1;0,776;0,156112809334306;;;;
ENIPLENITUDE;13,8;;;ENIPLENITUDE_19;1;0,9348;0,156112809334306;;;;
ENIPLENITUDE;17,25;;;ENIPLENITUDE_19;1;1,0934;0,156112809334306;;;;
ENIPLENITUDE;20,7;;;ENIPLENITUDE_19;1;1,2521;0,156112809334306;;;;
ENIPLENITUDE;1,15;1;;ENIPLENITUDE_20;1;0,2029;0,1481198599177;;;0,0956;0,102977
ENIPLENITUDE;2,3;2;;ENIPLENITUDE_20;1;0,2558;0,1481198599177;;;0,1297;0,097885
ENIPLENITUDE;3,45;3;;ENIPLENITUDE_20;1;0,3086;0,1481198599177;;;0,0827;0,094936
ENIPLENITUDE;4,6;4;;ENIPLENITUDE_20;1;0,4115;0,1481198599177;;;;
ENIPLENITUDE;5,75;;;ENIPLENITUDE_20;1;0,4644;0,1481198599177;;;;
ENIPLENITUDE;6,9;;;ENIPLENITUDE_20;1;0,5173;0,1481198599177;;;;
ENIPLENITUDE;10,35;;;ENIPLENITUDE_20;1;0,776;0,1481198599177;;;;
ENIPLENITUDE;13,8;;;ENIPLENITUDE_20;1;0,9348;0,1481198599177;;;;
ENIPLENITUDE;17,25;;;ENIPLENITUDE_20;1;1,2934;0,1481198599177;;;;
ENIPLENITUDE;20,7;;;ENIPLENITUDE_20;1;1,4521;0,1481198599177;;;;
ENIPLENITUDE;3,45;;;ENIPLENITUDE_03;2;0,1587;0,2130958599177;0,1423108599177;;;
ENIPLENITUDE;4,6;;;ENIPLENITUDE_03;2;0,2116;0,2130958599177;0,1423108599177;;;
ENIPLENITUDE;5,75;;;ENIPLENITUDE_03;2;0,2645;0,2130958599177;0,1423108599177;;;
ENIPLENITUDE;6,9;;;ENIPLENITUDE_03;2;0,3174;0,2130958599177;0,1423108599177;;;
ENIPLENITUDE;10,35;;;ENIPLENITUDE_03;2;0,4761;0,2130958599177;0,1423108599177;;;
ENIPLENITUDE;13,8;;;ENIPLENITUDE_03;2;0,6348;0,2130958599177;0,1423108599177;;;
ENIPLENITUDE;17,25;;;ENIPLENITUDE_03;2;0,7935;0,2130958599177;0,1423108599177;;;
ENIPLENITUDE;20,7;;;ENIPLENITUDE_03;2;0,9522;0,2130958599177;0,1423108599177;;;
ENIPLENITUDE;1,15;;;ENIPLENITUDE_04;2;0,0529;0,198793668937396;0,129268991347329;;;
ENIPLENITUDE;2,3;;;ENIPLENITUDE_04;2;0,1058;0,198793668937396;0,129268991347329;;;
ENIPLENITUDE;3,45;;;ENIPLENITUDE_04;2;0,1587;0,198793668937396;0,129268991347329;;;
ENIPLENITUDE;4,6;;;ENIPLENITUDE_04;2;0,2116;0,198793668937396;0,129268991347329;;;
ENIPLENITUDE;5,75;;;ENIPLENITUDE_04;2;0,2645;0,198793668937396;0,129268991347329;;;
ENIPLENITUDE;6,9;;;ENIPLENITUDE_04;2;0,3174;0,198793668937396;0,129268991347329;;;
ENIPLENITUDE;10,35;;;ENIPLENITUDE_04;2;0,4761;0,198793668937396;0,129268991347329;;;
ENIPLENITUDE;13,8;;;ENIPLENITUDE_04;2;0,6348;0,198793668937396;0,129268991347329;;;
ENIPLENITUDE;17,25;;;ENIPLENITUDE_04;2;0,7935;0,198793668937396;0,129268991347329;;;
ENIPLENITUDE;20,7;;;ENIPLENITUDE_04;2;0,9522;0,198793668937396;0,129268991347329;;;
ENIPLENITUDE;3,45;;;ENIPLENITUDE_05;2;0,1587;0,2130958599177;0,1423108599177;;;
ENIPLENITUDE;4,6;;;ENIPLENITUDE_05;2;0,2116;0,2130958599177;0,1423108599177;;;
ENIPLENITUDE;5,75;;;ENIPLENITUDE_05;2;0,2645;0,2130958599177;0,1423108599177;;;
ENIPLENITUDE;6,9;;;ENIPLENITUDE_05;2;0,3174;0,2130958599177;0,1423108599177;;;
ENIPLENITUDE;10,35;;;ENIPLENITUDE_05;2;0,4761;0,2130958599177;0,1423108599177;;;
ENIPLENITUDE;13,8;;;ENIPLENITUDE_05;2;0,6348;0,2130958599177;0,1423108599177;;;
ENIPLENITUDE;17,25;;;ENIPLENITUDE_05;2;0,7935;0,2130958599177;0,1423108599177;;;
ENIPLENITUDE;20,7;;;ENIPLENITUDE_05;2;0,9522;0,2130958599177;0,1423108599177;;;
ENIPLENITUDE;1,15;;;ENIPLENITUDE_06;2;0,2029;0,1790958599177;0,1083108599177;;;
ENIPLENITUDE;2,3;;;ENIPLENITUDE_06;2;0,2558;0,1790958599177;0,1083108599177;;;
ENIPLENITUDE;3,45;;;ENIPLENITUDE_06;2;0,3086;0,1790958599177;0,1083108599177;;;
ENIPLENITUDE;4,6;;;ENIPLENITUDE_06;2;0,4115;0,1790958599177;0,1083108599177;;;
ENIPLENITUDE;5,75;;;ENIPLENITUDE_06;2;0,4644;0,1790958599177;0,1083108599177;;;
ENIPLENITUDE;6,9;;;ENIPLENITUDE_06;2;0,5173;0,1790958599177;0,1083108599177;;;
ENIPLENITUDE;10,35;;;ENIPLENITUDE_06;2;0,776;0,1790958599177;0,1083108599177;;;
ENIPLENITUDE;13,8;;;ENIPLENITUDE_06;2;0,9348;0,1790958599177;0,1083108599177;;;
ENIPLENITUDE;17,25;;;ENIPLENITUDE_06;2;1,2934;0,1790958599177;0,1083108599177;;;
ENIPLENITUDE;20,7;;;ENIPLENITUDE_06;2;1,4521;0,1790958599177;0,1083108599177;;;
ENIPLENITUDE;1,15;;;ENIPLENITUDE_07;2;0,2029;0,1790958599177;0,1083108599177;;;
ENIPLENITUDE;2,3;;;ENIPLENITUDE_07;2;0,2558;0,1790958599177;0,1083108599177;;;
ENIPLENITUDE;3,45;;;ENIPLENITUDE_07;2;0,3086;0,1790958599177;0,1083108599177;;;
ENIPLENITUDE;4,6;;;ENIPLENITUDE_07;2;0,4115;0,1790958599177;0,1083108599177;;;
ENIPLENITUDE;5,75;;;ENIPLENITUDE_07;2;0,4644;0,1790958599177;0,1083108599177;;;
ENIPLENITUDE;6,9;;;ENIPLENITUDE_07;2;0,5173;0,1790958599177;0,1083108599177;;;
ENIPLENITUDE;10,35;;;ENIPLENITUDE_07;2;0,776;0,1790958599177;0,1083108599177;;;
ENIPLENITUDE;13,8;;;ENIPLENITUDE_07;2;0,9348;0,1790958599177;0,1083108599177;;;
ENIPLENITUDE;17,25;;;ENIPLENITUDE_07;2;1,2934;0,1790958599177;0,1083108599177;;;
ENIPLENITUDE;20,7;;;ENIPLENITUDE_07;2;1,4521;0,1790958599177;0,1083108599177;;;
ENIPLENITUDE;1,15;;;ENIPLENITUDE_09;2;0,2029;0,1790958599177;0,1083108599177;;;
ENIPLENITUDE;2,3;;;ENIPLENITUDE_09;2;0,2558;0,1790958599177;0,1083108599177;;;
ENIPLENITUDE;3,45;;;ENIPLENITUDE_09;2;0,3086;0,1790958599177;0,1083108599177;;;
ENIPLENITUDE;4,6;;;ENIPLENITUDE_09;2;0,4115;0,1790958599177;0,1083108599177;;;
ENIPLENITUDE;5,75;;;ENIPLENITUDE_09;2;0,4644;0,1790958599177;0,1083108599177;;;
ENIPLENITUDE;6,9;;;ENIPLENITUDE_09;2;0,5173;0,1790958599177;0,1083108599177;;;
ENIPLENITUDE;10,35;;;ENIPLENITUDE_09;2;0,776;0,1790958599177;0,1083108599177;;;
ENIPLENITUDE;13,8;;;ENIPLENITUDE_09;2;0,9348;0,1790958599177;0,1083108599177;;;
ENIPLENITUDE;17,25;;;ENIPLENITUDE_09;2;1,2934;0,1790958599177;0,1083108599177;;;
ENIPLENITUDE;20,7;;;ENIPLENITUDE_09;2;1,4521;0,1790958599177;0,1083108599177;;;
ENIPLENITUDE;1,15;;;ENIPLENITUDE_10;2;0,2029;0,1790958599177;0,1083108599177;;;
ENIPLENITUDE;2,3;;;ENIPLENITUDE_10;2;0,2558;0,1790958599177;0,1083108599177;;;
ENIPLENITUDE;3,45;;;ENIPLENITUDE_10;2;0,3086;0,1790958599177;0,1083108599177;;;
ENIPLENITUDE;4,6;;;ENIPLENITUDE_10;2;0,4115;0,1790958599177;0,1083108599177;;;
ENIPLENITUDE;5,75;;;ENIPLENITUDE_10;2;0,4644;0,1790958599177;0,1083108599177;;;
ENIPLENITUDE;6,9;;;ENIPLENITUDE_10;2;0,5173;0,1790958599177;0,1083108599177;;;
ENIPLENITUDE;10,35;;;ENIPLENITUDE_10;2;0,776;0,1790958599177;0,1083108599177;;;
ENIPLENITUDE;13,8;;;ENIPLENITUDE_10;2;0,9348;0,1790958599177;0,1083108599177;;;
ENIPLENITUDE;17,25;;;ENIPLENITUDE_10;2;1,2934;0,1790958599177;0,1083108599177;;;
ENIPLENITUDE;20,7;;;ENIPLENITUDE_10;2;1,4521;0,1790958599177;0,1083108599177;;;
ENIPLENITUDE;3,45;;;ENIPLENITUDE_11;2;0,5387;0,1830958599177;0,1123108599177;;;
ENIPLENITUDE;4,6;;;ENIPLENITUDE_11;2;0,5916;0,1830958599177;0,1123108599177;;;
ENIPLENITUDE;5,75;;;ENIPLENITUDE_11;2;0,6444;0,1830958599177;0,1123108599177;;;
ENIPLENITUDE;6,9;;;ENIPLENITUDE_11;2;0,6973;0,1830958599177;0,1123108599177;;;
ENIPLENITUDE;10,35;;;ENIPLENITUDE_11;2;0,926;0,1830958599177;0,1123108599177;;;
ENIPLENITUDE;13,8;;;ENIPLENITUDE_11;2;1,0848;0,1830958599177;0,1123108599177;;;
ENIPLENITUDE;17,25;;;ENIPLENITUDE_11;2;1,2934;0,1830958599177;0,1123108599177;;;
ENIPLENITUDE;20,7;;;ENIPLENITUDE_11;2;1,4521;0,1830958599177;0,1123108599177;;;
ENIPLENITUDE;1,15;;;ENIPLENITUDE_12;2;0,4529;0,178793668937396;0,109268991347329;;;
ENIPLENITUDE;2,3;;;ENIPLENITUDE_12;2;0,5058;0,178793668937396;0,109268991347329;;;
ENIPLENITUDE;3,45;;;ENIPLENITUDE_12;2;0,5587;0,178793668937396;0,109268991347329;;;
ENIPLENITUDE;4,6;;;ENIPLENITUDE_12;2;0,5116;0,178793668937396;0,109268991347329;;;
ENIPLENITUDE;5,75;;;ENIPLENITUDE_12;2;0,5645;0,178793668937396;0,109268991347329;;;
ENIPLENITUDE;6,9;;;ENIPLENITUDE_12;2;0,6174;0,178793668937396;0,109268991347329;;;
ENIPLENITUDE;10,35;;;ENIPLENITUDE_12;2;0,7761;0,178793668937396;0,109268991347329;;;
ENIPLENITUDE;13,8;;;ENIPLENITUDE_12;2;0,9348;0,178793668937396;0,109268991347329;;;
ENIPLENITUDE;17,25;;;ENIPLENITUDE_12;2;1,0935;0,178793668937396;0,109268991347329;;;
ENIPLENITUDE;20,7;;;ENIPLENITUDE_12;2;1,2522;0,178793668937396;0,109268991347329;;;
ENIPLENITUDE;3,45;;;ENIPLENITUDE_13;2;0,5387;0,1830958599177;0,1123108599177;;;
ENIPLENITUDE;4,6;;;ENIPLENITUDE_13;2;0,5916;0,1830958599177;0,1123108599177;;;
ENIPLENITUDE;5,75;;;ENIPLENITUDE_13;2;0,6444;0,1830958599177;0,1123108599177;;;
ENIPLENITUDE;6,9;;;ENIPLENITUDE_13;2;0,6973;0,1830958599177;0,1123108599177;;;
ENIPLENITUDE;10,35;;;ENIPLENITUDE_13;2;0,926;0,1830958599177;0,1123108599177;;;
ENIPLENITUDE;13,8;;;ENIPLENITUDE_13;2;1,0848;0,1830958599177;0,1123108599177;;;
ENIPLENITUDE;17,25;;;ENIPLENITUDE_13;2;1,2934;0,1830958599177;0,1123108599177;;;
ENIPLENITUDE;20,7;;;ENIPLENITUDE_13;2;1,4521;0,1830958599177;0,1123108599177;;;
ENIPLENITUDE;1,15;;;ENIPLENITUDE_14;2;0,2529;0,178793668937396;0,109268991347329;;;
ENIPLENITUDE;2,3;;;ENIPLENITUDE_14;2;0,3058;0,178793668937396;0,109268991347329;;;
ENIPLENITUDE;3,45;;;ENIPLENITUDE_14;2;0,3587;0,178793668937396;0,109268991347329;;;
ENIPLENITUDE;4,6;;;ENIPLENITUDE_14;2;0,4116;0,178793668937396;0,109268991347329;;;
ENIPLENITUDE;5,75;;;ENIPLENITUDE_14;2;0,4645;0,178793668937396;0,109268991347329;;;
ENIPLENITUDE;6,9;;;ENIPLENITUDE_14;2;0,5174;0,178793668937396;0,109268991347329;;;
ENIPLENITUDE;10,35;;;ENIPLENITUDE_14;2;0,6761;0,178793668937396;0,109268991347329;;;
ENIPLENITUDE;13,8;;;ENIPLENITUDE_14;2;0,9348;0,178793668937396;0,109268991347329;;;
ENIPLENITUDE;17,25;;;ENIPLENITUDE_14;2;1,1935;0,178793668937396;0,109268991347329;;;
ENIPLENITUDE;20,7;;;ENIPLENITUDE_14;2;1,3522;0,178793668937396;0,109268991347329;;;
ENIPLENITUDE;1,15;;;ENIPLENITUDE_18;2;0,2029;0,1790958599177;0,1083108599177;;;
ENIPLENITUDE;2,3;;;ENIPLENITUDE_18;2;0,2558;0,1790958599177;0,1083108599177;;;
ENIPLENITUDE;3,45;;;ENIPLENITUDE_18;2;0,3086;0,1790958599177;0,1083108599177;;;
ENIPLENITUDE;4,6;;;ENIPLENITUDE_18;2;0,4115;0,1790958599177;0,1083108599177;;;
ENIPLENITUDE;5,75;;;ENIPLENITUDE_18;2;0,4644;0,1790958599177;0,1083108599177;;;
ENIPLENITUDE;6,9;;;ENIPLENITUDE_18;2;0,5173;0,1790958599177;0,1083108599177;;;
ENIPLENITUDE;10,35;;;ENIPLENITUDE_18;2;0,776;0,1790958599177;0,1083108599177;;;
ENIPLENITUDE;13,8;;;ENIPLENITUDE_18;2;0,9348;0,1790958599177;0,1083108599177;;;
ENIPLENITUDE;17,25;;;ENIPLENITUDE_18;2;1,2934;0,1790958599177;0,1083108599177;;;
ENIPLENITUDE;20,7;;;ENIPLENITUDE_18;2;1,4521;0,1790958599177;0,1083108599177;;;
ENIPLENITUDE;3,45;;;ENIPLENITUDE_19;2;0,5587;0,186619632863718;0,115992574040188;;;
ENIPLENITUDE;4,6;;;ENIPLENITUDE_19;2;0,5116;0,186619632863718;0,115992574040188;;;
ENIPLENITUDE;5,75;;;ENIPLENITUDE_19;2;0,5644;0,186619632863718;0,115992574040188;;;
ENIPLENITUDE;6,9;;;ENIPLENITUDE_19;2;0,6173;0,186619632863718;0,115992574040188;;;
ENIPLENITUDE;10,35;;;ENIPLENITUDE_19;2;0,776;0,186619632863718;0,115992574040188;;;
ENIPLENITUDE;13,8;;;ENIPLENITUDE_19;2;0,9348;0,186619632863718;0,115992574040188;;;
ENIPLENITUDE;17,25;;;ENIPLENITUDE_19;2;1,0934;0,186619632863718;0,115992574040188;;;
ENIPLENITUDE;20,7;;;ENIPLENITUDE_19;2;1,2521;0,186619632863718;0,115992574040188;;;
ENIPLENITUDE;1,15;;;ENIPLENITUDE_20;2;0,2029;0,1790958599177;0,1083108599177;;;
ENIPLENITUDE;2,3;;;ENIPLENITUDE_20;2;0,2558;0,1790958599177;0,1083108599177;;;
ENIPLENITUDE;3,45;;;ENIPLENITUDE_20;2;0,3086;0,1790958599177;0,1083108599177;;;
ENIPLENITUDE;4,6;;;ENIPLENITUDE_20;2;0,4115;0,1790958599177;0,1083108599177;;;
ENIPLENITUDE;5,75;;;ENIPLENITUDE_20;2;0,4644;0,1790958599177;0,1083108599177;;;
ENIPLENITUDE;6,9;;;ENIPLENITUDE_20;2;0,5173;0,1790958599177;0,1083108599177;;;
ENIPLENITUDE;10,35;;;ENIPLENITUDE_20;2;0,776;0,1790958599177;0,1083108599177;;;
ENIPLENITUDE;13,8;;;ENIPLENITUDE_20;2;0,9348;0,1790958599177;0,1083108599177;;;
ENIPLENITUDE;17,25;;;ENIPLENITUDE_20;2;1,2934;0,1790958599177;0,1083108599177;;;
ENIPLENITUDE;20,7;;;ENIPLENITUDE_20;2;1,4521;0,1790958599177;0,1083108599177;;;
ENIPLENITUDE;3,45;;;ENIPLENITUDE_03;3;0,1587;0,3829588599177;0,1668048599177;0,1423008599177;;
ENIPLENITUDE;4,6;;;ENIPLENITUDE_03;3;0,2116;0,3829588599177;0,1668048599177;0,1423008599177;;
ENIPLENITUDE;5,75;;;ENIPLENITUDE_03;3;0,2645;0,3829588599177;0,1668048599177;0,1423008599177;;
ENIPLENITUDE;6,9;;;ENIPLENITUDE_03;3;0,3174;0,3829588599177;0,1668048599177;0,1423008599177;;
ENIPLENITUDE;10,35;;;ENIPLENITUDE_03;3;0,4761;0,3829588599177;0,1668048599177;0,1423008599177;;
ENIPLENITUDE;13,8;;;ENIPLENITUDE_03;3;0,6348;0,3829588599177;0,1668048599177;0,1423008599177;;
ENIPLENITUDE;17,25;;;ENIPLENITUDE_03;3;0,7935;0,3829588599177;0,1668048599177;0,1423008599177;;
ENIPLENITUDE;20,7;;;ENIPLENITUDE_03;3;0,9522;0,3829588599177;0,1668048599177;0,1423008599177;;
ENIPLENITUDE;1,15;;;ENIPLENITUDE_04;3;0,0529;0,363087167665664;0,154436269446089;0,129268991347329;;
ENIPLENITUDE;2,3;;;ENIPLENITUDE_04;3;0,1058;0,363087167665664;0,154436269446089;0,129268991347329;;
ENIPLENITUDE;3,45;;;ENIPLENITUDE_04;3;0,1587;0,363087167665664;0,154436269446089;0,129268991347329;;
ENIPLENITUDE;4,6;;;ENIPLENITUDE_04;3;0,2116;0,363087167665664;0,154436269446089;0,129268991347329;;
ENIPLENITUDE;5,75;;;ENIPLENITUDE_04;3;0,2645;0,363087167665664;0,154436269446089;0,129268991347329;;
ENIPLENITUDE;6,9;;;ENIPLENITUDE_04;3;0,3174;0,363087167665664;0,154436269446089;0,129268991347329;;
ENIPLENITUDE;10,35;;;ENIPLENITUDE_04;3;0,4761;0,363087167665664;0,154436269446089;0,129268991347329;;
ENIPLENITUDE;13,8;;;ENIPLENITUDE_04;3;0,6348;0,363087167665664;0,154436269446089;0,129268991347329;;
ENIPLENITUDE;17,25;;;ENIPLENITUDE_04;3;0,7935;0,363087167665664;0,154436269446089;0,129268991347329;;
ENIPLENITUDE;20,7;;;ENIPLENITUDE_04;3;0,9522;0,363087167665664;0,154436269446089;0,129268991347329;;
ENIPLENITUDE;27,6;;;ENIPLENITUDE_04;3;1,2199;0,362987167665664;0,166436269446089;0,128468991347329;;
ENIPLENITUDE;34,5;;;ENIPLENITUDE_04;3;1,5249;0,362987167665664;0,166436269446089;0,128468991347329;;
ENIPLENITUDE;41,4;;;ENIPLENITUDE_04;3;1,8299;0,362987167665664;0,166436269446089;0,128468991347329;;
ENIPLENITUDE;3,45;;;ENIPLENITUDE_05;3;0,1587;0,3829588599177;0,1668048599177;0,1423008599177;;
ENIPLENITUDE;4,6;;;ENIPLENITUDE_05;3;0,2116;0,3829588599177;0,1668048599177;0,1423008599177;;
ENIPLENITUDE;5,75;;;ENIPLENITUDE_05;3;0,2645;0,3829588599177;0,1668048599177;0,1423008599177;;
ENIPLENITUDE;6,9;;;ENIPLENITUDE_05;3;0,3174;0,3829588599177;0,1668048599177;0,1423008599177;;
ENIPLENITUDE;10,35;;;ENIPLENITUDE_05;3;0,4761;0,3829588599177;0,1668048599177;0,1423008599177;;
ENIPLENITUDE;13,8;;;ENIPLENITUDE_05;3;0,6348;0,3829588599177;0,1668048599177;0,1423008599177;;
ENIPLENITUDE;17,25;;;ENIPLENITUDE_05;3;0,7935;0,3829588599177;0,1668048599177;0,1423008599177;;
ENIPLENITUDE;20,7;;;ENIPLENITUDE_05;3;0,9522;0,3829588599177;0,1668048599177;0,1423008599177;;
ENIPLENITUDE;1,15;;;ENIPLENITUDE_06;3;0,2029;0,3489588599177;0,1328048599177;0,1083008599177;;
ENIPLENITUDE;2,3;;;ENIPLENITUDE_06;3;0,2558;0,3489588599177;0,1328048599177;0,1083008599177;;
ENIPLENITUDE;3,45;;;ENIPLENITUDE_06;3;0,3086;0,3489588599177;0,1328048599177;0,1083008599177;;
ENIPLENITUDE;4,6;;;ENIPLENITUDE_06;3;0,4115;0,3489588599177;0,1328048599177;0,1083008599177;;
ENIPLENITUDE;5,75;;;ENIPLENITUDE_06;3;0,4644;0,3489588599177;0,1328048599177;0,1083008599177;;
ENIPLENITUDE;6,9;;;ENIPLENITUDE_06;3;0,5173;0,3489588599177;0,1328048599177;0,1083008599177;;
ENIPLENITUDE;10,35;;;ENIPLENITUDE_06;3;0,776;0,3489588599177;0,1328048599177;0,1083008599177;;
ENIPLENITUDE;13,8;;;ENIPLENITUDE_06;3;0,9348;0,3489588599177;0,1328048599177;0,1083008599177;;
ENIPLENITUDE;17,25;;;ENIPLENITUDE_06;3;1,2934;0,3489588599177;0,1328048599177;0,1083008599177;;
ENIPLENITUDE;20,7;;;ENIPLENITUDE_06;3;1,4521;0,3489588599177;0,1328048599177;0,1083008599177;;
ENIPLENITUDE;1,15;;;ENIPLENITUDE_07;3;0,2029;0,3679588599177;0,1518048599177;0,1273008599177;;
ENIPLENITUDE;2,3;;;ENIPLENITUDE_07;3;0,2558;0,3679588599177;0,1518048599177;0,1273008599177;;
ENIPLENITUDE;3,45;;;ENIPLENITUDE_07;3;0,3086;0,3679588599177;0,1518048599177;0,1273008599177;;
ENIPLENITUDE;4,6;;;ENIPLENITUDE_07;3;0,4115;0,3679588599177;0,1518048599177;0,1273008599177;;
ENIPLENITUDE;5,75;;;ENIPLENITUDE_07;3;0,4644;0,3679588599177;0,1518048599177;0,1273008599177;;
ENIPLENITUDE;6,9;;;ENIPLENITUDE_07;3;0,5173;0,3679588599177;0,1518048599177;0,1273008599177;;
ENIPLENITUDE;10,35;;;ENIPLENITUDE_07;3;0,776;0,3679588599177;0,1518048599177;0,1273008599177;;
ENIPLENITUDE;13,8;;;ENIPLENITUDE_07;3;0,9348;0,3679588599177;0,1518048599177;0,1273008599177;;
ENIPLENITUDE;17,25;;;ENIPLENITUDE_07;3;1,2934;0,3679588599177;0,1518048599177;0,1273008599177;;
ENIPLENITUDE;20,7;;;ENIPLENITUDE_07;3;1,4521;0,3679588599177;0,1518048599177;0,1273008599177;;
ENIPLENITUDE;1,15;;;ENIPLENITUDE_09;3;0,2029;0,3489588599177;0,1328048599177;0,1083008599177;;
ENIPLENITUDE;2,3;;;ENIPLENITUDE_09;3;0,2558;0,3489588599177;0,1328048599177;0,1083008599177;;
ENIPLENITUDE;3,45;;;ENIPLENITUDE_09;3;0,3086;0,3489588599177;0,1328048599177;0,1083008599177;;
ENIPLENITUDE;4,6;;;ENIPLENITUDE_09;3;0,4115;0,3489588599177;0,1328048599177;0,1083008599177;;
ENIPLENITUDE;5,75;;;ENIPLENITUDE_09;3;0,4644;0,3489588599177;0,1328048599177;0,1083008599177;;
ENIPLENITUDE;6,9;;;ENIPLENITUDE_09;3;0,5173;0,3489588599177;0,1328048599177;0,1083008599177;;
ENIPLENITUDE;10,35;;;ENIPLENITUDE_09;3;0,776;0,3489588599177;0,1328048599177;0,1083008599177;;
ENIPLENITUDE;13,8;;;ENIPLENITUDE_09;3;0,9348;0,3489588599177;0,1328048599177;0,1083008599177;;
ENIPLENITUDE;17,25;;;ENIPLENITUDE_09;3;1,2934;0,3489588599177;0,1328048599177;0,1083008599177;;
ENIPLENITUDE;20,7;;;ENIPLENITUDE_09;3;1,4521;0,3489588599177;0,1328048599177;0,1083008599177;;
ENIPLENITUDE;1,15;;;ENIPLENITUDE_10;3;0,2029;0,3489588599177;0,1328048599177;0,1083008599177;;
ENIPLENITUDE;2,3;;;ENIPLENITUDE_10;3;0,2558;0,3489588599177;0,1328048599177;0,1083008599177;;
ENIPLENITUDE;3,45;;;ENIPLENITUDE_10;3;0,3086;0,3489588599177;0,1328048599177;0,1083008599177;;
ENIPLENITUDE;4,6;;;ENIPLENITUDE_10;3;0,4115;0,3489588599177;0,1328048599177;0,1083008599177;;
ENIPLENITUDE;5,75;;;ENIPLENITUDE_10;3;0,4644;0,3489588599177;0,1328048599177;0,1083008599177;;
ENIPLENITUDE;6,9;;;ENIPLENITUDE_10;3;0,5173;0,3489588599177;0,1328048599177;0,1083008599177;;
ENIPLENITUDE;10,35;;;ENIPLENITUDE_10;3;0,776;0,3489588599177;0,1328048599177;0,1083008599177;;
ENIPLENITUDE;13,8;;;ENIPLENITUDE_10;3;0,9348;0,3489588599177;0,1328048599177;0,1083008599177;;
ENIPLENITUDE;17,25;;;ENIPLENITUDE_10;3;1,2934;0,3489588599177;0,1328048599177;0,1083008599177;;
ENIPLENITUDE;20,7;;;ENIPLENITUDE_10;3;1,4521;0,3489588599177;0,1328048599177;0,1083008599177;;
ENIPLENITUDE;3,45;;;ENIPLENITUDE_11;3;0,5387;0,3529588599177;0,1368048599177;0,1123008599177;;
ENIPLENITUDE;4,6;;;ENIPLENITUDE_11;3;0,5916;0,3529588599177;0,1368048599177;0,1123008599177;;
ENIPLENITUDE;5,75;;;ENIPLENITUDE_11;3;0,6444;0,3529588599177;0,1368048599177;0,1123008599177;;
ENIPLENITUDE;6,9;;;ENIPLENITUDE_11;3;0,6973;0,3529588599177;0,1368048599177;0,1123008599177;;
ENIPLENITUDE;10,35;;;ENIPLENITUDE_11;3;0,926;0,3529588599177;0,1368048599177;0,1123008599177;;
ENIPLENITUDE;13,8;;;ENIPLENITUDE_11;3;1,0848;0,3529588599177;0,1368048599177;0,1123008599177;;
ENIPLENITUDE;17,25;;;ENIPLENITUDE_11;3;1,2934;0,3529588599177;0,1368048599177;0,1123008599177;;
ENIPLENITUDE;20,7;;;ENIPLENITUDE_11;3;1,4521;0,3529588599177;0,1368048599177;0,1123008599177;;
ENIPLENITUDE;1,15;;;ENIPLENITUDE_12;3;0,4529;0,343087167665664;0,134436269446089;0,109268991347329;;
ENIPLENITUDE;2,3;;;ENIPLENITUDE_12;3;0,5058;0,343087167665664;0,134436269446089;0,109268991347329;;
ENIPLENITUDE;3,45;;;ENIPLENITUDE_12;3;0,5587;0,343087167665664;0,134436269446089;0,109268991347329;;
ENIPLENITUDE;4,6;;;ENIPLENITUDE_12;3;0,5116;0,343087167665664;0,134436269446089;0,109268991347329;;
ENIPLENITUDE;5,75;;;ENIPLENITUDE_12;3;0,5645;0,343087167665664;0,134436269446089;0,109268991347329;;
ENIPLENITUDE;6,9;;;ENIPLENITUDE_12;3;0,6174;0,343087167665664;0,134436269446089;0,109268991347329;;
ENIPLENITUDE;10,35;;;ENIPLENITUDE_12;3;0,7761;0,343087167665664;0,134436269446089;0,109268991347329;;
ENIPLENITUDE;13,8;;;ENIPLENITUDE_12;3;0,9348;0,343087167665664;0,134436269446089;0,109268991347329;;
ENIPLENITUDE;17,25;;;ENIPLENITUDE_12;3;1,0935;0,343087167665664;0,134436269446089;0,109268991347329;;
ENIPLENITUDE;20,7;;;ENIPLENITUDE_12;3;1,2522;0,343087167665664;0,134436269446089;0,109268991347329;;
ENIPLENITUDE;27,6;;;ENIPLENITUDE_12;3;1,5199;0,342987167665664;0,146436269446089;0,108468991347329;;
ENIPLENITUDE;34,5;;;ENIPLENITUDE_12;3;1,8249;0,342987167665664;0,146436269446089;0,108468991347329;;
ENIPLENITUDE;41,4;;;ENIPLENITUDE_12;3;2,1299;0,342987167665664;0,146436269446089;0,108468991347329;;
ENIPLENITUDE;3,45;;;ENIPLENITUDE_13;3;0,5387;0,3529588599177;0,1368048599177;0,1123008599177;;
ENIPLENITUDE;4,6;;;ENIPLENITUDE_13;3;0,5916;0,3529588599177;0,1368048599177;0,1123008599177;;
ENIPLENITUDE;5,75;;;ENIPLENITUDE_13;3;0,6444;0,3529588599177;0,1368048599177;0,1123008599177;;
ENIPLENITUDE;6,9;;;ENIPLENITUDE_13;3;0,6973;0,3529588599177;0,1368048599177;0,1123008599177;;
ENIPLENITUDE;10,35;;;ENIPLENITUDE_13;3;0,926;0,3529588599177;0,1368048599177;0,1123008599177;;
ENIPLENITUDE;13,8;;;ENIPLENITUDE_13;3;1,0848;0,3529588599177;0,1368048599177;0,1123008599177;;
ENIPLENITUDE;17,25;;;ENIPLENITUDE_13;3;1,2934;0,3529588599177;0,1368048599177;0,1123008599177;;
ENIPLENITUDE;20,7;;;ENIPLENITUDE_13;3;1,4521;0,3529588599177;0,1368048599177;0,1123008599177;;
ENIPLENITUDE;1,15;;;ENIPLENITUDE_14;3;0,2529;0,343087167665664;0,134436269446089;0,109268991347329;;
ENIPLENITUDE;2,3;;;ENIPLENITUDE_14;3;0,3058;0,343087167665664;0,134436269446089;0,109268991347329;;
ENIPLENITUDE;3,45;;;ENIPLENITUDE_14;3;0,3587;0,343087167665664;0,134436269446089;0,109268991347329;;
ENIPLENITUDE;4,6;;;ENIPLENITUDE_14;3;0,4116;0,343087167665664;0,134436269446089;0,109268991347329;;
ENIPLENITUDE;5,75;;;ENIPLENITUDE_14;3;0,4645;0,343087167665664;0,134436269446089;0,109268991347329;;
ENIPLENITUDE;6,9;;;ENIPLENITUDE_14;3;0,5174;0,343087167665664;0,134436269446089;0,109268991347329;;
ENIPLENITUDE;10,35;;;ENIPLENITUDE_14;3;0,6761;0,343087167665664;0,134436269446089;0,109268991347329;;
ENIPLENITUDE;13,8;;;ENIPLENITUDE_14;3;0,9348;0,343087167665664;0,134436269446089;0,109268991347329;;
ENIPLENITUDE;17,25;;;ENIPLENITUDE_14;3;1,1935;0,343087167665664;0,134436269446089;0,109268991347329;;
ENIPLENITUDE;20,7;;;ENIPLENITUDE_14;3;1,3522;0,343087167665664;0,134436269446089;0,109268991347329;;
ENIPLENITUDE;27,6;;;ENIPLENITUDE_14;3;1,6199;0,342987167665664;0,146436269446089;0,108468991347329;;
ENIPLENITUDE;34,5;;;ENIPLENITUDE_14;3;1,9249;0,342987167665664;0,146436269446089;0,108468991347329;;
ENIPLENITUDE;41,4;;;ENIPLENITUDE_14;3;2,2299;0,342987167665664;0,146436269446089;0,108468991347329;;
ENIPLENITUDE;1,15;;;ENIPLENITUDE_18;3;0,2029;0,3489588599177;0,1328048599177;0,1083008599177;;
ENIPLENITUDE;2,3;;;ENIPLENITUDE_18;3;0,2558;0,3489588599177;0,1328048599177;0,1083008599177;;
ENIPLENITUDE;3,45;;;ENIPLENITUDE_18;3;0,3086;0,3489588599177;0,1328048599177;0,1083008599177;;
ENIPLENITUDE;4,6;;;ENIPLENITUDE_18;3;0,4115;0,3489588599177;0,1328048599177;0,1083008599177;;
ENIPLENITUDE;5,75;;;ENIPLENITUDE_18;3;0,4644;0,3489588599177;0,1328048599177;0,1083008599177;;
ENIPLENITUDE;6,9;;;ENIPLENITUDE_18;3;0,5173;0,3489588599177;0,1328048599177;0,1083008599177;;
ENIPLENITUDE;10,35;;;ENIPLENITUDE_18;3;0,776;0,3489588599177;0,1328048599177;0,1083008599177;;
ENIPLENITUDE;13,8;;;ENIPLENITUDE_18;3;0,9348;0,3489588599177;0,1328048599177;0,1083008599177;;
ENIPLENITUDE;17,25;;;ENIPLENITUDE_18;3;1,2934;0,3489588599177;0,1328048599177;0,1083008599177;;
ENIPLENITUDE;20,7;;;ENIPLENITUDE_18;3;1,4521;0,3489588599177;0,1328048599177;0,1083008599177;;
ENIPLENITUDE;3,45;;;ENIPLENITUDE_19;3;0,5587;0,349861750510776;0,128884574040188;0,115983162275482;;
ENIPLENITUDE;4,6;;;ENIPLENITUDE_19;3;0,5116;0,349861750510776;0,128884574040188;0,115983162275482;;
ENIPLENITUDE;5,75;;;ENIPLENITUDE_19;3;0,5644;0,349861750510776;0,128884574040188;0,115983162275482;;
ENIPLENITUDE;6,9;;;ENIPLENITUDE_19;3;0,6173;0,349861750510776;0,128884574040188;0,115983162275482;;
ENIPLENITUDE;10,35;;;ENIPLENITUDE_19;3;0,776;0,349861750510776;0,128884574040188;0,115983162275482;;
ENIPLENITUDE;13,8;;;ENIPLENITUDE_19;3;0,9348;0,349861750510776;0,128884574040188;0,115983162275482;;
ENIPLENITUDE;17,25;;;ENIPLENITUDE_19;3;1,0934;0,349861750510776;0,128884574040188;0,115983162275482;;
ENIPLENITUDE;20,7;;;ENIPLENITUDE_19;3;1,2521;0,349861750510776;0,128884574040188;0,115983162275482;;
ENIPLENITUDE;1,15;;;ENIPLENITUDE_20;3;0,2029;0,3489588599177;0,1328048599177;0,1083008599177;;
ENIPLENITUDE;2,3;;;ENIPLENITUDE_20;3;0,2558;0,3489588599177;0,1328048599177;0,1083008599177;;
ENIPLENITUDE;3,45;;;ENIPLENITUDE_20;3;0,3086;0,3489588599177;0,1328048599177;0,1083008599177;;
ENIPLENITUDE;4,6;;;ENIPLENITUDE_20;3;0,4115;0,3489588599177;0,1328048599177;0,1083008599177;;
ENIPLENITUDE;5,75;;;ENIPLENITUDE_20;3;0,4644;0,3489588599177;0,1328048599177;0,1083008599177;;
ENIPLENITUDE;6,9;;;ENIPLENITUDE_20;3;0,5173;0,3489588599177;0,1328048599177;0,1083008599177;;
ENIPLENITUDE;10,35;;;ENIPLENITUDE_20;3;0,776;0,3489588599177;0,1328048599177;0,1083008599177;;
ENIPLENITUDE;13,8;;;ENIPLENITUDE_20;3;0,9348;0,3489588599177;0,1328048599177;0,1083008599177;;
ENIPLENITUDE;17,25;;;ENIPLENITUDE_20;3;1,2934;0,3489588599177;0,1328048599177;0,1083008599177;;
ENIPLENITUDE;20,7;;;ENIPLENITUDE_20;3;1,4521;0,3489588599177;0,1328048599177;0,1083008599177;;
EZUENERGIA;1,15;1;;EZUENERGIA_01;1;0,1493;0,14735;;;;
EZUENERGIA;2,3;2;;EZUENERGIA_01;1;0,2163;0,14735;;;;
EZUENERGIA;3,45;3;;EZUENERGIA_01;1;0,2364;0,14735;;;;
EZUENERGIA;4,6;4;;EZUENERGIA_01;1;0,2986;0,14735;;;;
EZUENERGIA;5,75;;;EZUENERGIA_01;1;0,3608;0,14735;;;;
EZUENERGIA;6,9;;;EZUENERGIA_01;1;0,423;0,14735;;;;
EZUENERGIA;10,35;;;EZUENERGIA_01;1;0,5825;0,14735;;;;
EZUENERGIA;13,8;;;EZUENERGIA_01;1;0,76;0,14735;;;;
EZUENERGIA;17,25;;;EZUENERGIA_01;1;0,9375;0,14735;;;;
EZUENERGIA;20,7;;;EZUENERGIA_01;1;1,1149;0,14735;;;;
EZUENERGIA;1,15;1;;EZUENERGIA_02;1;0,1493;0,14735;;;;
EZUENERGIA;2,3;2;;EZUENERGIA_02;1;0,2163;0,14735;;;;
EZUENERGIA;3,45;3;;EZUENERGIA_02;1;0,2364;0,14735;;;;
EZUENERGIA;4,6;4;;EZUENERGIA_02;1;0,2986;0,14735;;;;
EZUENERGIA;5,75;;;EZUENERGIA_02;1;0,3608;0,14735;;;;
EZUENERGIA;6,9;;;EZUENERGIA_02;1;0,423;0,14735;;;;
EZUENERGIA;10,35;;;EZUENERGIA_02;1;0,5825;0,14735;;;;
EZUENERGIA;13,8;;;EZUENERGIA_02;1;0,76;0,14735;;;;
EZUENERGIA;17,25;;;EZUENERGIA_02;1;0,9375;0,14735;;;;
EZUENERGIA;20,7;;;EZUENERGIA_02;1;1,1149;0,14735;;;;
EZUENERGIA;1,15;1;;EZUENERGIA_04;1;0,1993;0,14735;;;;
EZUENERGIA;2,3;2;;EZUENERGIA_04;1;0,2663;0,14735;;;;
EZUENERGIA;3,45;3;;EZUENERGIA_04;1;0,2864;0,14735;;;;
EZUENERGIA;4,6;4;;EZUENERGIA_04;1;0,3486;0,14735;;;;
EZUENERGIA;5,75;;;EZUENERGIA_04;1;0,4108;0,14735;;;;
EZUENERGIA;6,9;;;EZUENERGIA_04;1;0,473;0,14735;;;;
EZUENERGIA;10,35;;;EZUENERGIA_04;1;0,6325;0,14735;;;;
EZUENERGIA;13,8;;;EZUENERGIA_04;1;0,81;0,14735;;;;
EZUENERGIA;17,25;;;EZUENERGIA_04;1;0,9875;0,14735;;;;
EZUENERGIA;20,7;;;EZUENERGIA_04;1;1,1649;0,14735;;;;
EZUENERGIA;1,15;1;;EZUENERGIA_05;1;0,1993;0,14735;;;;
EZUENERGIA;2,3;2;;EZUENERGIA_05;1;0,2663;0,14735;;;;
EZUENERGIA;3,45;3;;EZUENERGIA_05;1;0,2864;0,14735;;;;
EZUENERGIA;4,6;4;;EZUENERGIA_05;1;0,3486;0,14735;;;;
EZUENERGIA;5,75;;;EZUENERGIA_05;1;0,4108;0,14735;;;;
EZUENERGIA;6,9;;;EZUENERGIA_05;1;0,473;0,14735;;;;
EZUENERGIA;10,35;;;EZUENERGIA_05;1;0,6325;0,14735;;;;
EZUENERGIA;13,8;;;EZUENERGIA_05;1;0,81;0,14735;;;;
EZUENERGIA;17,25;;;EZUENERGIA_05;1;0,9875;0,14735;;;;
EZUENERGIA;20,7;;;EZUENERGIA_05;1;1,1649;0,14735;;;;
EZUENERGIA;1,15;1;;EZUENERGIA_06;1;0,1593;0,1599;;;;
EZUENERGIA;2,3;2;;EZUENERGIA_06;1;0,2263;0,1599;;;;
EZUENERGIA;3,45;3;;EZUENERGIA_06;1;0,2464;0,1599;;;;
EZUENERGIA;4,6;4;;EZUENERGIA_06;1;0,3086;0,1599;;;;
EZUENERGIA;5,75;;;EZUENERGIA_06;1;0,3708;0,1599;;;;
EZUENERGIA;6,9;;;EZUENERGIA_06;1;0,433;0,1599;;;;
EZUENERGIA;10,35;;;EZUENERGIA_06;1;0,5925;0,1599;;;;
EZUENERGIA;13,8;;;EZUENERGIA_06;1;0,77;0,1599;;;;
EZUENERGIA;17,25;;;EZUENERGIA_06;1;0,9475;0,1599;;;;
EZUENERGIA;20,7;;;EZUENERGIA_06;1;1,1249;0,1599;;;;
EZUENERGIA;1,15;1;;EZUENERGIA_07;1;0,2093;0,1599;;;;
EZUENERGIA;2,3;2;;EZUENERGIA_07;1;0,2763;0,1599;;;;
EZUENERGIA;3,45;3;;EZUENERGIA_07;1;0,2964;0,1599;;;;
EZUENERGIA;4,6;4;;EZUENERGIA_07;1;0,3586;0,1599;;;;
EZUENERGIA;5,75;;;EZUENERGIA_07;1;0,4208;0,1599;;;;
EZUENERGIA;6,9;;;EZUENERGIA_07;1;0,483;0,1599;;;;
EZUENERGIA;10,35;;;EZUENERGIA_07;1;0,6425;0,1599;;;;
EZUENERGIA;13,8;;;EZUENERGIA_07;1;0,82;0,1599;;;;
EZUENERGIA;17,25;;;EZUENERGIA_07;1;0,9975;0,1599;;;;
EZUENERGIA;20,7;;;EZUENERGIA_07;1;1,1749;0,1599;;;;
EZUENERGIA;1,15;1;;EZUENERGIA_08;1;0,2093;0,1599;;;;
EZUENERGIA;2,3;2;;EZUENERGIA_08;1;0,2763;0,1599;;;;
EZUENERGIA;3,45;3;;EZUENERGIA_08;1;0,2964;0,1599;;;;
EZUENERGIA;4,6;4;;EZUENERGIA_08;1;0,3586;0,1599;;;;
EZUENERGIA;5,75;;;EZUENERGIA_08;1;0,4208;0,1599;;;;
EZUENERGIA;6,9;;;EZUENERGIA_08;1;0,483;0,1599;;;;
EZUENERGIA;10,35;;;EZUENERGIA_08;1;0,6425;0,1599;;;;
EZUENERGIA;13,8;;;EZUENERGIA_08;1;0,82;0,1599;;;;
EZUENERGIA;17,25;;;EZUENERGIA_08;1;0,9975;0,1599;;;;
EZUENERGIA;20,7;;;EZUENERGIA_08;1;1,1749;0,1599;;;;
EZUENERGIA;6,9;;;EZUENERGIA_09;1;0,483;0,1625;;;;
EZUENERGIA;10,35;;;EZUENERGIA_09;1;0,6425;0,1625;;;;
EZUENERGIA;13,8;;;EZUENERGIA_09;1;0,82;0,1625;;;;
EZUENERGIA;17,25;;;EZUENERGIA_09;1;0,9975;0,1625;;;;
EZUENERGIA;20,7;;;EZUENERGIA_09;1;1,1749;0,1625;;;;
EZUENERGIA;1,15;1;;EZUENERGIA_10;1;0,1593;0,1599;;;;
EZUENERGIA;2,3;2;;EZUENERGIA_10;1;0,2263;0,1599;;;;
EZUENERGIA;3,45;3;;EZUENERGIA_10;1;0,2464;0,1599;;;;
EZUENERGIA;4,6;4;;EZUENERGIA_10;1;0,3086;0,1599;;;;
EZUENERGIA;5,75;;;EZUENERGIA_10;1;0,3708;0,1599;;;;
EZUENERGIA;6,9;;;EZUENERGIA_10;1;0,433;0,1599;;;;
EZUENERGIA;10,35;;;EZUENERGIA_10;1;0,5925;0,1599;;;;
EZUENERGIA;13,8;;;EZUENERGIA_10;1;0,77;0,1599;;;;
EZUENERGIA;17,25;;;EZUENERGIA_10;1;0,9475;0,1599;;;;
EZUENERGIA;20,7;;;EZUENERGIA_10;1;1,1249;0,1599;;;;
EZUENERGIA;1,15;;;EZUENERGIA_01;2;0,1493;0,17035;0,10225;;;
EZUENERGIA;2,3;;;EZUENERGIA_01;2;0,2163;0,17035;0,10225;;;
EZUENERGIA;3,45;;;EZUENERGIA_01;2;0,2364;0,17035;0,10225;;;
EZUENERGIA;4,6;;;EZUENERGIA_01;2;0,2986;0,17035;0,10225;;;
EZUENERGIA;5,75;;;EZUENERGIA_01;2;0,3608;0,17035;0,10225;;;
EZUENERGIA;6,9;;;EZUENERGIA_01;2;0,423;0,17035;0,10225;;;
EZUENERGIA;10,35;;;EZUENERGIA_01;2;0,5825;0,17035;0,10225;;;
EZUENERGIA;13,8;;;EZUENERGIA_01;2;0,76;0,17035;0,10225;;;
EZUENERGIA;17,25;;;EZUENERGIA_01;2;0,9375;0,17035;0,10225;;;
EZUENERGIA;20,7;;;EZUENERGIA_01;2;1,1149;0,17035;0,10225;;;
EZUENERGIA;1,15;;;EZUENERGIA_02;2;0,1493;0,17035;0,10225;;;
EZUENERGIA;2,3;;;EZUENERGIA_02;2;0,2163;0,17035;0,10225;;;
EZUENERGIA;3,45;;;EZUENERGIA_02;2;0,2364;0,17035;0,10225;;;
EZUENERGIA;4,6;;;EZUENERGIA_02;2;0,2986;0,17035;0,10225;;;
EZUENERGIA;5,75;;;EZUENERGIA_02;2;0,3608;0,17035;0,10225;;;
EZUENERGIA;6,9;;;EZUENERGIA_02;2;0,423;0,17035;0,10225;;;
EZUENERGIA;10,35;;;EZUENERGIA_02;2;0,5825;0,17035;0,10225;;;
EZUENERGIA;13,8;;;EZUENERGIA_02;2;0,76;0,17035;0,10225;;;
EZUENERGIA;17,25;;;EZUENERGIA_02;2;0,9375;0,17035;0,10225;;;
EZUENERGIA;20,7;;;EZUENERGIA_02;2;1,1149;0,17035;0,10225;;;
EZUENERGIA;1,15;;;EZUENERGIA_04;2;0,1993;0,17035;0,10225;;;
EZUENERGIA;2,3;;;EZUENERGIA_04;2;0,2663;0,17035;0,10225;;;
EZUENERGIA;3,45;;;EZUENERGIA_04;2;0,2864;0,17035;0,10225;;;
EZUENERGIA;4,6;;;EZUENERGIA_04;2;0,3486;0,17035;0,10225;;;
EZUENERGIA;5,75;;;EZUENERGIA_04;2;0,4108;0,17035;0,10225;;;
EZUENERGIA;6,9;;;EZUENERGIA_04;2;0,473;0,17035;0,10225;;;
EZUENERGIA;10,35;;;EZUENERGIA_04;2;0,6325;0,17035;0,10225;;;
EZUENERGIA;13,8;;;EZUENERGIA_04;2;0,81;0,17035;0,10225;;;
EZUENERGIA;17,25;;;EZUENERGIA_04;2;0,9875;0,17035;0,10225;;;
EZUENERGIA;20,7;;;EZUENERGIA_04;2;1,1649;0,17035;0,10225;;;
EZUENERGIA;1,15;;;EZUENERGIA_05;2;0,1993;0,17035;0,10225;;;
EZUENERGIA;2,3;;;EZUENERGIA_05;2;0,2663;0,17035;0,10225;;;
EZUENERGIA;3,45;;;EZUENERGIA_05;2;0,2864;0,17035;0,10225;;;
EZUENERGIA;4,6;;;EZUENERGIA_05;2;0,3486;0,17035;0,10225;;;
EZUENERGIA;5,75;;;EZUENERGIA_05;2;0,4108;0,17035;0,10225;;;
EZUENERGIA;6,9;;;EZUENERGIA_05;2;0,473;0,17035;0,10225;;;
EZUENERGIA;10,35;;;EZUENERGIA_05;2;0,6325;0,17035;0,10225;;;
EZUENERGIA;13,8;;;EZUENERGIA_05;2;0,81;0,17035;0,10225;;;
EZUENERGIA;17,25;;;EZUENERGIA_05;2;0,9875;0,17035;0,10225;;;
EZUENERGIA;20,7;;;EZUENERGIA_05;2;1,1649;0,17035;0,10225;;;
EZUENERGIA;1,15;;;EZUENERGIA_06;2;0,1593;0,1834;0,1131;;;
EZUENERGIA;2,3;;;EZUENERGIA_06;2;0,2263;0,1834;0,1131;;;
EZUENERGIA;3,45;;;EZUENERGIA_06;2;0,2464;0,1834;0,1131;;;
EZUENERGIA;4,6;;;EZUENERGIA_06;2;0,3086;0,1834;0,1131;;;
EZUENERGIA;5,75;;;EZUENERGIA_06;2;0,3708;0,1834;0,1131;;;
EZUENERGIA;6,9;;;EZUENERGIA_06;2;0,433;0,1834;0,1131;;;
EZUENERGIA;10,35;;;EZUENERGIA_06;2;0,5925;0,1834;0,1131;;;
EZUENERGIA;13,8;;;EZUENERGIA_06;2;0,77;0,1834;0,1131;;;
EZUENERGIA;17,25;;;EZUENERGIA_06;2;0,9475;0,1834;0,1131;;;
EZUENERGIA;20,7;;;EZUENERGIA_06;2;1,1249;0,1834;0,1131;;;
EZUENERGIA;1,15;;;EZUENERGIA_07;2;0,2093;0,1834;0,1131;;;
EZUENERGIA;2,3;;;EZUENERGIA_07;2;0,2763;0,1834;0,1131;;;
EZUENERGIA;3,45;;;EZUENERGIA_07;2;0,2964;0,1834;0,1131;;;
EZUENERGIA;4,6;;;EZUENERGIA_07;2;0,3586;0,1834;0,1131;;;
EZUENERGIA;5,75;;;EZUENERGIA_07;2;0,4208;0,1834;0,1131;;;
EZUENERGIA;6,9;;;EZUENERGIA_07;2;0,483;0,1834;0,1131;;;
EZUENERGIA;10,35;;;EZUENERGIA_07;2;0,6425;0,1834;0,1131;;;
EZUENERGIA;13,8;;;EZUENERGIA_07;2;0,82;0,1834;0,1131;;;
EZUENERGIA;17,25;;;EZUENERGIA_07;2;0,9975;0,1834;0,1131;;;
EZUENERGIA;20,7;;;EZUENERGIA_07;2;1,1749;0,1834;0,1131;;;
EZUENERGIA;1,15;;;EZUENERGIA_08;2;0,2093;0,1834;0,1131;;;
EZUENERGIA;2,3;;;EZUENERGIA_08;2;0,2763;0,1834;0,1131;;;
EZUENERGIA;3,45;;;EZUENERGIA_08;2;0,2964;0,1834;0,1131;;;
EZUENERGIA;4,6;;;EZUENERGIA_08;2;0,3586;0,1834;0,1131;;;
EZUENERGIA;5,75;;;EZUENERGIA_08;2;0,4208;0,1834;0,1131;;;
EZUENERGIA;6,9;;;EZUENERGIA_08;2;0,483;0,1834;0,1131;;;
EZUENERGIA;10,35;;;EZUENERGIA_08;2;0,6425;0,1834;0,1131;;;
EZUENERGIA;13,8;;;EZUENERGIA_08;2;0,82;0,1834;0,1131;;;
EZUENERGIA;17,25;;;EZUENERGIA_08;2;0,9975;0,1834;0,1131;;;
EZUENERGIA;20,7;;;EZUENERGIA_08;2;1,1749;0,1834;0,1131;;;
EZUENERGIA;6,9;;;EZUENERGIA_09;2;0,483;0,186;0,1157;;;
EZUENERGIA;10,35;;;EZUENERGIA_09;2;0,6425;0,186;0,1157;;;
EZUENERGIA;13,8;;;EZUENERGIA_09;2;0,82;0,186;0,1157;;;
EZUENERGIA;17,25;;;EZUENERGIA_09;2;0,9975;0,186;0,1157;;;
EZUENERGIA;20,7;;;EZUENERGIA_09;2;1,1749;0,186;0,1157;;;
EZUENERGIA;1,15;;;EZUENERGIA_10;2;0,1593;0,1834;0,1131;;;
EZUENERGIA;2,3;;;EZUENERGIA_10;2;0,2263;0,1834;0,1131;;;
EZUENERGIA;3,45;;;EZUENERGIA_10;2;0,2464;0,1834;0,1131;;;
EZUENERGIA;4,6;;;EZUENERGIA_10;2;0,3086;0,1834;0,1131;;;
EZUENERGIA;5,75;;;EZUENERGIA_10;2;0,3708;0,1834;0,1131;;;
EZUENERGIA;6,9;;;EZUENERGIA_10;2;0,433;0,1834;0,1131;;;
EZUENERGIA;10,35;;;EZUENERGIA_10;2;0,5925;0,1834;0,1131;;;
EZUENERGIA;13,8;;;EZUENERGIA_10;2;0,77;0,1834;0,1131;;;
EZUENERGIA;17,25;;;EZUENERGIA_10;2;0,9475;0,1834;0,1131;;;
EZUENERGIA;20,7;;;EZUENERGIA_10;2;1,1249;0,1834;0,1131;;;
EZUENERGIA;1,15;;;EZUENERGIA_01;3;0,1493;0,33425;0,12615;0,10225;;
EZUENERGIA;2,3;;;EZUENERGIA_01;3;0,2163;0,33425;0,12615;0,10225;;
EZUENERGIA;3,45;;;EZUENERGIA_01;3;0,2364;0,33425;0,12615;0,10225;;
EZUENERGIA;4,6;;;EZUENERGIA_01;3;0,2986;0,33425;0,12615;0,10225;;
EZUENERGIA;5,75;;;EZUENERGIA_01;3;0,3608;0,33425;0,12615;0,10225;;
EZUENERGIA;6,9;;;EZUENERGIA_01;3;0,423;0,33425;0,12615;0,10225;;
EZUENERGIA;10,35;;;EZUENERGIA_01;3;0,5825;0,33425;0,12615;0,10225;;
EZUENERGIA;13,8;;;EZUENERGIA_01;3;0,76;0,33425;0,12615;0,10225;;
EZUENERGIA;17,25;;;EZUENERGIA_01;3;0,9375;0,33425;0,12615;0,10225;;
EZUENERGIA;20,7;;;EZUENERGIA_01;3;1,1149;0,33425;0,12615;0,10225;;
EZUENERGIA;27,6;;;EZUENERGIA_01;3;1,4478;0,33415;0,13815;0,10145;;
EZUENERGIA;34,5;;;EZUENERGIA_01;3;1,7973;0,33415;0,13815;0,10145;;
EZUENERGIA;41,4;;;EZUENERGIA_01;3;2,1468;0,33415;0,13815;0,10145;;
EZUENERGIA;1,15;;;EZUENERGIA_02;3;0,1493;0,33425;0,12615;0,10225;;
EZUENERGIA;2,3;;;EZUENERGIA_02;3;0,2163;0,33425;0,12615;0,10225;;
EZUENERGIA;3,45;;;EZUENERGIA_02;3;0,2364;0,33425;0,12615;0,10225;;
EZUENERGIA;4,6;;;EZUENERGIA_02;3;0,2986;0,33425;0,12615;0,10225;;
EZUENERGIA;5,75;;;EZUENERGIA_02;3;0,3608;0,33425;0,12615;0,10225;;
EZUENERGIA;6,9;;;EZUENERGIA_02;3;0,423;0,33425;0,12615;0,10225;;
EZUENERGIA;10,35;;;EZUENERGIA_02;3;0,5825;0,33425;0,12615;0,10225;;
EZUENERGIA;13,8;;;EZUENERGIA_02;3;0,76;0,33425;0,12615;0,10225;;
EZUENERGIA;17,25;;;EZUENERGIA_02;3;0,9375;0,33425;0,12615;0,10225;;
EZUENERGIA;20,7;;;EZUENERGIA_02;3;1,1149;0,33425;0,12615;0,10225;;
EZUENERGIA;27,6;;;EZUENERGIA_02;3;1,4478;0,33415;0,13815;0,10145;;
EZUENERGIA;34,5;;;EZUENERGIA_02;3;1,7973;0,33415;0,13815;0,10145;;
EZUENERGIA;41,4;;;EZUENERGIA_02;3;2,1468;0,33415;0,13815;0,10145;;
EZUENERGIA;27,6;;;EZUENERGIA_03;3;1,4478;0,32115;0,12515;0,08845;;
EZUENERGIA;34,5;;;EZUENERGIA_03;3;1,7973;0,32115;0,12515;0,08845;;
EZUENERGIA;41,4;;;EZUENERGIA_03;3;2,1468;0,32115;0,12515;0,08845;;
EZUENERGIA;1,15;;;EZUENERGIA_04;3;0,1993;0,33425;0,12615;0,10225;;
EZUENERGIA;2,3;;;EZUENERGIA_04;3;0,2663;0,33425;0,12615;0,10225;;
EZUENERGIA;3,45;;;EZUENERGIA_04;3;0,2864;0,33425;0,12615;0,10225;;
EZUENERGIA;4,6;;;EZUENERGIA_04;3;0,3486;0,33425;0,12615;0,10225;;
EZUENERGIA;5,75;;;EZUENERGIA_04;3;0,4108;0,33425;0,12615;0,10225;;
EZUENERGIA;6,9;;;EZUENERGIA_04;3;0,473;0,33425;0,12615;0,10225;;
EZUENERGIA;10,35;;;EZUENERGIA_04;3;0,6325;0,33425;0,12615;0,10225;;
EZUENERGIA;13,8;;;EZUENERGIA_04;3;0,81;0,33425;0,12615;0,10225;;
EZUENERGIA;17,25;;;EZUENERGIA_04;3;0,9875;0,33425;0,12615;0,10225;;
EZUENERGIA;20,7;;;EZUENERGIA_04;3;1,1649;0,33425;0,12615;0,10225;;
EZUENERGIA;27,6;;;EZUENERGIA_04;3;1,4978;0,33415;0,13815;0,10145;;
EZUENERGIA;34,5;;;EZUENERGIA_04;3;1,8473;0,33415;0,13815;0,10145;;
EZUENERGIA;41,4;;;EZUENERGIA_04;3;2,1968;0,33415;0,13815;0,10145;;
EZUENERGIA;1,15;;;EZUENERGIA_05;3;0,1993;0,33425;0,12615;0,10225;;
EZUENERGIA;2,3;;;EZUENERGIA_05;3;0,2663;0,33425;0,12615;0,10225;;
EZUENERGIA;3,45;;;EZUENERGIA_05;3;0,2864;0,33425;0,12615;0,10225;;
EZUENERGIA;4,6;;;EZUENERGIA_05;3;0,3486;0,33425;0,12615;0,10225;;
EZUENERGIA;5,75;;;EZUENERGIA_05;3;0,4108;0,33425;0,12615;0,10225;;
EZUENERGIA;6,9;;;EZUENERGIA_05;3;0,473;0,33425;0,12615;0,10225;;
EZUENERGIA;10,35;;;EZUENERGIA_05;3;0,6325;0,33425;0,12615;0,10225;;
EZUENERGIA;13,8;;;EZUENERGIA_05;3;0,81;0,33425;0,12615;0,10225;;
EZUENERGIA;17,25;;;EZUENERGIA_05;3;0,9875;0,33425;0,12615;0,10225;;
EZUENERGIA;20,7;;;EZUENERGIA_05;3;1,1649;0,33425;0,12615;0,10225;;
EZUENERGIA;27,6;;;EZUENERGIA_05;3;1,4978;0,33415;0,13815;0,10145;;
EZUENERGIA;34,5;;;EZUENERGIA_05;3;1,8473;0,33415;0,13815;0,10145;;
EZUENERGIA;41,4;;;EZUENERGIA_05;3;2,1968;0,33415;0,13815;0,10145;;
EZUENERGIA;1,15;;;EZUENERGIA_06;3;0,1593;0,3775;0,1457;0,1131;;
EZUENERGIA;2,3;;;EZUENERGIA_06;3;0,2263;0,3775;0,1457;0,1131;;
EZUENERGIA;3,45;;;EZUENERGIA_06;3;0,2464;0,3775;0,1457;0,1131;;
EZUENERGIA;4,6;;;EZUENERGIA_06;3;0,3086;0,3775;0,1457;0,1131;;
EZUENERGIA;5,75;;;EZUENERGIA_06;3;0,3708;0,3775;0,1457;0,1131;;
EZUENERGIA;6,9;;;EZUENERGIA_06;3;0,433;0,3775;0,1457;0,1131;;
EZUENERGIA;10,35;;;EZUENERGIA_06;3;0,5925;0,3775;0,1457;0,1131;;
EZUENERGIA;13,8;;;EZUENERGIA_06;3;0,77;0,3775;0,1457;0,1131;;
EZUENERGIA;17,25;;;EZUENERGIA_06;3;0,9475;0,3775;0,1457;0,1131;;
EZUENERGIA;20,7;;;EZUENERGIA_06;3;1,1249;0,3775;0,1457;0,1131;;
EZUENERGIA;27,6;;;EZUENERGIA_06;3;1,4578;0,3869;0,1736;0,1338;;
EZUENERGIA;34,5;;;EZUENERGIA_06;3;1,8073;0,3869;0,1736;0,1338;;
EZUENERGIA;41,4;;;EZUENERGIA_06;3;2,1568;0,3869;0,1736;0,1338;;
EZUENERGIA;1,15;;;EZUENERGIA_07;3;0,2093;0,3775;0,1457;0,1131;;
EZUENERGIA;2,3;;;EZUENERGIA_07;3;0,2763;0,3775;0,1457;0,1131;;
EZUENERGIA;3,45;;;EZUENERGIA_07;3;0,2964;0,3775;0,1457;0,1131;;
EZUENERGIA;4,6;;;EZUENERGIA_07;3;0,3586;0,3775;0,1457;0,1131;;
EZUENERGIA;5,75;;;EZUENERGIA_07;3;0,4208;0,3775;0,1457;0,1131;;
EZUENERGIA;6,9;;;EZUENERGIA_07;3;0,483;0,3775;0,1457;0,1131;;
EZUENERGIA;10,35;;;EZUENERGIA_07;3;0,6425;0,3775;0,1457;0,1131;;
EZUENERGIA;13,8;;;EZUENERGIA_07;3;0,82;0,3775;0,1457;0,1131;;
EZUENERGIA;17,25;;;EZUENERGIA_07;3;0,9975;0,3775;0,1457;0,1131;;
EZUENERGIA;20,7;;;EZUENERGIA_07;3;1,1749;0,3775;0,1457;0,1131;;
EZUENERGIA;27,6;;;EZUENERGIA_07;3;1,5078;0,3869;0,1736;0,1338;;
EZUENERGIA;34,5;;;EZUENERGIA_07;3;1,8573;0,3869;0,1736;0,1338;;
EZUENERGIA;41,4;;;EZUENERGIA_07;3;2,2068;0,3869;0,1736;0,1338;;
EZUENERGIA;1,15;;;EZUENERGIA_08;3;0,2093;0,3775;0,1457;0,1131;;
EZUENERGIA;2,3;;;EZUENERGIA_08;3;0,2763;0,3775;0,1457;0,1131;;
EZUENERGIA;3,45;;;EZUENERGIA_08;3;0,2964;0,3775;0,1457;0,1131;;
EZUENERGIA;4,6;;;EZUENERGIA_08;3;0,3586;0,3775;0,1457;0,1131;;
EZUENERGIA;5,75;;;EZUENERGIA_08;3;0,4208;0,3775;0,1457;0,1131;;
EZUENERGIA;6,9;;;EZUENERGIA_08;3;0,483;0,3775;0,1457;0,1131;;
EZUENERGIA;10,35;;;EZUENERGIA_08;3;0,6425;0,3775;0,1457;0,1131;;
EZUENERGIA;13,8;;;EZUENERGIA_08;3;0,82;0,3775;0,1457;0,1131;;
EZUENERGIA;17,25;;;EZUENERGIA_08;3;0,9975;0,3775;0,1457;0,1131;;
EZUENERGIA;20,7;;;EZUENERGIA_08;3;1,1749;0,3775;0,1457;0,1131;;
EZUENERGIA;27,6;;;EZUENERGIA_08;3;1,5078;0,3869;0,1736;0,1338;;
EZUENERGIA;34,5;;;EZUENERGIA_08;3;1,8573;0,3869;0,1736;0,1338;;
EZUENERGIA;41,4;;;EZUENERGIA_08;3;2,2068;0,3869;0,1736;0,1338;;
EZUENERGIA;27,6;;;EZUENERGIA_09;3;1,5078;0,3734;0,1601;0,1203;;
EZUENERGIA;34,5;;;EZUENERGIA_09;3;1,8573;0,3734;0,1601;0,1203;;
EZUENERGIA;41,4;;;EZUENERGIA_09;3;2,2068;0,3734;0,1601;0,1203;;
EZUENERGIA;1,15;;;EZUENERGIA_10;3;0,1593;0,3775;0,1457;0,1131;;
EZUENERGIA;2,3;;;EZUENERGIA_10;3;0,2263;0,3775;0,1457;0,1131;;
EZUENERGIA;3,45;;;EZUENERGIA_10;3;0,2464;0,3775;0,1457;0,1131;;
EZUENERGIA;4,6;;;EZUENERGIA_10;3;0,3086;0,3775;0,1457;0,1131;;
EZUENERGIA;5,75;;;EZUENERGIA_10;3;0,3708;0,3775;0,1457;0,1131;;
EZUENERGIA;6,9;;;EZUENERGIA_10;3;0,433;0,3775;0,1457;0,1131;;
EZUENERGIA;10,35;;;EZUENERGIA_10;3;0,5925;0,3775;0,1457;0,1131;;
EZUENERGIA;13,8;;;EZUENERGIA_10;3;0,77;0,3775;0,1457;0,1131;;
EZUENERGIA;17,25;;;EZUENERGIA_10;3;0,9475;0,3775;0,1457;0,1131;;
EZUENERGIA;20,7;;;EZUENERGIA_10;3;1,1249;0,3775;0,1457;0,1131;;
EZUENERGIA;27,6;;;EZUENERGIA_10;3;1,4578;0,3869;0,1736;0,1338;;
EZUENERGIA;34,5;;;EZUENERGIA_10;3;1,8073;0,3869;0,1736;0,1338;;
EZUENERGIA;41,4;;;EZUENERGIA_10;3;2,1568;0,3869;0,1736;0,1338;;
G9ENERGY;1,15;1;;G9ENERGY_01;1;0,137;0,1549;;;;
G9ENERGY;2,3;2;;G9ENERGY_01;1;0,1962;0,1549;;;;
G9ENERGY;3,45;3;;G9ENERGY_01;1;0,236;0,1549;;;;
G9ENERGY;4,6;4;;G9ENERGY_01;1;0,3069;0,1549;;;;
G9ENERGY;5,75;;;G9ENERGY_01;1;0,3705;0,1549;;;;
G9ENERGY;6,9;;;G9ENERGY_01;1;0,448;0,1549;;;;
G9ENERGY;10,35;;;G9ENERGY_01;1;0,626;0,1549;;;;
G9ENERGY;13,8;;;G9ENERGY_01;1;0,8155;0,1549;;;;
G9ENERGY;17,25;;;G9ENERGY_01;1;1,0073;0,1549;;;;
G9ENERGY;20,7;;;G9ENERGY_01;1;1,214;0,1549;;;;
G9ENERGY;1,15;1;;G9ENERGY_02;1;0,137;0,1549;;;0,0984;0,104912
G9ENERGY;2,3;2;;G9ENERGY_02;1;0,1962;0,1549;;;0,1274;0,100532
G9ENERGY;3,45;3;;G9ENERGY_02;1;0,236;0,1549;;;0,1783;0,095312
G9ENERGY;4,6;4;;G9ENERGY_02;1;0,3069;0,1549;;;0,2538;0,090216
G9ENERGY;5,75;;;G9ENERGY_02;1;0,3705;0,1549;;;;
G9ENERGY;6,9;;;G9ENERGY_02;1;0,448;0,1549;;;;
G9ENERGY;10,35;;;G9ENERGY_02;1;0,626;0,1549;;;;
G9ENERGY;13,8;;;G9ENERGY_02;1;0,8155;0,1549;;;;
G9ENERGY;17,25;;;G9ENERGY_02;1;1,0073;0,1549;;;;
G9ENERGY;20,7;;;G9ENERGY_02;1;1,214;0,1549;;;;
G9ENERGY;1,15;1;;G9ENERGY_03;1;0,137;0,1549;;;0,0984;0,104912
G9ENERGY;2,3;2;;G9ENERGY_03;1;0,1962;0,1549;;;0,1274;0,100532
G9ENERGY;3,45;3;;G9ENERGY_03;1;0,236;0,1549;;;0,1783;0,095312
G9ENERGY;4,6;4;;G9ENERGY_03;1;0,3069;0,1549;;;0,2538;0,090216
G9ENERGY;5,75;;;G9ENERGY_03;1;0,3705;0,1549;;;;
G9ENERGY;6,9;;;G9ENERGY_03;1;0,448;0,1549;;;;
G9ENERGY;10,35;;;G9ENERGY_03;1;0,626;0,1549;;;;
G9ENERGY;13,8;;;G9ENERGY_03;1;0,8155;0,1549;;;;
G9ENERGY;17,25;;;G9ENERGY_03;1;1,0073;0,1549;;;;
G9ENERGY;20,7;;;G9ENERGY_03;1;1,214;0,1549;;;;
G9ENERGY;1,15;1;;G9ENERGY_04;1;0,137;0,1549;;;;
G9ENERGY;2,3;2;;G9ENERGY_04;1;0,1962;0,1549;;;;
G9ENERGY;3,45;3;;G9ENERGY_04;1;0,236;0,1549;;;;
G9ENERGY;4,6;4;;G9ENERGY_04;1;0,3069;0,1549;;;;
G9ENERGY;5,75;;;G9ENERGY_04;1;0,3705;0,1549;;;;
G9ENERGY;6,9;;;G9ENERGY_04;1;0,448;0,1549;;;;
G9ENERGY;10,35;;;G9ENERGY_04;1;0,626;0,1549;;;;
G9ENERGY;13,8;;;G9ENERGY_04;1;0,8155;0,1549;;;;
G9ENERGY;17,25;;;G9ENERGY_04;1;1,0073;0,1549;;;;
G9ENERGY;20,7;;;G9ENERGY_04;1;1,214;0,1549;;;;
G9ENERGY;1,15;1;;G9ENERGY_05;1;0,137;0,1549;;;;
G9ENERGY;2,3;2;;G9ENERGY_05;1;0,1962;0,1549;;;;
G9ENERGY;3,45;3;;G9ENERGY_05;1;0,236;0,1549;;;;
G9ENERGY;4,6;4;;G9ENERGY_05;1;0,3069;0,1549;;;;
G9ENERGY;5,75;;;G9ENERGY_05;1;0,3705;0,1549;;;;
G9ENERGY;6,9;;;G9ENERGY_05;1;0,448;0,1549;;;;
G9ENERGY;10,35;;;G9ENERGY_05;1;0,626;0,1549;;;;
G9ENERGY;13,8;;;G9ENERGY_05;1;0,8155;0,1549;;;;
G9ENERGY;17,25;;;G9ENERGY_05;1;1,0073;0,1549;;;;
G9ENERGY;20,7;;;G9ENERGY_05;1;1,214;0,1549;;;;
G9ENERGY;1,15;1;;G9ENERGY_06;1;0,137;0,1549;;;;
G9ENERGY;2,3;2;;G9ENERGY_06;1;0,1962;0,1549;;;;
G9ENERGY;3,45;3;;G9ENERGY_06;1;0,236;0,1549;;;;
G9ENERGY;4,6;4;;G9ENERGY_06;1;0,3069;0,1549;;;;
G9ENERGY;5,75;;;G9ENERGY_06;1;0,3705;0,1549;;;;
G9ENERGY;6,9;;;G9ENERGY_06;1;0,448;0,1549;;;;
G9ENERGY;10,35;;;G9ENERGY_06;1;0,626;0,1549;;;;
G9ENERGY;13,8;;;G9ENERGY_06;1;0,8155;0,1549;;;;
G9ENERGY;17,25;;;G9ENERGY_06;1;1,0073;0,1549;;;;
G9ENERGY;20,7;;;G9ENERGY_06;1;1,214;0,1549;;;;
G9ENERGY;1,15;1;;G9ENERGY_07;1;0,137;0,1549;;;;
G9ENERGY;2,3;2;;G9ENERGY_07;1;0,1962;0,1549;;;;
G9ENERGY;3,45;3;;G9ENERGY_07;1;0,236;0,1549;;;;
G9ENERGY;4,6;4;;G9ENERGY_07;1;0,3069;0,1549;;;;
G9ENERGY;5,75;;;G9ENERGY_07;1;0,3705;0,1549;;;;
G9ENERGY;6,9;;;G9ENERGY_07;1;0,448;0,1549;;;;
G9ENERGY;10,35;;;G9ENERGY_07;1;0,626;0,1549;;;;
G9ENERGY;13,8;;;G9ENERGY_07;1;0,8155;0,1549;;;;
G9ENERGY;17,25;;;G9ENERGY_07;1;1,0073;0,1549;;;;
G9ENERGY;20,7;;;G9ENERGY_07;1;1,214;0,1549;;;;
G9ENERGY;1,15;1;;G9ENERGY_08;1;0,137;0,1549;;;0,0984;0,104912
G9ENERGY;2,3;2;;G9ENERGY_08;1;0,1962;0,1549;;;0,1274;0,100532
G9ENERGY;3,45;3;;G9ENERGY_08;1;0,236;0,1549;;;0,1783;0,095312
G9ENERGY;4,6;4;;G9ENERGY_08;1;0,3069;0,1549;;;0,2538;0,090216
G9ENERGY;5,75;;;G9ENERGY_08;1;0,3705;0,1549;;;;
G9ENERGY;6,9;;;G9ENERGY_08;1;0,448;0,1549;;;;
G9ENERGY;10,35;;;G9ENERGY_08;1;0,626;0,1549;;;;
G9ENERGY;13,8;;;G9ENERGY_08;1;0,8155;0,1549;;;;
G9ENERGY;17,25;;;G9ENERGY_08;1;1,0073;0,1549;;;;
G9ENERGY;20,7;;;G9ENERGY_08;1;1,214;0,1549;;;;
G9ENERGY;1,15;1;;G9ENERGY_10;1;;;;;0,0818;0,114412
G9ENERGY;1,15;1;;G9ENERGY_10;1;0,1329;0,1524332875;;;;
G9ENERGY;2,3;2;;G9ENERGY_10;1;;;;;0,124;0,10722
G9ENERGY;2,3;2;;G9ENERGY_10;1;0,1858;0,1524332875;;;;
G9ENERGY;3,45;3;;G9ENERGY_10;1;;;;;0,1783;0,103071
G9ENERGY;3,45;3;;G9ENERGY_10;1;0,2387;0,1524332875;;;;
G9ENERGY;4,6;4;;G9ENERGY_10;1;;;;;0,2538;0,101289
G9ENERGY;4,6;4;;G9ENERGY_10;1;0,2916;0,1524332875;;;;
G9ENERGY;5,75;;;G9ENERGY_10;1;0,3445;0,1524332875;;;;
G9ENERGY;6,9;;;G9ENERGY_10;1;0,3974;0,1524332875;;;;
G9ENERGY;10,35;;;G9ENERGY_10;1;0,5561;0,1524332875;;;;
G9ENERGY;13,8;;;G9ENERGY_10;1;0,7148;0,1524332875;;;;
G9ENERGY;17,25;;;G9ENERGY_10;1;0,8735;0,1524332875;;;;
G9ENERGY;20,7;;;G9ENERGY_10;1;1,0322;0,1524332875;;;;
G9ENERGY;1,15;1;;G9ENERGY_12;1;0,1329;0,1524332875;;;;
G9ENERGY;2,3;2;;G9ENERGY_12;1;0,1858;0,1524332875;;;;
G9ENERGY;3,45;3;;G9ENERGY_12;1;0,2387;0,1524332875;;;;
G9ENERGY;4,6;4;;G9ENERGY_12;1;0,2916;0,1524332875;;;;
G9ENERGY;5,75;;;G9ENERGY_12;1;0,3445;0,1524332875;;;;
G9ENERGY;6,9;;;G9ENERGY_12;1;0,3974;0,1524332875;;;;
G9ENERGY;10,35;;;G9ENERGY_12;1;0,5561;0,1524332875;;;;
G9ENERGY;13,8;;;G9ENERGY_12;1;0,7148;0,1524332875;;;;
G9ENERGY;17,25;;;G9ENERGY_12;1;0,8735;0,1524332875;;;;
G9ENERGY;20,7;;;G9ENERGY_12;1;1,0322;0,1524332875;;;;
G9ENERGY;1,15;1;;G9ENERGY_13;1;0,137;0,1549;;;0,0984;0,104912
G9ENERGY;2,3;2;;G9ENERGY_13;1;0,1962;0,1549;;;0,1274;0,100532
G9ENERGY;3,45;3;;G9ENERGY_13;1;0,236;0,1549;;;0,1783;0,095312
G9ENERGY;4,6;4;;G9ENERGY_13;1;0,3069;0,1549;;;0,2538;0,090216
G9ENERGY;5,75;;;G9ENERGY_13;1;0,3705;0,1549;;;;
G9ENERGY;6,9;;;G9ENERGY_13;1;0,448;0,1549;;;;
G9ENERGY;10,35;;;G9ENERGY_13;1;0,626;0,1549;;;;
G9ENERGY;13,8;;;G9ENERGY_13;1;0,8155;0,1549;;;;
G9ENERGY;17,25;;;G9ENERGY_13;1;1,0073;0,1549;;;;
G9ENERGY;20,7;;;G9ENERGY_13;1;1,214;0,1549;;;;
G9ENERGY;1,15;1;;G9ENERGY_14;1;0,137;0,1549;;;0,0984;0,104912
G9ENERGY;2,3;2;;G9ENERGY_14;1;0,1962;0,1549;;;0,1274;0,100532
G9ENERGY;3,45;3;;G9ENERGY_14;1;0,236;0,1549;;;0,1783;0,095312
G9ENERGY;4,6;4;;G9ENERGY_14;1;0,3069;0,1549;;;0,2538;0,090216
G9ENERGY;5,75;;;G9ENERGY_14;1;0,3705;0,1549;;;;
G9ENERGY;6,9;;;G9ENERGY_14;1;0,448;0,1549;;;;
G9ENERGY;10,35;;;G9ENERGY_14;1;0,626;0,1549;;;;
G9ENERGY;13,8;;;G9ENERGY_14;1;0,8155;0,1549;;;;
G9ENERGY;17,25;;;G9ENERGY_14;1;1,0073;0,1549;;;;
G9ENERGY;20,7;;;G9ENERGY_14;1;1,214;0,1549;;;;
G9ENERGY;1,15;1;;G9ENERGY_15;1;;;;;0,0984;0,104912
G9ENERGY;2,3;2;;G9ENERGY_15;1;;;;;0,1274;0,100532
G9ENERGY;3,45;3;;G9ENERGY_15;1;;;;;0,1783;0,095312
G9ENERGY;4,6;4;;G9ENERGY_15;1;;;;;0,2538;0,090216
G9ENERGY;1,15;;;G9ENERGY_01;2;0,137;0,1861;0,1162;;;
G9ENERGY;2,3;;;G9ENERGY_01;2;0,1962;0,1861;0,1162;;;
G9ENERGY;3,45;;;G9ENERGY_01;2;0,236;0,1861;0,1162;;;
G9ENERGY;4,6;;;G9ENERGY_01;2;0,3069;0,1861;0,1162;;;
G9ENERGY;5,75;;;G9ENERGY_01;2;0,3705;0,1861;0,1162;;;
G9ENERGY;6,9;;;G9ENERGY_01;2;0,448;0,1861;0,1162;;;
G9ENERGY;10,35;;;G9ENERGY_01;2;0,626;0,1861;0,1162;;;
G9ENERGY;13,8;;;G9ENERGY_01;2;0,8155;0,1861;0,1162;;;
G9ENERGY;17,25;;;G9ENERGY_01;2;1,0073;0,1861;0,1162;;;
G9ENERGY;20,7;;;G9ENERGY_01;2;1,214;0,1861;0,1162;;;
G9ENERGY;1,15;;;G9ENERGY_02;2;0,137;0,1861;0,1162;;;
G9ENERGY;2,3;;;G9ENERGY_02;2;0,1962;0,1861;0,1162;;;
G9ENERGY;3,45;;;G9ENERGY_02;2;0,236;0,1861;0,1162;;;
G9ENERGY;4,6;;;G9ENERGY_02;2;0,3069;0,1861;0,1162;;;
G9ENERGY;5,75;;;G9ENERGY_02;2;0,3705;0,1861;0,1162;;;
G9ENERGY;6,9;;;G9ENERGY_02;2;0,448;0,1861;0,1162;;;
G9ENERGY;10,35;;;G9ENERGY_02;2;0,626;0,1861;0,1162;;;
G9ENERGY;13,8;;;G9ENERGY_02;2;0,8155;0,1861;0,1162;;;
G9ENERGY;17,25;;;G9ENERGY_02;2;1,0073;0,1861;0,1162;;;
G9ENERGY;20,7;;;G9ENERGY_02;2;1,214;0,1861;0,1162;;;
G9ENERGY;1,15;;;G9ENERGY_03;2;0,137;0,1861;0,1162;;;
G9ENERGY;2,3;;;G9ENERGY_03;2;0,1962;0,1861;0,1162;;;
G9ENERGY;3,45;;;G9ENERGY_03;2;0,236;0,1861;0,1162;;;
G9ENERGY;4,6;;;G9ENERGY_03;2;0,3069;0,1861;0,1162;;;
G9ENERGY;5,75;;;G9ENERGY_03;2;0,3705;0,1861;0,1162;;;
G9ENERGY;6,9;;;G9ENERGY_03;2;0,448;0,1861;0,1162;;;
G9ENERGY;10,35;;;G9ENERGY_03;2;0,626;0,1861;0,1162;;;
G9ENERGY;13,8;;;G9ENERGY_03;2;0,8155;0,1861;0,1162;;;
G9ENERGY;17,25;;;G9ENERGY_03;2;1,0073;0,1861;0,1162;;;
G9ENERGY;20,7;;;G9ENERGY_03;2;1,214;0,1861;0,1162;;;
G9ENERGY;1,15;;;G9ENERGY_04;2;0,137;0,1861;0,1162;;;
G9ENERGY;2,3;;;G9ENERGY_04;2;0,1962;0,1861;0,1162;;;
G9ENERGY;3,45;;;G9ENERGY_04;2;0,236;0,1861;0,1162;;;
G9ENERGY;4,6;;;G9ENERGY_04;2;0,3069;0,1861;0,1162;;;
G9ENERGY;5,75;;;G9ENERGY_04;2;0,3705;0,1861;0,1162;;;
G9ENERGY;6,9;;;G9ENERGY_04;2;0,448;0,1861;0,1162;;;
G9ENERGY;10,35;;;G9ENERGY_04;2;0,626;0,1861;0,1162;;;
G9ENERGY;13,8;;;G9ENERGY_04;2;0,8155;0,1861;0,1162;;;
G9ENERGY;17,25;;;G9ENERGY_04;2;1,0073;0,1861;0,1162;;;
G9ENERGY;20,7;;;G9ENERGY_04;2;1,214;0,1861;0,1162;;;
G9ENERGY;1,15;;;G9ENERGY_05;2;0,137;0,1861;0,1162;;;
G9ENERGY;2,3;;;G9ENERGY_05;2;0,1962;0,1861;0,1162;;;
G9ENERGY;3,45;;;G9ENERGY_05;2;0,236;0,1861;0,1162;;;
G9ENERGY;4,6;;;G9ENERGY_05;2;0,3069;0,1861;0,1162;;;
G9ENERGY;5,75;;;G9ENERGY_05;2;0,3705;0,1861;0,1162;;;
G9ENERGY;6,9;;;G9ENERGY_05;2;0,448;0,1861;0,1162;;;
G9ENERGY;10,35;;;G9ENERGY_05;2;0,626;0,1861;0,1162;;;
G9ENERGY;13,8;;;G9ENERGY_05;2;0,8155;0,1861;0,1162;;;
G9ENERGY;17,25;;;G9ENERGY_05;2;1,0073;0,1861;0,1162;;;
G9ENERGY;20,7;;;G9ENERGY_05;2;1,214;0,1861;0,1162;;;
G9ENERGY;1,15;;;G9ENERGY_06;2;0,137;0,1861;0,1162;;;
G9ENERGY;2,3;;;G9ENERGY_06;2;0,1962;0,1861;0,1162;;;
G9ENERGY;3,45;;;G9ENERGY_06;2;0,236;0,1861;0,1162;;;
G9ENERGY;4,6;;;G9ENERGY_06;2;0,3069;0,1861;0,1162;;;
G9ENERGY;5,75;;;G9ENERGY_06;2;0,3705;0,1861;0,1162;;;
G9ENERGY;6,9;;;G9ENERGY_06;2;0,448;0,1861;0,1162;;;
G9ENERGY;10,35;;;G9ENERGY_06;2;0,626;0,1861;0,1162;;;
G9ENERGY;13,8;;;G9ENERGY_06;2;0,8155;0,1861;0,1162;;;
G9ENERGY;17,25;;;G9ENERGY_06;2;1,0073;0,1861;0,1162;;;
G9ENERGY;20,7;;;G9ENERGY_06;2;1,214;0,1861;0,1162;;;
G9ENERGY;1,15;;;G9ENERGY_07;2;0,137;0,1861;0,1162;;;
G9ENERGY;2,3;;;G9ENERGY_07;2;0,1962;0,1861;0,1162;;;
G9ENERGY;3,45;;;G9ENERGY_07;2;0,236;0,1861;0,1162;;;
G9ENERGY;4,6;;;G9ENERGY_07;2;0,3069;0,1861;0,1162;;;
G9ENERGY;5,75;;;G9ENERGY_07;2;0,3705;0,1861;0,1162;;;
G9ENERGY;6,9;;;G9ENERGY_07;2;0,448;0,1861;0,1162;;;
G9ENERGY;10,35;;;G9ENERGY_07;2;0,626;0,1861;0,1162;;;
G9ENERGY;13,8;;;G9ENERGY_07;2;0,8155;0,1861;0,1162;;;
G9ENERGY;17,25;;;G9ENERGY_07;2;1,0073;0,1861;0,1162;;;
G9ENERGY;20,7;;;G9ENERGY_07;2;1,214;0,1861;0,1162;;;
G9ENERGY;1,15;;;G9ENERGY_08;2;0,137;0,1861;0,1162;;;
G9ENERGY;2,3;;;G9ENERGY_08;2;0,1962;0,1861;0,1162;;;
G9ENERGY;3,45;;;G9ENERGY_08;2;0,236;0,1861;0,1162;;;
G9ENERGY;4,6;;;G9ENERGY_08;2;0,3069;0,1861;0,1162;;;
G9ENERGY;5,75;;;G9ENERGY_08;2;0,3705;0,1861;0,1162;;;
G9ENERGY;6,9;;;G9ENERGY_08;2;0,448;0,1861;0,1162;;;
G9ENERGY;10,35;;;G9ENERGY_08;2;0,626;0,1861;0,1162;;;
G9ENERGY;13,8;;;G9ENERGY_08;2;0,8155;0,1861;0,1162;;;
G9ENERGY;17,25;;;G9ENERGY_08;2;1,0073;0,1861;0,1162;;;
G9ENERGY;20,7;;;G9ENERGY_08;2;1,214;0,1861;0,1162;;;
G9ENERGY;1,15;;;G9ENERGY_10;2;0,1329;0,176012568571429;0,106522294;;;
G9ENERGY;2,3;;;G9ENERGY_10;2;0,1858;0,176012568571429;0,106522294;;;
G9ENERGY;3,45;;;G9ENERGY_10;2;0,2387;0,176012568571429;0,106522294;;;
G9ENERGY;4,6;;;G9ENERGY_10;2;0,2916;0,176012568571429;0,106522294;;;
G9ENERGY;5,75;;;G9ENERGY_10;2;0,3445;0,176012568571429;0,106522294;;;
G9ENERGY;6,9;;;G9ENERGY_10;2;0,3974;0,176012568571429;0,106522294;;;
G9ENERGY;10,35;;;G9ENERGY_10;2;0,5561;0,176012568571429;0,106522294;;;
G9ENERGY;13,8;;;G9ENERGY_10;2;0,7148;0,176012568571429;0,106522294;;;
G9ENERGY;17,25;;;G9ENERGY_10;2;0,8735;0,176012568571429;0,106522294;;;
G9ENERGY;20,7;;;G9ENERGY_10;2;1,0322;0,176012568571429;0,106522294;;;
G9ENERGY;1,15;;;G9ENERGY_12;2;0,1329;0,176012568571429;0,106522294;;;
G9ENERGY;2,3;;;G9ENERGY_12;2;0,1858;0,176012568571429;0,106522294;;;
G9ENERGY;3,45;;;G9ENERGY_12;2;0,2387;0,176012568571429;0,106522294;;;
G9ENERGY;4,6;;;G9ENERGY_12;2;0,2916;0,176012568571429;0,106522294;;;
G9ENERGY;5,75;;;G9ENERGY_12;2;0,3445;0,176012568571429;0,106522294;;;
G9ENERGY;6,9;;;G9ENERGY_12;2;0,3974;0,176012568571429;0,106522294;;;
G9ENERGY;10,35;;;G9ENERGY_12;2;0,5561;0,176012568571429;0,106522294;;;
G9ENERGY;13,8;;;G9ENERGY_12;2;0,7148;0,176012568571429;0,106522294;;;
G9ENERGY;17,25;;;G9ENERGY_12;2;0,8735;0,176012568571429;0,106522294;;;
G9ENERGY;20,7;;;G9ENERGY_12;2;1,0322;0,176012568571429;0,106522294;;;
G9ENERGY;1,15;;;G9ENERGY_13;2;0,137;0,1861;0,1162;;;
G9ENERGY;2,3;;;G9ENERGY_13;2;0,1962;0,1861;0,1162;;;
G9ENERGY;3,45;;;G9ENERGY_13;2;0,236;0,1861;0,1162;;;
G9ENERGY;4,6;;;G9ENERGY_13;2;0,3069;0,1861;0,1162;;;
G9ENERGY;5,75;;;G9ENERGY_13;2;0,3705;0,1861;0,1162;;;
G9ENERGY;6,9;;;G9ENERGY_13;2;0,448;0,1861;0,1162;;;
G9ENERGY;10,35;;;G9ENERGY_13;2;0,626;0,1861;0,1162;;;
G9ENERGY;13,8;;;G9ENERGY_13;2;0,8155;0,1861;0,1162;;;
G9ENERGY;17,25;;;G9ENERGY_13;2;1,0073;0,1861;0,1162;;;
G9ENERGY;20,7;;;G9ENERGY_13;2;1,214;0,1861;0,1162;;;
G9ENERGY;1,15;;;G9ENERGY_14;2;0,137;0,1861;0,1162;;;
G9ENERGY;2,3;;;G9ENERGY_14;2;0,1962;0,1861;0,1162;;;
G9ENERGY;3,45;;;G9ENERGY_14;2;0,236;0,1861;0,1162;;;
G9ENERGY;4,6;;;G9ENERGY_14;2;0,3069;0,1861;0,1162;;;
G9ENERGY;5,75;;;G9ENERGY_14;2;0,3705;0,1861;0,1162;;;
G9ENERGY;6,9;;;G9ENERGY_14;2;0,448;0,1861;0,1162;;;
G9ENERGY;10,35;;;G9ENERGY_14;2;0,626;0,1861;0,1162;;;
G9ENERGY;13,8;;;G9ENERGY_14;2;0,8155;0,1861;0,1162;;;
G9ENERGY;17,25;;;G9ENERGY_14;2;1,0073;0,1861;0,1162;;;
G9ENERGY;20,7;;;G9ENERGY_14;2;1,214;0,1861;0,1162;;;
G9ENERGY;1,15;;;G9ENERGY_01;3;0,137;0,3624;0,162;0,1133;;
G9ENERGY;2,3;;;G9ENERGY_01;3;0,1962;0,3624;0,162;0,1133;;
G9ENERGY;3,45;;;G9ENERGY_01;3;0,236;0,3624;0,162;0,1133;;
G9ENERGY;4,6;;;G9ENERGY_01;3;0,3069;0,3624;0,162;0,1133;;
G9ENERGY;5,75;;;G9ENERGY_01;3;0,3705;0,3624;0,162;0,1133;;
G9ENERGY;6,9;;;G9ENERGY_01;3;0,448;0,3624;0,162;0,1133;;
G9ENERGY;10,35;;;G9ENERGY_01;3;0,626;0,3624;0,162;0,1133;;
G9ENERGY;13,8;;;G9ENERGY_01;3;0,8155;0,3624;0,162;0,1133;;
G9ENERGY;17,25;;;G9ENERGY_01;3;1,0073;0,3624;0,162;0,1133;;
G9ENERGY;20,7;;;G9ENERGY_01;3;1,214;0,3624;0,162;0,1133;;
G9ENERGY;27,6;;;G9ENERGY_01;3;1,4039;0,3719;0,1721;0,1228;;
G9ENERGY;34,5;;;G9ENERGY_01;3;1,755;0,3719;0,1721;0,1228;;
G9ENERGY;41,4;;;G9ENERGY_01;3;2,1061;0,3719;0,1721;0,1228;;
G9ENERGY;1,15;;;G9ENERGY_02;3;0,137;0,3624;0,162;0,1133;;
G9ENERGY;2,3;;;G9ENERGY_02;3;0,1962;0,3624;0,162;0,1133;;
G9ENERGY;3,45;;;G9ENERGY_02;3;0,236;0,3624;0,162;0,1133;;
G9ENERGY;4,6;;;G9ENERGY_02;3;0,3069;0,3624;0,162;0,1133;;
G9ENERGY;5,75;;;G9ENERGY_02;3;0,3705;0,3624;0,162;0,1133;;
G9ENERGY;6,9;;;G9ENERGY_02;3;0,448;0,3624;0,162;0,1133;;
G9ENERGY;10,35;;;G9ENERGY_02;3;0,626;0,3624;0,162;0,1133;;
G9ENERGY;13,8;;;G9ENERGY_02;3;0,8155;0,3624;0,162;0,1133;;
G9ENERGY;17,25;;;G9ENERGY_02;3;1,0073;0,3624;0,162;0,1133;;
G9ENERGY;20,7;;;G9ENERGY_02;3;1,214;0,3624;0,162;0,1133;;
G9ENERGY;27,6;;;G9ENERGY_02;3;1,4039;0,3719;0,1721;0,1228;;
G9ENERGY;34,5;;;G9ENERGY_02;3;1,755;0,3719;0,1721;0,1228;;
G9ENERGY;41,4;;;G9ENERGY_02;3;2,1061;0,3719;0,1721;0,1228;;
G9ENERGY;1,15;;;G9ENERGY_03;3;0,137;0,3624;0,162;0,1133;;
G9ENERGY;2,3;;;G9ENERGY_03;3;0,1962;0,3624;0,162;0,1133;;
G9ENERGY;3,45;;;G9ENERGY_03;3;0,236;0,3624;0,162;0,1133;;
G9ENERGY;4,6;;;G9ENERGY_03;3;0,3069;0,3624;0,162;0,1133;;
G9ENERGY;5,75;;;G9ENERGY_03;3;0,3705;0,3624;0,162;0,1133;;
G9ENERGY;6,9;;;G9ENERGY_03;3;0,448;0,3624;0,162;0,1133;;
G9ENERGY;10,35;;;G9ENERGY_03;3;0,626;0,3624;0,162;0,1133;;
G9ENERGY;13,8;;;G9ENERGY_03;3;0,8155;0,3624;0,162;0,1133;;
G9ENERGY;17,25;;;G9ENERGY_03;3;1,0073;0,3624;0,162;0,1133;;
G9ENERGY;20,7;;;G9ENERGY_03;3;1,214;0,3624;0,162;0,1133;;
G9ENERGY;27,6;;;G9ENERGY_03;3;1,4039;0,3719;0,1721;0,1228;;
G9ENERGY;34,5;;;G9ENERGY_03;3;1,755;0,3719;0,1721;0,1228;;
G9ENERGY;41,4;;;G9ENERGY_03;3;2,1061;0,3719;0,1721;0,1228;;
G9ENERGY;1,15;;;G9ENERGY_04;3;0,137;0,3624;0,162;0,1133;;
G9ENERGY;2,3;;;G9ENERGY_04;3;0,1962;0,3624;0,162;0,1133;;
G9ENERGY;3,45;;;G9ENERGY_04;3;0,236;0,3624;0,162;0,1133;;
G9ENERGY;4,6;;;G9ENERGY_04;3;0,3069;0,3624;0,162;0,1133;;
G9ENERGY;5,75;;;G9ENERGY_04;3;0,3705;0,3624;0,162;0,1133;;
G9ENERGY;6,9;;;G9ENERGY_04;3;0,448;0,3624;0,162;0,1133;;
G9ENERGY;10,35;;;G9ENERGY_04;3;0,626;0,3624;0,162;0,1133;;
G9ENERGY;13,8;;;G9ENERGY_04;3;0,8155;0,3624;0,162;0,1133;;
G9ENERGY;17,25;;;G9ENERGY_04;3;1,0073;0,3624;0,162;0,1133;;
G9ENERGY;20,7;;;G9ENERGY_04;3;1,214;0,3624;0,162;0,1133;;
G9ENERGY;27,6;;;G9ENERGY_04;3;1,4039;0,3719;0,1721;0,1228;;
G9ENERGY;34,5;;;G9ENERGY_04;3;1,755;0,3719;0,1721;0,1228;;
G9ENERGY;41,4;;;G9ENERGY_04;3;2,1061;0,3719;0,1721;0,1228;;
G9ENERGY;1,15;;;G9ENERGY_05;3;0,137;0,3624;0,162;0,1133;;
G9ENERGY;2,3;;;G9ENERGY_05;3;0,1962;0,3624;0,162;0,1133;;
G9ENERGY;3,45;;;G9ENERGY_05;3;0,236;0,3624;0,162;0,1133;;
G9ENERGY;4,6;;;G9ENERGY_05;3;0,3069;0,3624;0,162;0,1133;;
G9ENERGY;5,75;;;G9ENERGY_05;3;0,3705;0,3624;0,162;0,1133;;
G9ENERGY;6,9;;;G9ENERGY_05;3;0,448;0,3624;0,162;0,1133;;
G9ENERGY;10,35;;;G9ENERGY_05;3;0,626;0,3624;0,162;0,1133;;
G9ENERGY;13,8;;;G9ENERGY_05;3;0,8155;0,3624;0,162;0,1133;;
G9ENERGY;17,25;;;G9ENERGY_05;3;1,0073;0,3624;0,162;0,1133;;
G9ENERGY;20,7;;;G9ENERGY_05;3;1,214;0,3624;0,162;0,1133;;
G9ENERGY;27,6;;;G9ENERGY_05;3;1,4039;0,3719;0,1721;0,1228;;
G9ENERGY;34,5;;;G9ENERGY_05;3;1,755;0,3719;0,1721;0,1228;;
G9ENERGY;41,4;;;G9ENERGY_05;3;2,1061;0,3719;0,1721;0,1228;;
G9ENERGY;1,15;;;G9ENERGY_06;3;0,137;0,3624;0,162;0,1133;;
G9ENERGY;2,3;;;G9ENERGY_06;3;0,1962;0,3624;0,162;0,1133;;
G9ENERGY;3,45;;;G9ENERGY_06;3;0,236;0,3624;0,162;0,1133;;
G9ENERGY;4,6;;;G9ENERGY_06;3;0,3069;0,3624;0,162;0,1133;;
G9ENERGY;5,75;;;G9ENERGY_06;3;0,3705;0,3624;0,162;0,1133;;
G9ENERGY;6,9;;;G9ENERGY_06;3;0,448;0,3624;0,162;0,1133;;
G9ENERGY;10,35;;;G9ENERGY_06;3;0,626;0,3624;0,162;0,1133;;
G9ENERGY;13,8;;;G9ENERGY_06;3;0,8155;0,3624;0,162;0,1133;;
G9ENERGY;17,25;;;G9ENERGY_06;3;1,0073;0,3624;0,162;0,1133;;
G9ENERGY;20,7;;;G9ENERGY_06;3;1,214;0,3624;0,162;0,1133;;
G9ENERGY;27,6;;;G9ENERGY_06;3;1,4039;0,3719;0,1721;0,1228;;
G9ENERGY;34,5;;;G9ENERGY_06;3;1,755;0,3719;0,1721;0,1228;;
G9ENERGY;41,4;;;G9ENERGY_06;3;2,1061;0,3719;0,1721;0,1228;;
G9ENERGY;1,15;;;G9ENERGY_07;3;0,137;0,3624;0,162;0,1133;;
G9ENERGY;2,3;;;G9ENERGY_07;3;0,1962;0,3624;0,162;0,1133;;
G9ENERGY;3,45;;;G9ENERGY_07;3;0,236;0,3624;0,162;0,1133;;
G9ENERGY;4,6;;;G9ENERGY_07;3;0,3069;0,3624;0,162;0,1133;;
G9ENERGY;5,75;;;G9ENERGY_07;3;0,3705;0,3624;0,162;0,1133;;
G9ENERGY;6,9;;;G9ENERGY_07;3;0,448;0,3624;0,162;0,1133;;
G9ENERGY;10,35;;;G9ENERGY_07;3;0,626;0,3624;0,162;0,1133;;
G9ENERGY;13,8;;;G9ENERGY_07;3;0,8155;0,3624;0,162;0,1133;;
G9ENERGY;17,25;;;G9ENERGY_07;3;1,0073;0,3624;0,162;0,1133;;
G9ENERGY;20,7;;;G9ENERGY_07;3;1,214;0,3624;0,162;0,1133;;
G9ENERGY;27,6;;;G9ENERGY_07;3;1,4039;0,3719;0,1721;0,1228;;
G9ENERGY;34,5;;;G9ENERGY_07;3;1,755;0,3719;0,1721;0,1228;;
G9ENERGY;41,4;;;G9ENERGY_07;3;2,1061;0,3719;0,1721;0,1228;;
G9ENERGY;1,15;;;G9ENERGY_08;3;0,137;0,3624;0,162;0,1133;;
G9ENERGY;2,3;;;G9ENERGY_08;3;0,1962;0,3624;0,162;0,1133;;
G9ENERGY;3,45;;;G9ENERGY_08;3;0,236;0,3624;0,162;0,1133;;
G9ENERGY;4,6;;;G9ENERGY_08;3;0,3069;0,3624;0,162;0,1133;;
G9ENERGY;5,75;;;G9ENERGY_08;3;0,3705;0,3624;0,162;0,1133;;
G9ENERGY;6,9;;;G9ENERGY_08;3;0,448;0,3624;0,162;0,1133;;
G9ENERGY;10,35;;;G9ENERGY_08;3;0,626;0,3624;0,162;0,1133;;
G9ENERGY;13,8;;;G9ENERGY_08;3;0,8155;0,3624;0,162;0,1133;;
G9ENERGY;17,25;;;G9ENERGY_08;3;1,0073;0,3624;0,162;0,1133;;
G9ENERGY;20,7;;;G9ENERGY_08;3;1,214;0,3624;0,162;0,1133;;
G9ENERGY;27,6;;;G9ENERGY_08;3;1,4039;0,3719;0,1721;0,1228;;
G9ENERGY;34,5;;;G9ENERGY_08;3;1,755;0,3719;0,1721;0,1228;;
G9ENERGY;41,4;;;G9ENERGY_08;3;2,1061;0,3719;0,1721;0,1228;;
G9ENERGY;1,15;;;G9ENERGY_10;3;0,1329;0,34038869;0,13162212;0,106522294;;
G9ENERGY;2,3;;;G9ENERGY_10;3;0,1858;0,34038869;0,13162212;0,106522294;;
G9ENERGY;3,45;;;G9ENERGY_10;3;0,2387;0,34038869;0,13162212;0,106522294;;
G9ENERGY;4,6;;;G9ENERGY_10;3;0,2916;0,34038869;0,13162212;0,106522294;;
G9ENERGY;5,75;;;G9ENERGY_10;3;0,3445;0,34038869;0,13162212;0,106522294;;
G9ENERGY;6,9;;;G9ENERGY_10;3;0,3974;0,34038869;0,13162212;0,106522294;;
G9ENERGY;10,35;;;G9ENERGY_10;3;0,5561;0,34038869;0,13162212;0,106522294;;
G9ENERGY;13,8;;;G9ENERGY_10;3;0,7148;0,34038869;0,13162212;0,106522294;;
G9ENERGY;17,25;;;G9ENERGY_10;3;0,8735;0,34038869;0,13162212;0,106522294;;
G9ENERGY;20,7;;;G9ENERGY_10;3;1,0322;0,34038869;0,13162212;0,106522294;;
G9ENERGY;27,6;;;G9ENERGY_10;3;1,2999;0,34028869;0,14362212;0,105722294;;
G9ENERGY;34,5;;;G9ENERGY_10;3;1,6049;0,34028869;0,14362212;0,105722294;;
G9ENERGY;41,4;;;G9ENERGY_10;3;1,9099;0,34028869;0,14362212;0,105722294;;
G9ENERGY;1,15;;;G9ENERGY_12;3;0,1329;0,34038869;0,13162212;0,106522294;;
G9ENERGY;2,3;;;G9ENERGY_12;3;0,1858;0,34038869;0,13162212;0,106522294;;
G9ENERGY;3,45;;;G9ENERGY_12;3;0,2387;0,34038869;0,13162212;0,106522294;;
G9ENERGY;4,6;;;G9ENERGY_12;3;0,2916;0,34038869;0,13162212;0,106522294;;
G9ENERGY;5,75;;;G9ENERGY_12;3;0,3445;0,34038869;0,13162212;0,106522294;;
G9ENERGY;6,9;;;G9ENERGY_12;3;0,3974;0,34038869;0,13162212;0,106522294;;
G9ENERGY;10,35;;;G9ENERGY_12;3;0,5561;0,34038869;0,13162212;0,106522294;;
G9ENERGY;13,8;;;G9ENERGY_12;3;0,7148;0,34038869;0,13162212;0,106522294;;
G9ENERGY;17,25;;;G9ENERGY_12;3;0,8735;0,34038869;0,13162212;0,106522294;;
G9ENERGY;20,7;;;G9ENERGY_12;3;1,0322;0,34038869;0,13162212;0,106522294;;
G9ENERGY;27,6;;;G9ENERGY_12;3;1,2999;0,34028869;0,14362212;0,105722294;;
G9ENERGY;34,5;;;G9ENERGY_12;3;1,6049;0,34028869;0,14362212;0,105722294;;
G9ENERGY;41,4;;;G9ENERGY_12;3;1,9099;0,34028869;0,14362212;0,105722294;;
G9ENERGY;1,15;;;G9ENERGY_13;3;0,137;0,3624;0,162;0,1133;;
G9ENERGY;2,3;;;G9ENERGY_13;3;0,1962;0,3624;0,162;0,1133;;
G9ENERGY;3,45;;;G9ENERGY_13;3;0,236;0,3624;0,162;0,1133;;
G9ENERGY;4,6;;;G9ENERGY_13;3;0,3069;0,3624;0,162;0,1133;;
G9ENERGY;5,75;;;G9ENERGY_13;3;0,3705;0,3624;0,162;0,1133;;
G9ENERGY;6,9;;;G9ENERGY_13;3;0,448;0,3624;0,162;0,1133;;
G9ENERGY;10,35;;;G9ENERGY_13;3;0,626;0,3624;0,162;0,1133;;
G9ENERGY;13,8;;;G9ENERGY_13;3;0,8155;0,3624;0,162;0,1133;;
G9ENERGY;17,25;;;G9ENERGY_13;3;1,0073;0,3624;0,162;0,1133;;
G9ENERGY;20,7;;;G9ENERGY_13;3;1,214;0,3624;0,162;0,1133;;
G9ENERGY;27,6;;;G9ENERGY_13;3;1,4039;0,3719;0,1721;0,1228;;
G9ENERGY;34,5;;;G9ENERGY_13;3;1,755;0,3719;0,1721;0,1228;;
G9ENERGY;41,4;;;G9ENERGY_13;3;2,1061;0,3719;0,1721;0,1228;;
G9ENERGY;1,15;;;G9ENERGY_14;3;0,137;0,3624;0,162;0,1133;;
G9ENERGY;2,3;;;G9ENERGY_14;3;0,1962;0,3624;0,162;0,1133;;
G9ENERGY;3,45;;;G9ENERGY_14;3;0,236;0,3624;0,162;0,1133;;
G9ENERGY;4,6;;;G9ENERGY_14;3;0,3069;0,3624;0,162;0,1133;;
G9ENERGY;5,75;;;G9ENERGY_14;3;0,3705;0,3624;0,162;0,1133;;
G9ENERGY;6,9;;;G9ENERGY_14;3;0,448;0,3624;0,162;0,1133;;
G9ENERGY;10,35;;;G9ENERGY_14;3;0,626;0,3624;0,162;0,1133;;
G9ENERGY;13,8;;;G9ENERGY_14;3;0,8155;0,3624;0,162;0,1133;;
G9ENERGY;17,25;;;G9ENERGY_14;3;1,0073;0,3624;0,162;0,1133;;
G9ENERGY;20,7;;;G9ENERGY_14;3;1,214;0,3624;0,162;0,1133;;
G9ENERGY;27,6;;;G9ENERGY_14;3;1,4039;0,3719;0,1721;0,1228;;
G9ENERGY;34,5;;;G9ENERGY_14;3;1,755;0,3719;0,1721;0,1228;;
G9ENERGY;41,4;;;G9ENERGY_14;3;2,1061;0,3719;0,1721;0,1228;;
GALP;1,15;1;;GALP_01;1;0,18581409717;0,1835970075056;;;;
GALP;2,3;2;;GALP_01;1;0,2300129535885;0,1835970075056;;;;
GALP;3,45;3;;GALP_01;1;0,2834560992256;0,148945799644773;;;;
GALP;4,6;4;;GALP_01;1;0,3311261635968;0,148945799644773;;;;
GALP;5,75;;;GALP_01;1;0,4029721492992;0,148945799644773;;;;
GALP;6,9;;;GALP_01;1;0,532260498768;0,156746027702634;;;;
GALP;10,35;;;GALP_01;1;0,7170880691556;0,156739372134048;;;;
GALP;13,8;;;GALP_01;1;0,924276013743;0,178683620616992;;;;
GALP;17,25;;;GALP_01;1;1,126799345769;0,178683620616992;;;;
GALP;20,7;;;GALP_01;1;1,4054413228215;0,178683620616992;;;;
GALP;1,15;1;;GALP_02;1;0,181774660275;0,179605768212;;;;
GALP;2,3;2;;GALP_02;1;0,22501267198875;0,179605768212;;;;
GALP;3,45;3;;GALP_02;1;0,277294010112;0,145707847478582;;;;
GALP;4,6;4;;GALP_02;1;0,323927768736;0,145707847478582;;;;
GALP;5,75;;;GALP_02;1;0,394211885184;0,145707847478582;;;;
GALP;6,9;;;GALP_02;1;0,52068961836;0,153338505361272;;;;
GALP;10,35;;;GALP_02;1;0,701499198087;0,15333199447896;;;;
GALP;13,8;;;GALP_02;1;0,9041830569225;0,17479919408184;;;;
GALP;17,25;;;GALP_02;1;1,1023037078175;0,17479919408184;;;;
GALP;20,7;;;GALP_02;1;1,37488825058625;0,17479919408184;;;;
GALP;1,15;1;;GALP_03;1;0,18581409717;0,1835970075056;;;;
GALP;2,3;2;;GALP_03;1;0,2300129535885;0,1835970075056;;;;
GALP;3,45;3;;GALP_03;1;0,2834560992256;0,148945799644773;;;;
GALP;4,6;4;;GALP_03;1;0,3311261635968;0,148945799644773;;;;
GALP;5,75;;;GALP_03;1;0,4029721492992;0,148945799644773;;;;
GALP;6,9;;;GALP_03;1;0,532260498768;0,156746027702634;;;;
GALP;10,35;;;GALP_03;1;0,7170880691556;0,156739372134048;;;;
GALP;13,8;;;GALP_03;1;0,924276013743;0,178683620616992;;;;
GALP;17,25;;;GALP_03;1;1,126799345769;0,178683620616992;;;;
GALP;20,7;;;GALP_03;1;1,4054413228215;0,178683620616992;;;;
GALP;1,15;1;;GALP_04;1;0,18581409717;0,1835970075056;;;;
GALP;2,3;2;;GALP_04;1;0,2300129535885;0,1835970075056;;;;
GALP;3,45;3;;GALP_04;1;0,2834560992256;0,148945799644773;;;;
GALP;4,6;4;;GALP_04;1;0,3311261635968;0,148945799644773;;;;
GALP;5,75;;;GALP_04;1;0,4029721492992;0,148945799644773;;;;
GALP;6,9;;;GALP_04;1;0,532260498768;0,156746027702634;;;;
GALP;10,35;;;GALP_04;1;0,7170880691556;0,156739372134048;;;;
GALP;13,8;;;GALP_04;1;0,924276013743;0,178683620616992;;;;
GALP;17,25;;;GALP_04;1;1,126799345769;0,178683620616992;;;;
GALP;20,7;;;GALP_04;1;1,4054413228215;0,178683620616992;;;;
GALP;1,15;1;;GALP_05;1;0,181774660275;0,179605768212;;;;
GALP;2,3;2;;GALP_05;1;0,22501267198875;0,179605768212;;;;
GALP;3,45;3;;GALP_05;1;0,277294010112;0,145707847478582;;;;
GALP;4,6;4;;GALP_05;1;0,323927768736;0,145707847478582;;;;
GALP;5,75;;;GALP_05;1;0,394211885184;0,145707847478582;;;;
GALP;6,9;;;GALP_05;1;0,52068961836;0,153338505361272;;;;
GALP;10,35;;;GALP_05;1;0,701499198087;0,15333199447896;;;;
GALP;13,8;;;GALP_05;1;0,9041830569225;0,17479919408184;;;;
GALP;17,25;;;GALP_05;1;1,1023037078175;0,17479919408184;;;;
GALP;20,7;;;GALP_05;1;1,37488825058625;0,17479919408184;;;;
GALP;1,15;1;;GALP_06;1;0,17773522338;0,1756145289184;;;;
GALP;2,3;2;;GALP_06;1;0,220012390389;0,1756145289184;;;;
GALP;3,45;3;;GALP_06;1;0,2711319209984;0,142469895312392;;;;
GALP;4,6;4;;GALP_06;1;0,3167293738752;0,142469895312392;;;;
GALP;5,75;;;GALP_06;1;0,3854516210688;0,142469895312392;;;;
GALP;6,9;;;GALP_06;1;0,509118737952;0,14993098301991;;;;
GALP;10,35;;;GALP_06;1;0,6859103270184;0,149924616823872;;;;
GALP;13,8;;;GALP_06;1;0,884090100102;0,170914767546688;;;;
GALP;17,25;;;GALP_06;1;1,077808069866;0,170914767546688;;;;
GALP;20,7;;;GALP_06;1;1,344335178351;0,170914767546688;;;;
GALP;1,15;1;;GALP_07;1;0,181774660275;0,179605768212;;;;
GALP;2,3;2;;GALP_07;1;0,22501267198875;0,179605768212;;;;
GALP;3,45;3;;GALP_07;1;0,277294010112;0,145707847478582;;;;
GALP;4,6;4;;GALP_07;1;0,323927768736;0,145707847478582;;;;
GALP;5,75;;;GALP_07;1;0,394211885184;0,145707847478582;;;;
GALP;6,9;;;GALP_07;1;0,52068961836;0,153338505361272;;;;
GALP;10,35;;;GALP_07;1;0,701499198087;0,15333199447896;;;;
GALP;13,8;;;GALP_07;1;0,9041830569225;0,17479919408184;;;;
GALP;17,25;;;GALP_07;1;1,1023037078175;0,17479919408184;;;;
GALP;20,7;;;GALP_07;1;1,37488825058625;0,17479919408184;;;;
GALP;1,15;1;;GALP_08;1;0,20197184475;0,19956196468;;;0,11084016;0,119387475
GALP;2,3;2;;GALP_08;1;0,2500140799875;0,19956196468;;;0,201027568;0,118342647155
GALP;3,45;3;;GALP_08;1;0,30810445568;0,161897608309536;;;0,29329928;0,11689749372
GALP;4,6;4;;GALP_08;1;0,35991974304;0,161897608309536;;;0,4651768;0,11498806177
GALP;5,75;;;GALP_08;1;0,43801320576;0,161897608309536;;;;
GALP;6,9;;;GALP_08;1;0,5785440204;0,17037611706808;;;;
GALP;10,35;;;GALP_08;1;0,77944355343;0,1703688827544;;;;
GALP;13,8;;;GALP_08;1;1,004647841025;0,1942213267576;;;;
GALP;17,25;;;GALP_08;1;1,224781897575;0,1942213267576;;;;
GALP;20,7;;;GALP_08;1;1,5276536117625;0,1942213267576;;;;
GALP;1,15;1;;GALP_09;1;0,20197184475;0,19956196468;;;;
GALP;2,3;2;;GALP_09;1;0,2500140799875;0,19956196468;;;;
GALP;3,45;3;;GALP_09;1;0,30810445568;0,161897608309536;;;;
GALP;4,6;4;;GALP_09;1;0,35991974304;0,161897608309536;;;;
GALP;5,75;;;GALP_09;1;0,43801320576;0,161897608309536;;;;
GALP;6,9;;;GALP_09;1;0,5785440204;0,17037611706808;;;;
GALP;10,35;;;GALP_09;1;0,77944355343;0,1703688827544;;;;
GALP;13,8;;;GALP_09;1;1,004647841025;0,1942213267576;;;;
GALP;17,25;;;GALP_09;1;1,224781897575;0,1942213267576;;;;
GALP;20,7;;;GALP_09;1;1,5276536117625;0,1942213267576;;;;
GALP;1,15;1;;GALP_10;1;0,20197184475;0,19956196468;;;;
GALP;2,3;2;;GALP_10;1;0,2500140799875;0,19956196468;;;;
GALP;3,45;3;;GALP_10;1;0,30810445568;0,161897608309536;;;;
GALP;4,6;4;;GALP_10;1;0,35991974304;0,161897608309536;;;;
GALP;5,75;;;GALP_10;1;0,43801320576;0,161897608309536;;;;
GALP;6,9;;;GALP_10;1;0,5785440204;0,17037611706808;;;;
GALP;10,35;;;GALP_10;1;0,77944355343;0,1703688827544;;;;
GALP;13,8;;;GALP_10;1;1,004647841025;0,1942213267576;;;;
GALP;17,25;;;GALP_10;1;1,224781897575;0,1942213267576;;;;
GALP;20,7;;;GALP_10;1;1,5276536117625;0,1942213267576;;;;
GALP;1,15;1;;GALP_100;1;0,20197184475;0,19956196468;;;0,11084016;0,119387475
GALP;2,3;2;;GALP_100;1;0,2500140799875;0,19956196468;;;0,201027568;0,118342647155
GALP;3,45;3;;GALP_100;1;0,30810445568;0,161897608309536;;;0,29329928;0,11689749372
GALP;4,6;4;;GALP_100;1;0,35991974304;0,161897608309536;;;0,4651768;0,11498806177
GALP;5,75;;;GALP_100;1;0,43801320576;0,161897608309536;;;;
GALP;6,9;;;GALP_100;1;0,5785440204;0,17037611706808;;;;
GALP;10,35;;;GALP_100;1;0,77944355343;0,1703688827544;;;;
GALP;13,8;;;GALP_100;1;1,004647841025;0,1942213267576;;;;
GALP;17,25;;;GALP_100;1;1,224781897575;0,1942213267576;;;;
GALP;20,7;;;GALP_100;1;1,5276536117625;0,1942213267576;;;;
GALP;1,15;1;;GALP_101;1;0,20197184475;0,19956196468;;;;
GALP;2,3;2;;GALP_101;1;0,2500140799875;0,19956196468;;;;
GALP;3,45;3;;GALP_101;1;0,30810445568;0,161897608309536;;;;
GALP;4,6;4;;GALP_101;1;0,35991974304;0,161897608309536;;;;
GALP;5,75;;;GALP_101;1;0,43801320576;0,161897608309536;;;;
GALP;6,9;;;GALP_101;1;0,5785440204;0,17037611706808;;;;
GALP;10,35;;;GALP_101;1;0,77944355343;0,1703688827544;;;;
GALP;13,8;;;GALP_101;1;1,004647841025;0,1942213267576;;;;
GALP;17,25;;;GALP_101;1;1,224781897575;0,1942213267576;;;;
GALP;20,7;;;GALP_101;1;1,5276536117625;0,1942213267576;;;;
GALP;1,15;1;;GALP_102;1;0,20197184475;0,19956196468;;;;
GALP;2,3;2;;GALP_102;1;0,2500140799875;0,19956196468;;;;
GALP;3,45;3;;GALP_102;1;0,30810445568;0,161897608309536;;;;
GALP;4,6;4;;GALP_102;1;0,35991974304;0,161897608309536;;;;
GALP;5,75;;;GALP_102;1;0,43801320576;0,161897608309536;;;;
GALP;6,9;;;GALP_102;1;0,5785440204;0,17037611706808;;;;
GALP;10,35;;;GALP_102;1;0,77944355343;0,1703688827544;;;;
GALP;13,8;;;GALP_102;1;1,004647841025;0,1942213267576;;;;
GALP;17,25;;;GALP_102;1;1,224781897575;0,1942213267576;;;;
GALP;20,7;;;GALP_102;1;1,5276536117625;0,1942213267576;;;;
GALP;1,15;1;;GALP_103;1;0,20197184475;0,19956196468;;;;
GALP;2,3;2;;GALP_103;1;0,2500140799875;0,19956196468;;;;
GALP;3,45;3;;GALP_103;1;0,30810445568;0,161897608309536;;;;
GALP;4,6;4;;GALP_103;1;0,35991974304;0,161897608309536;;;;
GALP;5,75;;;GALP_103;1;0,43801320576;0,161897608309536;;;;
GALP;6,9;;;GALP_103;1;0,5785440204;0,17037611706808;;;;
GALP;10,35;;;GALP_103;1;0,77944355343;0,1703688827544;;;;
GALP;13,8;;;GALP_103;1;1,004647841025;0,1942213267576;;;;
GALP;17,25;;;GALP_103;1;1,224781897575;0,1942213267576;;;;
GALP;20,7;;;GALP_103;1;1,5276536117625;0,1942213267576;;;;
GALP;1,15;1;;GALP_104;1;0,20197184475;0,19956196468;;;;
GALP;2,3;2;;GALP_104;1;0,2500140799875;0,19956196468;;;;
GALP;3,45;3;;GALP_104;1;0,30810445568;0,161897608309536;;;;
GALP;4,6;4;;GALP_104;1;0,35991974304;0,161897608309536;;;;
GALP;5,75;;;GALP_104;1;0,43801320576;0,161897608309536;;;;
GALP;6,9;;;GALP_104;1;0,5785440204;0,17037611706808;;;;
GALP;10,35;;;GALP_104;1;0,77944355343;0,1703688827544;;;;
GALP;13,8;;;GALP_104;1;1,004647841025;0,1942213267576;;;;
GALP;17,25;;;GALP_104;1;1,224781897575;0,1942213267576;;;;
GALP;20,7;;;GALP_104;1;1,5276536117625;0,1942213267576;;;;
GALP;1,15;1;;GALP_105;1;0,20197184475;0,19956196468;;;;
GALP;2,3;2;;GALP_105;1;0,2500140799875;0,19956196468;;;;
GALP;3,45;3;;GALP_105;1;0,30810445568;0,161897608309536;;;;
GALP;4,6;4;;GALP_105;1;0,35991974304;0,161897608309536;;;;
GALP;5,75;;;GALP_105;1;0,43801320576;0,161897608309536;;;;
GALP;6,9;;;GALP_105;1;0,5785440204;0,17037611706808;;;;
GALP;10,35;;;GALP_105;1;0,77944355343;0,1703688827544;;;;
GALP;13,8;;;GALP_105;1;1,004647841025;0,1942213267576;;;;
GALP;17,25;;;GALP_105;1;1,224781897575;0,1942213267576;;;;
GALP;20,7;;;GALP_105;1;1,5276536117625;0,1942213267576;;;;
GALP;1,15;1;;GALP_106;1;0,20197184475;0,19956196468;;;;
GALP;2,3;2;;GALP_106;1;0,2500140799875;0,19956196468;;;;
GALP;3,45;3;;GALP_106;1;0,30810445568;0,161897608309536;;;;
GALP;4,6;4;;GALP_106;1;0,35991974304;0,161897608309536;;;;
GALP;5,75;;;GALP_106;1;0,43801320576;0,161897608309536;;;;
GALP;6,9;;;GALP_106;1;0,5785440204;0,17037611706808;;;;
GALP;10,35;;;GALP_106;1;0,77944355343;0,1703688827544;;;;
GALP;13,8;;;GALP_106;1;1,004647841025;0,1942213267576;;;;
GALP;17,25;;;GALP_106;1;1,224781897575;0,1942213267576;;;;
GALP;20,7;;;GALP_106;1;1,5276536117625;0,1942213267576;;;;
GALP;1,15;1;;GALP_107;1;0,20197184475;0,19956196468;;;;
GALP;2,3;2;;GALP_107;1;0,2500140799875;0,19956196468;;;;
GALP;3,45;3;;GALP_107;1;0,30810445568;0,161897608309536;;;;
GALP;4,6;4;;GALP_107;1;0,35991974304;0,161897608309536;;;;
GALP;5,75;;;GALP_107;1;0,43801320576;0,161897608309536;;;;
GALP;6,9;;;GALP_107;1;0,5785440204;0,17037611706808;;;;
GALP;10,35;;;GALP_107;1;0,77944355343;0,1703688827544;;;;
GALP;13,8;;;GALP_107;1;1,004647841025;0,1942213267576;;;;
GALP;17,25;;;GALP_107;1;1,224781897575;0,1942213267576;;;;
GALP;20,7;;;GALP_107;1;1,5276536117625;0,1942213267576;;;;
GALP;1,15;1;;GALP_108;1;0,20197184475;0,19956196468;;;;
GALP;2,3;2;;GALP_108;1;0,2500140799875;0,19956196468;;;;
GALP;3,45;3;;GALP_108;1;0,30810445568;0,161897608309536;;;;
GALP;4,6;4;;GALP_108;1;0,35991974304;0,161897608309536;;;;
GALP;5,75;;;GALP_108;1;0,43801320576;0,161897608309536;;;;
GALP;6,9;;;GALP_108;1;0,5785440204;0,17037611706808;;;;
GALP;10,35;;;GALP_108;1;0,77944355343;0,1703688827544;;;;
GALP;13,8;;;GALP_108;1;1,004647841025;0,1942213267576;;;;
GALP;17,25;;;GALP_108;1;1,224781897575;0,1942213267576;;;;
GALP;20,7;;;GALP_108;1;1,5276536117625;0,1942213267576;;;;
GALP;1,15;1;;GALP_109;1;0,20197184475;0,19956196468;;;0,11084016;0,119387475
GALP;2,3;2;;GALP_109;1;0,2500140799875;0,19956196468;;;0,201027568;0,118342647155
GALP;3,45;3;;GALP_109;1;0,30810445568;0,161897608309536;;;0,29329928;0,11689749372
GALP;4,6;4;;GALP_109;1;0,35991974304;0,161897608309536;;;0,4651768;0,11498806177
GALP;5,75;;;GALP_109;1;0,43801320576;0,161897608309536;;;;
GALP;6,9;;;GALP_109;1;0,5785440204;0,17037611706808;;;;
GALP;10,35;;;GALP_109;1;0,77944355343;0,1703688827544;;;;
GALP;13,8;;;GALP_109;1;1,004647841025;0,1942213267576;;;;
GALP;17,25;;;GALP_109;1;1,224781897575;0,1942213267576;;;;
GALP;20,7;;;GALP_109;1;1,5276536117625;0,1942213267576;;;;
GALP;1,15;1;;GALP_11;1;0,20197184475;0,19956196468;;;;
GALP;2,3;2;;GALP_11;1;0,2500140799875;0,19956196468;;;;
GALP;3,45;3;;GALP_11;1;0,30810445568;0,161897608309536;;;;
GALP;4,6;4;;GALP_11;1;0,35991974304;0,161897608309536;;;;
GALP;5,75;;;GALP_11;1;0,43801320576;0,161897608309536;;;;
GALP;6,9;;;GALP_11;1;0,5785440204;0,17037611706808;;;;
GALP;10,35;;;GALP_11;1;0,77944355343;0,1703688827544;;;;
GALP;13,8;;;GALP_11;1;1,004647841025;0,1942213267576;;;;
GALP;17,25;;;GALP_11;1;1,224781897575;0,1942213267576;;;;
GALP;20,7;;;GALP_11;1;1,5276536117625;0,1942213267576;;;;
GALP;1,15;1;;GALP_110;1;;;;;0,1019729472;0,109836477
GALP;2,3;2;;GALP_110;1;;;;;0,18494536256;0,1088752353826
GALP;3,45;3;;GALP_110;1;;;;;0,2698353376;0,1075456942224
GALP;4,6;4;;GALP_110;1;;;;;0,427962656;0,1057890168284
GALP;1,15;1;;GALP_111;1;;;;;0,1041897504;0,1122242265
GALP;2,3;2;;GALP_111;1;;;;;0,18896591392;0,1112420883257
GALP;3,45;3;;GALP_111;1;;;;;0,2757013232;0,1098836440968
GALP;4,6;4;;GALP_111;1;;;;;0,437266192;0,1080887780638
GALP;1,15;1;;GALP_112;1;;;;;0,1064065536;0,114611976
GALP;2,3;2;;GALP_112;1;;;;;0,19298646528;0,1136089412688
GALP;3,45;3;;GALP_112;1;;;;;0,2815673088;0,1122215939712
GALP;4,6;4;;GALP_112;1;;;;;0,446569728;0,1103885392992
GALP;1,15;1;;GALP_113;1;;;;;0,1041897504;0,1122242265
GALP;2,3;2;;GALP_113;1;;;;;0,18896591392;0,1112420883257
GALP;3,45;3;;GALP_113;1;;;;;0,2757013232;0,1098836440968
GALP;4,6;4;;GALP_113;1;;;;;0,437266192;0,1080887780638
GALP;1,15;1;;GALP_114;1;;;;;0,1019729472;0,109836477
GALP;2,3;2;;GALP_114;1;;;;;0,18494536256;0,1088752353826
GALP;3,45;3;;GALP_114;1;;;;;0,2698353376;0,1075456942224
GALP;4,6;4;;GALP_114;1;;;;;0,427962656;0,1057890168284
GALP;1,15;1;;GALP_115;1;;;;;0,1019729472;0,109836477
GALP;2,3;2;;GALP_115;1;;;;;0,18494536256;0,1088752353826
GALP;3,45;3;;GALP_115;1;;;;;0,2698353376;0,1075456942224
GALP;4,6;4;;GALP_115;1;;;;;0,427962656;0,1057890168284
GALP;1,15;1;;GALP_116;1;;;;;0,1041897504;0,1122242265
GALP;2,3;2;;GALP_116;1;;;;;0,18896591392;0,1112420883257
GALP;3,45;3;;GALP_116;1;;;;;0,2757013232;0,1098836440968
GALP;4,6;4;;GALP_116;1;;;;;0,437266192;0,1080887780638
GALP;1,15;1;;GALP_117;1;0,20197184475;0,19956196468;;;0,11084016;0,119387475
GALP;2,3;2;;GALP_117;1;0,2500140799875;0,19956196468;;;0,201027568;0,118342647155
GALP;3,45;3;;GALP_117;1;0,30810445568;0,161897608309536;;;0,29329928;0,11689749372
GALP;4,6;4;;GALP_117;1;0,35991974304;0,161897608309536;;;0,4651768;0,11498806177
GALP;5,75;;;GALP_117;1;0,43801320576;0,161897608309536;;;;
GALP;6,9;;;GALP_117;1;0,5785440204;0,17037611706808;;;;
GALP;10,35;;;GALP_117;1;0,77944355343;0,1703688827544;;;;
GALP;13,8;;;GALP_117;1;1,004647841025;0,1942213267576;;;;
GALP;17,25;;;GALP_117;1;1,224781897575;0,1942213267576;;;;
GALP;20,7;;;GALP_117;1;1,5276536117625;0,1942213267576;;;;
GALP;1,15;1;;GALP_118;1;0,20197184475;0,19956196468;;;0,11084016;0,119387475
GALP;2,3;2;;GALP_118;1;0,2500140799875;0,19956196468;;;0,201027568;0,118342647155
GALP;3,45;3;;GALP_118;1;0,30810445568;0,161897608309536;;;0,29329928;0,11689749372
GALP;4,6;4;;GALP_118;1;0,35991974304;0,161897608309536;;;0,4651768;0,11498806177
GALP;5,75;;;GALP_118;1;0,43801320576;0,161897608309536;;;;
GALP;6,9;;;GALP_118;1;0,5785440204;0,17037611706808;;;;
GALP;10,35;;;GALP_118;1;0,77944355343;0,1703688827544;;;;
GALP;13,8;;;GALP_118;1;1,004647841025;0,1942213267576;;;;
GALP;17,25;;;GALP_118;1;1,224781897575;0,1942213267576;;;;
GALP;20,7;;;GALP_118;1;1,5276536117625;0,1942213267576;;;;
GALP;1,15;1;;GALP_119;1;0,20197184475;0,19956196468;;;0,11084016;0,119387475
GALP;2,3;2;;GALP_119;1;0,2500140799875;0,19956196468;;;0,201027568;0,118342647155
GALP;3,45;3;;GALP_119;1;0,30810445568;0,161897608309536;;;0,29329928;0,11689749372
GALP;4,6;4;;GALP_119;1;0,35991974304;0,161897608309536;;;0,4651768;0,11498806177
GALP;5,75;;;GALP_119;1;0,43801320576;0,161897608309536;;;;
GALP;6,9;;;GALP_119;1;0,5785440204;0,17037611706808;;;;
GALP;10,35;;;GALP_119;1;0,77944355343;0,1703688827544;;;;
GALP;13,8;;;GALP_119;1;1,004647841025;0,1942213267576;;;;
GALP;17,25;;;GALP_119;1;1,224781897575;0,1942213267576;;;;
GALP;20,7;;;GALP_119;1;1,5276536117625;0,1942213267576;;;;
GALP;1,15;1;;GALP_12;1;0,20197184475;0,19956196468;;;0,11084016;0,119387475
GALP;2,3;2;;GALP_12;1;0,2500140799875;0,19956196468;;;0,201027568;0,118342647155
GALP;3,45;3;;GALP_12;1;0,30810445568;0,161897608309536;;;0,29329928;0,11689749372
GALP;4,6;4;;GALP_12;1;0,35991974304;0,161897608309536;;;0,4651768;0,11498806177
GALP;5,75;;;GALP_12;1;0,43801320576;0,161897608309536;;;;
GALP;6,9;;;GALP_12;1;0,5785440204;0,17037611706808;;;;
GALP;10,35;;;GALP_12;1;0,77944355343;0,1703688827544;;;;
GALP;13,8;;;GALP_12;1;1,004647841025;0,1942213267576;;;;
GALP;17,25;;;GALP_12;1;1,224781897575;0,1942213267576;;;;
GALP;20,7;;;GALP_12;1;1,5276536117625;0,1942213267576;;;;
GALP;1,15;1;;GALP_120;1;0,20197184475;0,19956196468;;;0,11084016;0,119387475
GALP;2,3;2;;GALP_120;1;0,2500140799875;0,19956196468;;;0,201027568;0,118342647155
GALP;3,45;3;;GALP_120;1;0,30810445568;0,161897608309536;;;0,29329928;0,11689749372
GALP;4,6;4;;GALP_120;1;0,35991974304;0,161897608309536;;;0,4651768;0,11498806177
GALP;5,75;;;GALP_120;1;0,43801320576;0,161897608309536;;;;
GALP;6,9;;;GALP_120;1;0,5785440204;0,17037611706808;;;;
GALP;10,35;;;GALP_120;1;0,77944355343;0,1703688827544;;;;
GALP;13,8;;;GALP_120;1;1,004647841025;0,1942213267576;;;;
GALP;17,25;;;GALP_120;1;1,224781897575;0,1942213267576;;;;
GALP;20,7;;;GALP_120;1;1,5276536117625;0,1942213267576;;;;
GALP;1,15;1;;GALP_121;1;0,20197184475;0,19956196468;;;0,11084016;0,119387475
GALP;2,3;2;;GALP_121;1;0,2500140799875;0,19956196468;;;0,201027568;0,118342647155
GALP;3,45;3;;GALP_121;1;0,30810445568;0,161897608309536;;;0,29329928;0,11689749372
GALP;4,6;4;;GALP_121;1;0,35991974304;0,161897608309536;;;0,4651768;0,11498806177
GALP;5,75;;;GALP_121;1;0,43801320576;0,161897608309536;;;;
GALP;6,9;;;GALP_121;1;0,5785440204;0,17037611706808;;;;
GALP;10,35;;;GALP_121;1;0,77944355343;0,1703688827544;;;;
GALP;13,8;;;GALP_121;1;1,004647841025;0,1942213267576;;;;
GALP;17,25;;;GALP_121;1;1,224781897575;0,1942213267576;;;;
GALP;20,7;;;GALP_121;1;1,5276536117625;0,1942213267576;;;;
GALP;1,15;1;;GALP_122;1;0,20197184475;0,19956196468;;;0,11084016;0,119387475
GALP;2,3;2;;GALP_122;1;0,2500140799875;0,19956196468;;;0,201027568;0,118342647155
GALP;3,45;3;;GALP_122;1;0,30810445568;0,161897608309536;;;0,29329928;0,11689749372
GALP;4,6;4;;GALP_122;1;0,35991974304;0,161897608309536;;;0,4651768;0,11498806177
GALP;5,75;;;GALP_122;1;0,43801320576;0,161897608309536;;;;
GALP;6,9;;;GALP_122;1;0,5785440204;0,17037611706808;;;;
GALP;10,35;;;GALP_122;1;0,77944355343;0,1703688827544;;;;
GALP;13,8;;;GALP_122;1;1,004647841025;0,1942213267576;;;;
GALP;17,25;;;GALP_122;1;1,224781897575;0,1942213267576;;;;
GALP;20,7;;;GALP_122;1;1,5276536117625;0,1942213267576;;;;
GALP;1,15;1;;GALP_123;1;0,20197184475;0,19956196468;;;0,11084016;0,119387475
GALP;2,3;2;;GALP_123;1;0,2500140799875;0,19956196468;;;0,201027568;0,118342647155
GALP;3,45;3;;GALP_123;1;0,30810445568;0,161897608309536;;;0,29329928;0,11689749372
GALP;4,6;4;;GALP_123;1;0,35991974304;0,161897608309536;;;0,4651768;0,11498806177
GALP;5,75;;;GALP_123;1;0,43801320576;0,161897608309536;;;;
GALP;6,9;;;GALP_123;1;0,5785440204;0,17037611706808;;;;
GALP;10,35;;;GALP_123;1;0,77944355343;0,1703688827544;;;;
GALP;13,8;;;GALP_123;1;1,004647841025;0,1942213267576;;;;
GALP;17,25;;;GALP_123;1;1,224781897575;0,1942213267576;;;;
GALP;20,7;;;GALP_123;1;1,5276536117625;0,1942213267576;;;;
GALP;1,15;1;;GALP_124;1;0,20197184475;0,19956196468;;;0,11084016;0,119387475
GALP;2,3;2;;GALP_124;1;0,2500140799875;0,19956196468;;;0,201027568;0,118342647155
GALP;3,45;3;;GALP_124;1;0,30810445568;0,161897608309536;;;0,29329928;0,11689749372
GALP;4,6;4;;GALP_124;1;0,35991974304;0,161897608309536;;;0,4651768;0,11498806177
GALP;5,75;;;GALP_124;1;0,43801320576;0,161897608309536;;;;
GALP;6,9;;;GALP_124;1;0,5785440204;0,17037611706808;;;;
GALP;10,35;;;GALP_124;1;0,77944355343;0,1703688827544;;;;
GALP;13,8;;;GALP_124;1;1,004647841025;0,1942213267576;;;;
GALP;17,25;;;GALP_124;1;1,224781897575;0,1942213267576;;;;
GALP;20,7;;;GALP_124;1;1,5276536117625;0,1942213267576;;;;
GALP;1,15;1;;GALP_13;1;0,20197184475;0,19956196468;;;0,11084016;0,119387475
GALP;2,3;2;;GALP_13;1;0,2500140799875;0,19956196468;;;0,201027568;0,118342647155
GALP;3,45;3;;GALP_13;1;0,30810445568;0,161897608309536;;;0,29329928;0,11689749372
GALP;4,6;4;;GALP_13;1;0,35991974304;0,161897608309536;;;0,4651768;0,11498806177
GALP;5,75;;;GALP_13;1;0,43801320576;0,161897608309536;;;;
GALP;6,9;;;GALP_13;1;0,5785440204;0,17037611706808;;;;
GALP;10,35;;;GALP_13;1;0,77944355343;0,1703688827544;;;;
GALP;13,8;;;GALP_13;1;1,004647841025;0,1942213267576;;;;
GALP;17,25;;;GALP_13;1;1,224781897575;0,1942213267576;;;;
GALP;20,7;;;GALP_13;1;1,5276536117625;0,1942213267576;;;;
GALP;1,15;1;;GALP_14;1;0,20197184475;0,19956196468;;;0,11084016;0,119387475
GALP;2,3;2;;GALP_14;1;0,2500140799875;0,19956196468;;;0,201027568;0,118342647155
GALP;3,45;3;;GALP_14;1;0,30810445568;0,161897608309536;;;0,29329928;0,11689749372
GALP;4,6;4;;GALP_14;1;0,35991974304;0,161897608309536;;;0,4651768;0,11498806177
GALP;5,75;;;GALP_14;1;0,43801320576;0,161897608309536;;;;
GALP;6,9;;;GALP_14;1;0,5785440204;0,17037611706808;;;;
GALP;10,35;;;GALP_14;1;0,77944355343;0,1703688827544;;;;
GALP;13,8;;;GALP_14;1;1,004647841025;0,1942213267576;;;;
GALP;17,25;;;GALP_14;1;1,224781897575;0,1942213267576;;;;
GALP;20,7;;;GALP_14;1;1,5276536117625;0,1942213267576;;;;
GALP;1,15;1;;GALP_15;1;0,20197184475;0,19956196468;;;0,11084016;0,119387475
GALP;2,3;2;;GALP_15;1;0,2500140799875;0,19956196468;;;0,201027568;0,118342647155
GALP;3,45;3;;GALP_15;1;0,30810445568;0,161897608309536;;;0,29329928;0,11689749372
GALP;4,6;4;;GALP_15;1;0,35991974304;0,161897608309536;;;0,4651768;0,11498806177
GALP;5,75;;;GALP_15;1;0,43801320576;0,161897608309536;;;;
GALP;6,9;;;GALP_15;1;0,5785440204;0,17037611706808;;;;
GALP;10,35;;;GALP_15;1;0,77944355343;0,1703688827544;;;;
GALP;13,8;;;GALP_15;1;1,004647841025;0,1942213267576;;;;
GALP;17,25;;;GALP_15;1;1,224781897575;0,1942213267576;;;;
GALP;20,7;;;GALP_15;1;1,5276536117625;0,1942213267576;;;;
GALP;1,15;1;;GALP_16;1;0,181774660275;0,179605768212;;;;
GALP;2,3;2;;GALP_16;1;0,22501267198875;0,179605768212;;;;
GALP;3,45;3;;GALP_16;1;0,277294010112;0,145707847478582;;;;
GALP;4,6;4;;GALP_16;1;0,323927768736;0,145707847478582;;;;
GALP;5,75;;;GALP_16;1;0,394211885184;0,145707847478582;;;;
GALP;6,9;;;GALP_16;1;0,52068961836;0,153338505361272;;;;
GALP;10,35;;;GALP_16;1;0,701499198087;0,15333199447896;;;;
GALP;13,8;;;GALP_16;1;0,9041830569225;0,17479919408184;;;;
GALP;17,25;;;GALP_16;1;1,1023037078175;0,17479919408184;;;;
GALP;20,7;;;GALP_16;1;1,37488825058625;0,17479919408184;;;;
GALP;1,15;1;;GALP_17;1;;;;;0,11084016;0,119387475
GALP;2,3;2;;GALP_17;1;;;;;0,201027568;0,118342647155
GALP;3,45;3;;GALP_17;1;;;;;0,29329928;0,11689749372
GALP;4,6;4;;GALP_17;1;;;;;0,4651768;0,11498806177
GALP;1,15;1;;GALP_18;1;;;;;0,11084016;0,119387475
GALP;2,3;2;;GALP_18;1;;;;;0,201027568;0,118342647155
GALP;3,45;3;;GALP_18;1;;;;;0,29329928;0,11689749372
GALP;4,6;4;;GALP_18;1;;;;;0,4651768;0,11498806177
GALP;1,15;1;;GALP_19;1;;;;;0,11084016;0,119387475
GALP;2,3;2;;GALP_19;1;;;;;0,201027568;0,118342647155
GALP;3,45;3;;GALP_19;1;;;;;0,29329928;0,11689749372
GALP;4,6;4;;GALP_19;1;;;;;0,4651768;0,11498806177
GALP;1,15;1;;GALP_20;1;;;;;0,11084016;0,119387475
GALP;2,3;2;;GALP_20;1;;;;;0,201027568;0,118342647155
GALP;3,45;3;;GALP_20;1;;;;;0,29329928;0,11689749372
GALP;4,6;4;;GALP_20;1;;;;;0,4651768;0,11498806177
GALP;1,15;1;;GALP_21;1;;;;;0,11084016;0,119387475
GALP;2,3;2;;GALP_21;1;;;;;0,201027568;0,118342647155
GALP;3,45;3;;GALP_21;1;;;;;0,29329928;0,11689749372
GALP;4,6;4;;GALP_21;1;;;;;0,4651768;0,11498806177
GALP;1,15;1;;GALP_22;1;;;;;0,11084016;0,119387475
GALP;2,3;2;;GALP_22;1;;;;;0,201027568;0,118342647155
GALP;3,45;3;;GALP_22;1;;;;;0,29329928;0,11689749372
GALP;4,6;4;;GALP_22;1;;;;;0,4651768;0,11498806177
GALP;1,15;1;;GALP_23;1;;;;;0,11084016;0,119387475
GALP;2,3;2;;GALP_23;1;;;;;0,201027568;0,118342647155
GALP;3,45;3;;GALP_23;1;;;;;0,29329928;0,11689749372
GALP;4,6;4;;GALP_23;1;;;;;0,4651768;0,11498806177
GALP;1,15;1;;GALP_24;1;;;;;0,11084016;0,119387475
GALP;2,3;2;;GALP_24;1;;;;;0,201027568;0,118342647155
GALP;3,45;3;;GALP_24;1;;;;;0,29329928;0,11689749372
GALP;4,6;4;;GALP_24;1;;;;;0,4651768;0,11498806177
GALP;1,15;1;;GALP_25;1;0,189853534065;0,1875882467992;;;;
GALP;2,3;2;;GALP_25;1;0,23501323518825;0,1875882467992;;;;
GALP;3,45;3;;GALP_25;1;0,2896181883392;0,152183751810964;;;;
GALP;4,6;4;;GALP_25;1;0,3383245584576;0,152183751810964;;;;
GALP;5,75;;;GALP_25;1;0,4117324134144;0,152183751810964;;;;
GALP;6,9;;;GALP_25;1;0,543831379176;0,160153550043995;;;;
GALP;10,35;;;GALP_25;1;0,7326769402242;0,160146749789136;;;;
GALP;13,8;;;GALP_25;1;0,9443689705635;0,182568047152144;;;;
GALP;17,25;;;GALP_25;1;1,1512949837205;0,182568047152144;;;;
GALP;20,7;;;GALP_25;1;1,43599439505675;0,182568047152144;;;;
GALP;1,15;1;;GALP_26;1;0,181774660275;0,179605768212;;;;
GALP;2,3;2;;GALP_26;1;0,22501267198875;0,179605768212;;;;
GALP;3,45;3;;GALP_26;1;0,277294010112;0,145707847478582;;;;
GALP;4,6;4;;GALP_26;1;0,323927768736;0,145707847478582;;;;
GALP;5,75;;;GALP_26;1;0,394211885184;0,145707847478582;;;;
GALP;6,9;;;GALP_26;1;0,52068961836;0,153338505361272;;;;
GALP;10,35;;;GALP_26;1;0,701499198087;0,15333199447896;;;;
GALP;13,8;;;GALP_26;1;0,9041830569225;0,17479919408184;;;;
GALP;17,25;;;GALP_26;1;1,1023037078175;0,17479919408184;;;;
GALP;20,7;;;GALP_26;1;1,37488825058625;0,17479919408184;;;;
GALP;1,15;1;;GALP_27;1;0,17773522338;0,1756145289184;;;;
GALP;2,3;2;;GALP_27;1;0,220012390389;0,1756145289184;;;;
GALP;3,45;3;;GALP_27;1;0,2711319209984;0,142469895312392;;;;
GALP;4,6;4;;GALP_27;1;0,3167293738752;0,142469895312392;;;;
GALP;5,75;;;GALP_27;1;0,3854516210688;0,142469895312392;;;;
GALP;6,9;;;GALP_27;1;0,509118737952;0,14993098301991;;;;
GALP;10,35;;;GALP_27;1;0,6859103270184;0,149924616823872;;;;
GALP;13,8;;;GALP_27;1;0,884090100102;0,170914767546688;;;;
GALP;17,25;;;GALP_27;1;1,077808069866;0,170914767546688;;;;
GALP;20,7;;;GALP_27;1;1,344335178351;0,170914767546688;;;;
GALP;1,15;1;;GALP_28;1;0,18581409717;0,1835970075056;;;;
GALP;2,3;2;;GALP_28;1;0,2300129535885;0,1835970075056;;;;
GALP;3,45;3;;GALP_28;1;0,2834560992256;0,148945799644773;;;;
GALP;4,6;4;;GALP_28;1;0,3311261635968;0,148945799644773;;;;
GALP;5,75;;;GALP_28;1;0,4029721492992;0,148945799644773;;;;
GALP;6,9;;;GALP_28;1;0,532260498768;0,156746027702634;;;;
GALP;10,35;;;GALP_28;1;0,7170880691556;0,156739372134048;;;;
GALP;13,8;;;GALP_28;1;0,924276013743;0,178683620616992;;;;
GALP;17,25;;;GALP_28;1;1,126799345769;0,178683620616992;;;;
GALP;20,7;;;GALP_28;1;1,4054413228215;0,178683620616992;;;;
GALP;1,15;1;;GALP_29;1;;;;;0,11084016;0,119387475
GALP;2,3;2;;GALP_29;1;;;;;0,201027568;0,118342647155
GALP;3,45;3;;GALP_29;1;;;;;0,29329928;0,11689749372
GALP;4,6;4;;GALP_29;1;;;;;0,4651768;0,11498806177
GALP;1,15;1;;GALP_30;1;;;;;0,11084016;0,119387475
GALP;2,3;2;;GALP_30;1;;;;;0,201027568;0,118342647155
GALP;3,45;3;;GALP_30;1;;;;;0,29329928;0,11689749372
GALP;4,6;4;;GALP_30;1;;;;;0,4651768;0,11498806177
GALP;1,15;1;;GALP_31;1;;;;;0,11084016;0,119387475
GALP;2,3;2;;GALP_31;1;;;;;0,201027568;0,118342647155
GALP;3,45;3;;GALP_31;1;;;;;0,29329928;0,11689749372
GALP;4,6;4;;GALP_31;1;;;;;0,4651768;0,11498806177
GALP;1,15;1;;GALP_32;1;0,181774660275;0,179245768212;;;0,099756144;0,1069087275
GALP;2,3;2;;GALP_32;1;0,22501267198875;0,179245768212;;;0,1809248112;0,1059683824395
GALP;3,45;3;;GALP_32;1;0,277294010112;0,145347847478582;;;0,263969352;0,104667744348
GALP;4,6;4;;GALP_32;1;0,323927768736;0,145347847478582;;;0,41865912;0,102949255593
GALP;5,75;;;GALP_32;1;0,394211885184;0,145347847478582;;;;
GALP;6,9;;;GALP_32;1;0,52068961836;0,152978505361272;;;;
GALP;10,35;;;GALP_32;1;0,701499198087;0,15297199447896;;;;
GALP;13,8;;;GALP_32;1;0,9041830569225;0,17443919408184;;;;
GALP;17,25;;;GALP_32;1;1,1023037078175;0,17443919408184;;;;
GALP;20,7;;;GALP_32;1;1,37488825058625;0,17443919408184;;;;
GALP;1,15;1;;GALP_33;1;0,18581409717;0,1832290075056;;;0,1019729472;0,109284477
GALP;2,3;2;;GALP_33;1;0,2300129535885;0,1832290075056;;;0,18494536256;0,1083232353826
GALP;3,45;3;;GALP_33;1;0,2834560992256;0,148577799644773;;;0,2698353376;0,1069936942224
GALP;4,6;4;;GALP_33;1;0,3311261635968;0,148577799644773;;;0,427962656;0,1052370168284
GALP;5,75;;;GALP_33;1;0,4029721492992;0,148577799644773;;;;
GALP;6,9;;;GALP_33;1;0,532260498768;0,156378027702634;;;;
GALP;10,35;;;GALP_33;1;0,7170880691556;0,156371372134048;;;;
GALP;13,8;;;GALP_33;1;0,924276013743;0,178315620616992;;;;
GALP;17,25;;;GALP_33;1;1,126799345769;0,178315620616992;;;;
GALP;20,7;;;GALP_33;1;1,4054413228215;0,178315620616992;;;;
GALP;1,15;1;;GALP_34;1;0,18581409717;0,1832290075056;;;0,1019729472;0,109284477
GALP;2,3;2;;GALP_34;1;0,2300129535885;0,1832290075056;;;0,18494536256;0,1083232353826
GALP;3,45;3;;GALP_34;1;0,2834560992256;0,148577799644773;;;0,2698353376;0,1069936942224
GALP;4,6;4;;GALP_34;1;0,3311261635968;0,148577799644773;;;0,427962656;0,1052370168284
GALP;5,75;;;GALP_34;1;0,4029721492992;0,148577799644773;;;;
GALP;6,9;;;GALP_34;1;0,532260498768;0,156378027702634;;;;
GALP;10,35;;;GALP_34;1;0,7170880691556;0,156371372134048;;;;
GALP;13,8;;;GALP_34;1;0,924276013743;0,178315620616992;;;;
GALP;17,25;;;GALP_34;1;1,126799345769;0,178315620616992;;;;
GALP;20,7;;;GALP_34;1;1,4054413228215;0,178315620616992;;;;
GALP;1,15;1;;GALP_35;1;0,181774660275;0,179245768212;;;0,099756144;0,1069087275
GALP;2,3;2;;GALP_35;1;0,22501267198875;0,179245768212;;;0,1809248112;0,1059683824395
GALP;3,45;3;;GALP_35;1;0,277294010112;0,145347847478582;;;0,263969352;0,104667744348
GALP;4,6;4;;GALP_35;1;0,323927768736;0,145347847478582;;;0,41865912;0,102949255593
GALP;5,75;;;GALP_35;1;0,394211885184;0,145347847478582;;;;
GALP;6,9;;;GALP_35;1;0,52068961836;0,152978505361272;;;;
GALP;10,35;;;GALP_35;1;0,701499198087;0,15297199447896;;;;
GALP;13,8;;;GALP_35;1;0,9041830569225;0,17443919408184;;;;
GALP;17,25;;;GALP_35;1;1,1023037078175;0,17443919408184;;;;
GALP;20,7;;;GALP_35;1;1,37488825058625;0,17443919408184;;;;
GALP;1,15;1;;GALP_36;1;0,189853534065;0,1872122467992;;;;
GALP;2,3;2;;GALP_36;1;0,23501323518825;0,1872122467992;;;;
GALP;3,45;3;;GALP_36;1;0,2896181883392;0,151807751810964;;;;
GALP;4,6;4;;GALP_36;1;0,3383245584576;0,151807751810964;;;;
GALP;5,75;;;GALP_36;1;0,4117324134144;0,151807751810964;;;;
GALP;6,9;;;GALP_36;1;0,543831379176;0,159777550043995;;;;
GALP;10,35;;;GALP_36;1;0,7326769402242;0,159770749789136;;;;
GALP;13,8;;;GALP_36;1;0,9443689705635;0,182192047152144;;;;
GALP;17,25;;;GALP_36;1;1,1512949837205;0,182192047152144;;;;
GALP;20,7;;;GALP_36;1;1,43599439505675;0,182192047152144;;;;
GALP;1,15;1;;GALP_37;1;0,181774660275;0,179245768212;;;0,099756144;0,1069087275
GALP;2,3;2;;GALP_37;1;0,22501267198875;0,179245768212;;;0,1809248112;0,1059683824395
GALP;3,45;3;;GALP_37;1;0,277294010112;0,145347847478582;;;0,263969352;0,104667744348
GALP;4,6;4;;GALP_37;1;0,323927768736;0,145347847478582;;;0,41865912;0,102949255593
GALP;5,75;;;GALP_37;1;0,394211885184;0,145347847478582;;;;
GALP;6,9;;;GALP_37;1;0,52068961836;0,152978505361272;;;;
GALP;10,35;;;GALP_37;1;0,701499198087;0,15297199447896;;;;
GALP;13,8;;;GALP_37;1;0,9041830569225;0,17443919408184;;;;
GALP;17,25;;;GALP_37;1;1,1023037078175;0,17443919408184;;;;
GALP;20,7;;;GALP_37;1;1,37488825058625;0,17443919408184;;;;
GALP;1,15;1;;GALP_38;1;0,181774660275;0,179245768212;;;0,099756144;0,1069087275
GALP;2,3;2;;GALP_38;1;0,22501267198875;0,179245768212;;;0,1809248112;0,1059683824395
GALP;3,45;3;;GALP_38;1;0,277294010112;0,145347847478582;;;0,263969352;0,104667744348
GALP;4,6;4;;GALP_38;1;0,323927768736;0,145347847478582;;;0,41865912;0,102949255593
GALP;5,75;;;GALP_38;1;0,394211885184;0,145347847478582;;;;
GALP;6,9;;;GALP_38;1;0,52068961836;0,152978505361272;;;;
GALP;10,35;;;GALP_38;1;0,701499198087;0,15297199447896;;;;
GALP;13,8;;;GALP_38;1;0,9041830569225;0,17443919408184;;;;
GALP;17,25;;;GALP_38;1;1,1023037078175;0,17443919408184;;;;
GALP;20,7;;;GALP_38;1;1,37488825058625;0,17443919408184;;;;
GALP;1,15;1;;GALP_39;1;0,18581409717;0,1832290075056;;;0,1019729472;0,109284477
GALP;2,3;2;;GALP_39;1;0,2300129535885;0,1832290075056;;;0,18494536256;0,1083232353826
GALP;3,45;3;;GALP_39;1;0,2834560992256;0,148577799644773;;;0,2698353376;0,1069936942224
GALP;4,6;4;;GALP_39;1;0,3311261635968;0,148577799644773;;;0,427962656;0,1052370168284
GALP;5,75;;;GALP_39;1;0,4029721492992;0,148577799644773;;;;
GALP;6,9;;;GALP_39;1;0,532260498768;0,156378027702634;;;;
GALP;10,35;;;GALP_39;1;0,7170880691556;0,156371372134048;;;;
GALP;13,8;;;GALP_39;1;0,924276013743;0,178315620616992;;;;
GALP;17,25;;;GALP_39;1;1,126799345769;0,178315620616992;;;;
GALP;20,7;;;GALP_39;1;1,4054413228215;0,178315620616992;;;;
GALP;1,15;1;;GALP_40;1;0,18581409717;0,1832290075056;;;;
GALP;2,3;2;;GALP_40;1;0,2300129535885;0,1832290075056;;;;
GALP;3,45;3;;GALP_40;1;0,2834560992256;0,148577799644773;;;;
GALP;4,6;4;;GALP_40;1;0,3311261635968;0,148577799644773;;;;
GALP;5,75;;;GALP_40;1;0,4029721492992;0,148577799644773;;;;
GALP;6,9;;;GALP_40;1;0,532260498768;0,156378027702634;;;;
GALP;10,35;;;GALP_40;1;0,7170880691556;0,156371372134048;;;;
GALP;13,8;;;GALP_40;1;0,924276013743;0,178315620616992;;;;
GALP;17,25;;;GALP_40;1;1,126799345769;0,178315620616992;;;;
GALP;20,7;;;GALP_40;1;1,4054413228215;0,178315620616992;;;;
GALP;1,15;1;;GALP_41;1;0,189853534065;0,1872122467992;;;;
GALP;2,3;2;;GALP_41;1;0,23501323518825;0,1872122467992;;;;
GALP;3,45;3;;GALP_41;1;0,2896181883392;0,151807751810964;;;;
GALP;4,6;4;;GALP_41;1;0,3383245584576;0,151807751810964;;;;
GALP;5,75;;;GALP_41;1;0,4117324134144;0,151807751810964;;;;
GALP;6,9;;;GALP_41;1;0,543831379176;0,159777550043995;;;;
GALP;10,35;;;GALP_41;1;0,7326769402242;0,159770749789136;;;;
GALP;13,8;;;GALP_41;1;0,9443689705635;0,182192047152144;;;;
GALP;17,25;;;GALP_41;1;1,1512949837205;0,182192047152144;;;;
GALP;20,7;;;GALP_41;1;1,43599439505675;0,182192047152144;;;;
GALP;1,15;1;;GALP_42;1;0,189853534065;0,1872122467992;;;;
GALP;2,3;2;;GALP_42;1;0,23501323518825;0,1872122467992;;;;
GALP;3,45;3;;GALP_42;1;0,2896181883392;0,151807751810964;;;;
GALP;4,6;4;;GALP_42;1;0,3383245584576;0,151807751810964;;;;
GALP;5,75;;;GALP_42;1;0,4117324134144;0,151807751810964;;;;
GALP;6,9;;;GALP_42;1;0,543831379176;0,159777550043995;;;;
GALP;10,35;;;GALP_42;1;0,7326769402242;0,159770749789136;;;;
GALP;13,8;;;GALP_42;1;0,9443689705635;0,182192047152144;;;;
GALP;17,25;;;GALP_42;1;1,1512949837205;0,182192047152144;;;;
GALP;20,7;;;GALP_42;1;1,43599439505675;0,182192047152144;;;;
GALP;1,15;1;;GALP_43;1;0,18581409717;0,1832290075056;;;;
GALP;2,3;2;;GALP_43;1;0,2300129535885;0,1832290075056;;;;
GALP;3,45;3;;GALP_43;1;0,2834560992256;0,148577799644773;;;;
GALP;4,6;4;;GALP_43;1;0,3311261635968;0,148577799644773;;;;
GALP;5,75;;;GALP_43;1;0,4029721492992;0,148577799644773;;;;
GALP;6,9;;;GALP_43;1;0,532260498768;0,156378027702634;;;;
GALP;10,35;;;GALP_43;1;0,7170880691556;0,156371372134048;;;;
GALP;13,8;;;GALP_43;1;0,924276013743;0,178315620616992;;;;
GALP;17,25;;;GALP_43;1;1,126799345769;0,178315620616992;;;;
GALP;20,7;;;GALP_43;1;1,4054413228215;0,178315620616992;;;;
GALP;1,15;1;;GALP_44;1;0,18581409717;0,1832290075056;;;0,1019729472;0,109284477
GALP;2,3;2;;GALP_44;1;0,2300129535885;0,1832290075056;;;0,18494536256;0,1083232353826
GALP;3,45;3;;GALP_44;1;0,2834560992256;0,148577799644773;;;0,2698353376;0,1069936942224
GALP;4,6;4;;GALP_44;1;0,3311261635968;0,148577799644773;;;0,427962656;0,1052370168284
GALP;5,75;;;GALP_44;1;0,4029721492992;0,148577799644773;;;;
GALP;6,9;;;GALP_44;1;0,532260498768;0,156378027702634;;;;
GALP;10,35;;;GALP_44;1;0,7170880691556;0,156371372134048;;;;
GALP;13,8;;;GALP_44;1;0,924276013743;0,178315620616992;;;;
GALP;17,25;;;GALP_44;1;1,126799345769;0,178315620616992;;;;
GALP;20,7;;;GALP_44;1;1,4054413228215;0,178315620616992;;;;
GALP;1,15;1;;GALP_45;1;0,18581409717;0,1832290075056;;;;
GALP;2,3;2;;GALP_45;1;0,2300129535885;0,1832290075056;;;;
GALP;3,45;3;;GALP_45;1;0,2834560992256;0,148577799644773;;;;
GALP;4,6;4;;GALP_45;1;0,3311261635968;0,148577799644773;;;;
GALP;5,75;;;GALP_45;1;0,4029721492992;0,148577799644773;;;;
GALP;6,9;;;GALP_45;1;0,532260498768;0,156378027702634;;;;
GALP;10,35;;;GALP_45;1;0,7170880691556;0,156371372134048;;;;
GALP;13,8;;;GALP_45;1;0,924276013743;0,178315620616992;;;;
GALP;17,25;;;GALP_45;1;1,126799345769;0,178315620616992;;;;
GALP;20,7;;;GALP_45;1;1,4054413228215;0,178315620616992;;;;
GALP;1,15;1;;GALP_46;1;0,18581409717;0,1832290075056;;;;
GALP;2,3;2;;GALP_46;1;0,2300129535885;0,1832290075056;;;;
GALP;3,45;3;;GALP_46;1;0,2834560992256;0,148577799644773;;;;
GALP;4,6;4;;GALP_46;1;0,3311261635968;0,148577799644773;;;;
GALP;5,75;;;GALP_46;1;0,4029721492992;0,148577799644773;;;;
GALP;6,9;;;GALP_46;1;0,532260498768;0,156378027702634;;;;
GALP;10,35;;;GALP_46;1;0,7170880691556;0,156371372134048;;;;
GALP;13,8;;;GALP_46;1;0,924276013743;0,178315620616992;;;;
GALP;17,25;;;GALP_46;1;1,126799345769;0,178315620616992;;;;
GALP;20,7;;;GALP_46;1;1,4054413228215;0,178315620616992;;;;
GALP;1,15;1;;GALP_47;1;;;;;0,1041897504;0,1116602265
GALP;2,3;2;;GALP_47;1;;;;;0,18896591392;0,1106780883257
GALP;3,45;3;;GALP_47;1;;;;;0,2757013232;0,1093196440968
GALP;4,6;4;;GALP_47;1;;;;;0,437266192;0,1075247780638
GALP;1,15;1;;GALP_48;1;;;;;0,1064065536;0,114035976
GALP;2,3;2;;GALP_48;1;;;;;0,19298646528;0,1130329412688
GALP;3,45;3;;GALP_48;1;;;;;0,2815673088;0,1116455939712
GALP;4,6;4;;GALP_48;1;;;;;0,446569728;0,1098125392992
GALP;1,15;1;;GALP_49;1;0,18581409717;0,1832290075056;;;0,1019729472;0,109284477
GALP;2,3;2;;GALP_49;1;0,2300129535885;0,1832290075056;;;0,18494536256;0,1083232353826
GALP;3,45;3;;GALP_49;1;0,2834560992256;0,148577799644773;;;0,2698353376;0,1069936942224
GALP;4,6;4;;GALP_49;1;0,3311261635968;0,148577799644773;;;0,427962656;0,1052370168284
GALP;5,75;;;GALP_49;1;0,4029721492992;0,148577799644773;;;;
GALP;6,9;;;GALP_49;1;0,532260498768;0,156378027702634;;;;
GALP;10,35;;;GALP_49;1;0,7170880691556;0,156371372134048;;;;
GALP;13,8;;;GALP_49;1;0,924276013743;0,178315620616992;;;;
GALP;17,25;;;GALP_49;1;1,126799345769;0,178315620616992;;;;
GALP;20,7;;;GALP_49;1;1,4054413228215;0,178315620616992;;;;
GALP;1,15;1;;GALP_50;1;;;;;0,1097317584;0,11759960025
GALP;2,3;2;;GALP_50;1;;;;;0,19901729232;0,11656522068345
GALP;3,45;3;;GALP_50;1;;;;;0,2903662872;0,1151345187828
GALP;4,6;4;;GALP_50;1;;;;;0,460525032;0,1132441811523
GALP;1,15;1;;GALP_51;1;;;;;0,1064065536;0,114035976
GALP;2,3;2;;GALP_51;1;;;;;0,19298646528;0,1130329412688
GALP;3,45;3;;GALP_51;1;;;;;0,2815673088;0,1116455939712
GALP;4,6;4;;GALP_51;1;;;;;0,446569728;0,1098125392992
GALP;1,15;1;;GALP_52;1;0,20197184475;0,19956196468;;;;
GALP;2,3;2;;GALP_52;1;0,2500140799875;0,19956196468;;;;
GALP;3,45;3;;GALP_52;1;0,30810445568;0,161897608309536;;;;
GALP;4,6;4;;GALP_52;1;0,35991974304;0,161897608309536;;;;
GALP;5,75;;;GALP_52;1;0,43801320576;0,161897608309536;;;;
GALP;6,9;;;GALP_52;1;0,5785440204;0,17037611706808;;;;
GALP;10,35;;;GALP_52;1;0,77944355343;0,1703688827544;;;;
GALP;13,8;;;GALP_52;1;1,004647841025;0,1942213267576;;;;
GALP;17,25;;;GALP_52;1;1,224781897575;0,1942213267576;;;;
GALP;20,7;;;GALP_52;1;1,5276536117625;0,1942213267576;;;;
GALP;1,15;1;;GALP_53;1;0,20197184475;0,19956196468;;;;
GALP;2,3;2;;GALP_53;1;0,2500140799875;0,19956196468;;;;
GALP;3,45;3;;GALP_53;1;0,30810445568;0,161897608309536;;;;
GALP;4,6;4;;GALP_53;1;0,35991974304;0,161897608309536;;;;
GALP;5,75;;;GALP_53;1;0,43801320576;0,161897608309536;;;;
GALP;6,9;;;GALP_53;1;0,5785440204;0,17037611706808;;;;
GALP;10,35;;;GALP_53;1;0,77944355343;0,1703688827544;;;;
GALP;13,8;;;GALP_53;1;1,004647841025;0,1942213267576;;;;
GALP;17,25;;;GALP_53;1;1,224781897575;0,1942213267576;;;;
GALP;20,7;;;GALP_53;1;1,5276536117625;0,1942213267576;;;;
GALP;1,15;1;;GALP_54;1;;;;;0,1041897504;0,1116602265
GALP;2,3;2;;GALP_54;1;;;;;0,18896591392;0,1106780883257
GALP;3,45;3;;GALP_54;1;;;;;0,2757013232;0,1093196440968
GALP;4,6;4;;GALP_54;1;;;;;0,437266192;0,1075247780638
GALP;1,15;1;;GALP_55;1;0,189853534065;0,1872122467992;;;0,1041897504;0,1116602265
GALP;2,3;2;;GALP_55;1;0,23501323518825;0,1872122467992;;;0,18896591392;0,1106780883257
GALP;3,45;3;;GALP_55;1;0,2896181883392;0,151807751810964;;;0,2757013232;0,1093196440968
GALP;4,6;4;;GALP_55;1;0,3383245584576;0,151807751810964;;;0,437266192;0,1075247780638
GALP;5,75;;;GALP_55;1;0,4117324134144;0,151807751810964;;;;
GALP;6,9;;;GALP_55;1;0,543831379176;0,159777550043995;;;;
GALP;10,35;;;GALP_55;1;0,7326769402242;0,159770749789136;;;;
GALP;13,8;;;GALP_55;1;0,9443689705635;0,182192047152144;;;;
GALP;17,25;;;GALP_55;1;1,1512949837205;0,182192047152144;;;;
GALP;20,7;;;GALP_55;1;1,43599439505675;0,182192047152144;;;;
GALP;1,15;1;;GALP_56;1;;;;;0,1019729472;0,109284477
GALP;2,3;2;;GALP_56;1;;;;;0,18494536256;0,1083232353826
GALP;3,45;3;;GALP_56;1;;;;;0,2698353376;0,1069936942224
GALP;4,6;4;;GALP_56;1;;;;;0,427962656;0,1052370168284
GALP;1,15;1;;GALP_57;1;;;;;0,1019729472;0,109284477
GALP;2,3;2;;GALP_57;1;;;;;0,18494536256;0,1083232353826
GALP;3,45;3;;GALP_57;1;;;;;0,2698353376;0,1069936942224
GALP;4,6;4;;GALP_57;1;;;;;0,427962656;0,1052370168284
GALP;1,15;1;;GALP_58;1;;;;;0,1041897504;0,1116602265
GALP;2,3;2;;GALP_58;1;;;;;0,18896591392;0,1106780883257
GALP;3,45;3;;GALP_58;1;;;;;0,2757013232;0,1093196440968
GALP;4,6;4;;GALP_58;1;;;;;0,437266192;0,1075247780638
GALP;1,15;1;;GALP_59;1;0,19389297096;0,1911954860928;;;;
GALP;2,3;2;;GALP_59;1;0,240013516788;0,1911954860928;;;;
GALP;3,45;3;;GALP_59;1;0,2957802774528;0,155037703977155;;;;
GALP;4,6;4;;GALP_59;1;0,3455229533184;0,155037703977155;;;;
GALP;5,75;;;GALP_59;1;0,4204926775296;0,155037703977155;;;;
GALP;6,9;;;GALP_59;1;0,555402259584;0,163177072385357;;;;
GALP;10,35;;;GALP_59;1;0,7482658112928;0,163170127444224;;;;
GALP;13,8;;;GALP_59;1;0,964461927384;0,186068473687296;;;;
GALP;17,25;;;GALP_59;1;1,175790621672;0,186068473687296;;;;
GALP;20,7;;;GALP_59;1;1,466547467292;0,186068473687296;;;;
GALP;1,15;1;;GALP_61;1;0,189853534065;0,1872122467992;;;;
GALP;2,3;2;;GALP_61;1;0,23501323518825;0,1872122467992;;;;
GALP;3,45;3;;GALP_61;1;0,2896181883392;0,151807751810964;;;;
GALP;4,6;4;;GALP_61;1;0,3383245584576;0,151807751810964;;;;
GALP;5,75;;;GALP_61;1;0,4117324134144;0,151807751810964;;;;
GALP;6,9;;;GALP_61;1;0,543831379176;0,159777550043995;;;;
GALP;10,35;;;GALP_61;1;0,7326769402242;0,159770749789136;;;;
GALP;13,8;;;GALP_61;1;0,9443689705635;0,182192047152144;;;;
GALP;17,25;;;GALP_61;1;1,1512949837205;0,182192047152144;;;;
GALP;20,7;;;GALP_61;1;1,43599439505675;0,182192047152144;;;;
GALP;1,15;1;;GALP_63;1;0,18581409717;0,1835970075056;;;;
GALP;2,3;2;;GALP_63;1;0,2300129535885;0,1835970075056;;;;
GALP;3,45;3;;GALP_63;1;0,2834560992256;0,148945799644773;;;;
GALP;4,6;4;;GALP_63;1;0,3311261635968;0,148945799644773;;;;
GALP;5,75;;;GALP_63;1;0,4029721492992;0,148945799644773;;;;
GALP;6,9;;;GALP_63;1;0,532260498768;0,156746027702634;;;;
GALP;10,35;;;GALP_63;1;0,7170880691556;0,156739372134048;;;;
GALP;13,8;;;GALP_63;1;0,924276013743;0,178683620616992;;;;
GALP;17,25;;;GALP_63;1;1,126799345769;0,178683620616992;;;;
GALP;20,7;;;GALP_63;1;1,4054413228215;0,178683620616992;;;;
GALP;1,15;1;;GALP_64;1;0,189853534065;0,1875882467992;;;;
GALP;2,3;2;;GALP_64;1;0,23501323518825;0,1875882467992;;;;
GALP;3,45;3;;GALP_64;1;0,2896181883392;0,152183751810964;;;;
GALP;4,6;4;;GALP_64;1;0,3383245584576;0,152183751810964;;;;
GALP;5,75;;;GALP_64;1;0,4117324134144;0,152183751810964;;;;
GALP;6,9;;;GALP_64;1;0,543831379176;0,160153550043995;;;;
GALP;10,35;;;GALP_64;1;0,7326769402242;0,160146749789136;;;;
GALP;13,8;;;GALP_64;1;0,9443689705635;0,182568047152144;;;;
GALP;17,25;;;GALP_64;1;1,1512949837205;0,182568047152144;;;;
GALP;20,7;;;GALP_64;1;1,43599439505675;0,182568047152144;;;;
GALP;1,15;1;;GALP_65;1;0,189853534065;0,1875882467992;;;;
GALP;2,3;2;;GALP_65;1;0,23501323518825;0,1875882467992;;;;
GALP;3,45;3;;GALP_65;1;0,2896181883392;0,152183751810964;;;;
GALP;4,6;4;;GALP_65;1;0,3383245584576;0,152183751810964;;;;
GALP;5,75;;;GALP_65;1;0,4117324134144;0,152183751810964;;;;
GALP;6,9;;;GALP_65;1;0,543831379176;0,160153550043995;;;;
GALP;10,35;;;GALP_65;1;0,7326769402242;0,160146749789136;;;;
GALP;13,8;;;GALP_65;1;0,9443689705635;0,182568047152144;;;;
GALP;17,25;;;GALP_65;1;1,1512949837205;0,182568047152144;;;;
GALP;20,7;;;GALP_65;1;1,43599439505675;0,182568047152144;;;;
GALP;1,15;1;;GALP_66;1;0,18581409717;0,1835970075056;;;;
GALP;2,3;2;;GALP_66;1;0,2300129535885;0,1835970075056;;;;
GALP;3,45;3;;GALP_66;1;0,2834560992256;0,148945799644773;;;;
GALP;4,6;4;;GALP_66;1;0,3311261635968;0,148945799644773;;;;
GALP;5,75;;;GALP_66;1;0,4029721492992;0,148945799644773;;;;
GALP;6,9;;;GALP_66;1;0,532260498768;0,156746027702634;;;;
GALP;10,35;;;GALP_66;1;0,7170880691556;0,156739372134048;;;;
GALP;13,8;;;GALP_66;1;0,924276013743;0,178683620616992;;;;
GALP;17,25;;;GALP_66;1;1,126799345769;0,178683620616992;;;;
GALP;20,7;;;GALP_66;1;1,4054413228215;0,178683620616992;;;;
GALP;1,15;1;;GALP_67;1;0,18581409717;0,1835970075056;;;;
GALP;2,3;2;;GALP_67;1;0,2300129535885;0,1835970075056;;;;
GALP;3,45;3;;GALP_67;1;0,2834560992256;0,148945799644773;;;;
GALP;4,6;4;;GALP_67;1;0,3311261635968;0,148945799644773;;;;
GALP;5,75;;;GALP_67;1;0,4029721492992;0,148945799644773;;;;
GALP;6,9;;;GALP_67;1;0,532260498768;0,156746027702634;;;;
GALP;10,35;;;GALP_67;1;0,7170880691556;0,156739372134048;;;;
GALP;13,8;;;GALP_67;1;0,924276013743;0,178683620616992;;;;
GALP;17,25;;;GALP_67;1;1,126799345769;0,178683620616992;;;;
GALP;20,7;;;GALP_67;1;1,4054413228215;0,178683620616992;;;;
GALP;1,15;1;;GALP_68;1;0,181774660275;0,179605768212;;;;
GALP;2,3;2;;GALP_68;1;0,22501267198875;0,179605768212;;;;
GALP;3,45;3;;GALP_68;1;0,277294010112;0,145707847478582;;;;
GALP;4,6;4;;GALP_68;1;0,323927768736;0,145707847478582;;;;
GALP;5,75;;;GALP_68;1;0,394211885184;0,145707847478582;;;;
GALP;6,9;;;GALP_68;1;0,52068961836;0,153338505361272;;;;
GALP;10,35;;;GALP_68;1;0,701499198087;0,15333199447896;;;;
GALP;13,8;;;GALP_68;1;0,9041830569225;0,17479919408184;;;;
GALP;17,25;;;GALP_68;1;1,1023037078175;0,17479919408184;;;;
GALP;20,7;;;GALP_68;1;1,37488825058625;0,17479919408184;;;;
GALP;1,15;1;;GALP_69;1;0,18581409717;0,1835970075056;;;;
GALP;2,3;2;;GALP_69;1;0,2300129535885;0,1835970075056;;;;
GALP;3,45;3;;GALP_69;1;0,2834560992256;0,148945799644773;;;;
GALP;4,6;4;;GALP_69;1;0,3311261635968;0,148945799644773;;;;
GALP;5,75;;;GALP_69;1;0,4029721492992;0,148945799644773;;;;
GALP;6,9;;;GALP_69;1;0,532260498768;0,156746027702634;;;;
GALP;10,35;;;GALP_69;1;0,7170880691556;0,156739372134048;;;;
GALP;13,8;;;GALP_69;1;0,924276013743;0,178683620616992;;;;
GALP;17,25;;;GALP_69;1;1,126799345769;0,178683620616992;;;;
GALP;20,7;;;GALP_69;1;1,4054413228215;0,178683620616992;;;;
GALP;1,15;1;;GALP_70;1;0,18581409717;0,1835970075056;;;;
GALP;2,3;2;;GALP_70;1;0,2300129535885;0,1835970075056;;;;
GALP;3,45;3;;GALP_70;1;0,2834560992256;0,148945799644773;;;;
GALP;4,6;4;;GALP_70;1;0,3311261635968;0,148945799644773;;;;
GALP;5,75;;;GALP_70;1;0,4029721492992;0,148945799644773;;;;
GALP;6,9;;;GALP_70;1;0,532260498768;0,156746027702634;;;;
GALP;10,35;;;GALP_70;1;0,7170880691556;0,156739372134048;;;;
GALP;13,8;;;GALP_70;1;0,924276013743;0,178683620616992;;;;
GALP;17,25;;;GALP_70;1;1,126799345769;0,178683620616992;;;;
GALP;20,7;;;GALP_70;1;1,4054413228215;0,178683620616992;;;;
GALP;1,15;1;;GALP_71;1;;;;;0,1019729472;0,109836477
GALP;2,3;2;;GALP_71;1;;;;;0,18494536256;0,1088752353826
GALP;3,45;3;;GALP_71;1;;;;;0,2698353376;0,1075456942224
GALP;4,6;4;;GALP_71;1;;;;;0,427962656;0,1057890168284
GALP;1,15;1;;GALP_72;1;;;;;0,099756144;0,1074487275
GALP;2,3;2;;GALP_72;1;;;;;0,1809248112;0,1065083824395
GALP;3,45;3;;GALP_72;1;;;;;0,263969352;0,105207744348
GALP;4,6;4;;GALP_72;1;;;;;0,41865912;0,103489255593
GALP;1,15;1;;GALP_73;1;;;;;0,1019729472;0,109836477
GALP;2,3;2;;GALP_73;1;;;;;0,18494536256;0,1088752353826
GALP;3,45;3;;GALP_73;1;;;;;0,2698353376;0,1075456942224
GALP;4,6;4;;GALP_73;1;;;;;0,427962656;0,1057890168284
GALP;1,15;1;;GALP_74;1;;;;;0,099756144;0,1074487275
GALP;2,3;2;;GALP_74;1;;;;;0,1809248112;0,1065083824395
GALP;3,45;3;;GALP_74;1;;;;;0,263969352;0,105207744348
GALP;4,6;4;;GALP_74;1;;;;;0,41865912;0,103489255593
GALP;1,15;1;;GALP_75;1;0,189853534065;0,1875882467992;;;;
GALP;2,3;2;;GALP_75;1;0,23501323518825;0,1875882467992;;;;
GALP;3,45;3;;GALP_75;1;0,2896181883392;0,152183751810964;;;;
GALP;4,6;4;;GALP_75;1;0,3383245584576;0,152183751810964;;;;
GALP;5,75;;;GALP_75;1;0,4117324134144;0,152183751810964;;;;
GALP;6,9;;;GALP_75;1;0,543831379176;0,160153550043995;;;;
GALP;10,35;;;GALP_75;1;0,7326769402242;0,160146749789136;;;;
GALP;13,8;;;GALP_75;1;0,9443689705635;0,182568047152144;;;;
GALP;17,25;;;GALP_75;1;1,1512949837205;0,182568047152144;;;;
GALP;20,7;;;GALP_75;1;1,43599439505675;0,182568047152144;;;;
GALP;1,15;1;;GALP_76;1;0,19389297096;0,1915794860928;;;;
GALP;2,3;2;;GALP_76;1;0,240013516788;0,1915794860928;;;;
GALP;3,45;3;;GALP_76;1;0,2957802774528;0,155421703977155;;;;
GALP;4,6;4;;GALP_76;1;0,3455229533184;0,155421703977155;;;;
GALP;5,75;;;GALP_76;1;0,4204926775296;0,155421703977155;;;;
GALP;6,9;;;GALP_76;1;0,555402259584;0,163561072385357;;;;
GALP;10,35;;;GALP_76;1;0,7482658112928;0,163554127444224;;;;
GALP;13,8;;;GALP_76;1;0,964461927384;0,186452473687296;;;;
GALP;17,25;;;GALP_76;1;1,175790621672;0,186452473687296;;;;
GALP;20,7;;;GALP_76;1;1,466547467292;0,186452473687296;;;;
GALP;1,15;1;;GALP_77;1;;;;;0,1041897504;0,1122242265
GALP;2,3;2;;GALP_77;1;;;;;0,18896591392;0,1112420883257
GALP;3,45;3;;GALP_77;1;;;;;0,2757013232;0,1098836440968
GALP;4,6;4;;GALP_77;1;;;;;0,437266192;0,1080887780638
GALP;1,15;1;;GALP_78;1;0,181774660275;0,179605768212;;;;
GALP;2,3;2;;GALP_78;1;0,22501267198875;0,179605768212;;;;
GALP;3,45;3;;GALP_78;1;0,277294010112;0,145707847478582;;;;
GALP;4,6;4;;GALP_78;1;0,323927768736;0,145707847478582;;;;
GALP;5,75;;;GALP_78;1;0,394211885184;0,145707847478582;;;;
GALP;6,9;;;GALP_78;1;0,52068961836;0,153338505361272;;;;
GALP;10,35;;;GALP_78;1;0,701499198087;0,15333199447896;;;;
GALP;13,8;;;GALP_78;1;0,9041830569225;0,17479919408184;;;;
GALP;17,25;;;GALP_78;1;1,1023037078175;0,17479919408184;;;;
GALP;20,7;;;GALP_78;1;1,37488825058625;0,17479919408184;;;;
GALP;1,15;1;;GALP_79;1;0,17773522338;0,1756145289184;;;0,0975393408;0,105060978
GALP;2,3;2;;GALP_79;1;0,220012390389;0,1756145289184;;;0,17690425984;0,1041415294964
GALP;3,45;3;;GALP_79;1;0,2711319209984;0,142469895312392;;;0,2581033664;0,1028697944736
GALP;4,6;4;;GALP_79;1;0,3167293738752;0,142469895312392;;;0,409355584;0,1011894943576
GALP;5,75;;;GALP_79;1;0,3854516210688;0,142469895312392;;;;
GALP;6,9;;;GALP_79;1;0,509118737952;0,14993098301991;;;;
GALP;10,35;;;GALP_79;1;0,6859103270184;0,149924616823872;;;;
GALP;13,8;;;GALP_79;1;0,884090100102;0,170914767546688;;;;
GALP;17,25;;;GALP_79;1;1,077808069866;0,170914767546688;;;;
GALP;20,7;;;GALP_79;1;1,344335178351;0,170914767546688;;;;
GALP;1,15;1;;GALP_80;1;0,181774660275;0,179605768212;;;0,099756144;0,1074487275
GALP;2,3;2;;GALP_80;1;0,22501267198875;0,179605768212;;;0,1809248112;0,1065083824395
GALP;3,45;3;;GALP_80;1;0,277294010112;0,145707847478582;;;0,263969352;0,105207744348
GALP;4,6;4;;GALP_80;1;0,323927768736;0,145707847478582;;;0,41865912;0,103489255593
GALP;5,75;;;GALP_80;1;0,394211885184;0,145707847478582;;;;
GALP;6,9;;;GALP_80;1;0,52068961836;0,153338505361272;;;;
GALP;10,35;;;GALP_80;1;0,701499198087;0,15333199447896;;;;
GALP;13,8;;;GALP_80;1;0,9041830569225;0,17479919408184;;;;
GALP;17,25;;;GALP_80;1;1,1023037078175;0,17479919408184;;;;
GALP;20,7;;;GALP_80;1;1,37488825058625;0,17479919408184;;;;
GALP;1,15;1;;GALP_81;1;0,17773522338;0,1756145289184;;;0,0975393408;0,105060978
GALP;2,3;2;;GALP_81;1;0,220012390389;0,1756145289184;;;0,17690425984;0,1041415294964
GALP;3,45;3;;GALP_81;1;0,2711319209984;0,142469895312392;;;0,2581033664;0,1028697944736
GALP;4,6;4;;GALP_81;1;0,3167293738752;0,142469895312392;;;0,409355584;0,1011894943576
GALP;5,75;;;GALP_81;1;0,3854516210688;0,142469895312392;;;;
GALP;6,9;;;GALP_81;1;0,509118737952;0,14993098301991;;;;
GALP;10,35;;;GALP_81;1;0,6859103270184;0,149924616823872;;;;
GALP;13,8;;;GALP_81;1;0,884090100102;0,170914767546688;;;;
GALP;17,25;;;GALP_81;1;1,077808069866;0,170914767546688;;;;
GALP;20,7;;;GALP_81;1;1,344335178351;0,170914767546688;;;;
GALP;1,15;1;;GALP_82;1;0,189853534065;0,1875882467992;;;0,1041897504;0,1122242265
GALP;2,3;2;;GALP_82;1;0,23501323518825;0,1875882467992;;;0,18896591392;0,1112420883257
GALP;3,45;3;;GALP_82;1;0,2896181883392;0,152183751810964;;;0,2757013232;0,1098836440968
GALP;4,6;4;;GALP_82;1;0,3383245584576;0,152183751810964;;;0,437266192;0,1080887780638
GALP;5,75;;;GALP_82;1;0,4117324134144;0,152183751810964;;;;
GALP;6,9;;;GALP_82;1;0,543831379176;0,160153550043995;;;;
GALP;10,35;;;GALP_82;1;0,7326769402242;0,160146749789136;;;;
GALP;13,8;;;GALP_82;1;0,9443689705635;0,182568047152144;;;;
GALP;17,25;;;GALP_82;1;1,1512949837205;0,182568047152144;;;;
GALP;20,7;;;GALP_82;1;1,43599439505675;0,182568047152144;;;;
GALP;1,15;1;;GALP_84;1;0,1571;0,153917344331529;;;;
GALP;2,3;2;;GALP_84;1;0,2071;0,153917344331529;;;;
GALP;3,45;3;;GALP_84;1;0,2256;0,153917344331529;;;;
GALP;4,6;4;;GALP_84;1;0,2875;0,153917344331529;;;;
GALP;5,75;;;GALP_84;1;0,3521;0,153917344331529;;;;
GALP;6,9;;;GALP_84;1;0,4495;0,153917344331529;;;;
GALP;10,35;;;GALP_84;1;0,636;0,153917344331529;;;;
GALP;13,8;;;GALP_84;1;0,8337;0,153917344331529;;;;
GALP;17,25;;;GALP_84;1;1,0223;0,153917344331529;;;;
GALP;20,7;;;GALP_84;1;1,2211;0,153917344331529;;;;
GALP;1,15;1;;GALP_85;1;0,18581409717;0,1835970075056;;;0,1019729472;0,109836477
GALP;2,3;2;;GALP_85;1;0,2300129535885;0,1835970075056;;;0,18494536256;0,1088752353826
GALP;3,45;3;;GALP_85;1;0,2834560992256;0,148945799644773;;;0,2698353376;0,1075456942224
GALP;4,6;4;;GALP_85;1;0,3311261635968;0,148945799644773;;;0,427962656;0,1057890168284
GALP;5,75;;;GALP_85;1;0,4029721492992;0,148945799644773;;;;
GALP;6,9;;;GALP_85;1;0,532260498768;0,156746027702634;;;;
GALP;10,35;;;GALP_85;1;0,7170880691556;0,156739372134048;;;;
GALP;13,8;;;GALP_85;1;0,924276013743;0,178683620616992;;;;
GALP;17,25;;;GALP_85;1;1,126799345769;0,178683620616992;;;;
GALP;20,7;;;GALP_85;1;1,4054413228215;0,178683620616992;;;;
GALP;1,15;1;;GALP_86;1;0,181774660275;0,179605768212;;;0,099756144;0,1074487275
GALP;2,3;2;;GALP_86;1;0,22501267198875;0,179605768212;;;0,1809248112;0,1065083824395
GALP;3,45;3;;GALP_86;1;0,277294010112;0,145707847478582;;;0,263969352;0,105207744348
GALP;4,6;4;;GALP_86;1;0,323927768736;0,145707847478582;;;0,41865912;0,103489255593
GALP;5,75;;;GALP_86;1;0,394211885184;0,145707847478582;;;;
GALP;6,9;;;GALP_86;1;0,52068961836;0,153338505361272;;;;
GALP;10,35;;;GALP_86;1;0,701499198087;0,15333199447896;;;;
GALP;13,8;;;GALP_86;1;0,9041830569225;0,17479919408184;;;;
GALP;17,25;;;GALP_86;1;1,1023037078175;0,17479919408184;;;;
GALP;20,7;;;GALP_86;1;1,37488825058625;0,17479919408184;;;;
GALP;1,15;1;;GALP_87;1;0,181774660275;0,179605768212;;;0,099756144;0,1074487275
GALP;2,3;2;;GALP_87;1;0,22501267198875;0,179605768212;;;0,1809248112;0,1065083824395
GALP;3,45;3;;GALP_87;1;0,277294010112;0,145707847478582;;;0,263969352;0,105207744348
GALP;4,6;4;;GALP_87;1;0,323927768736;0,145707847478582;;;0,41865912;0,103489255593
GALP;5,75;;;GALP_87;1;0,394211885184;0,145707847478582;;;;
GALP;6,9;;;GALP_87;1;0,52068961836;0,153338505361272;;;;
GALP;10,35;;;GALP_87;1;0,701499198087;0,15333199447896;;;;
GALP;13,8;;;GALP_87;1;0,9041830569225;0,17479919408184;;;;
GALP;17,25;;;GALP_87;1;1,1023037078175;0,17479919408184;;;;
GALP;20,7;;;GALP_87;1;1,37488825058625;0,17479919408184;;;;
GALP;1,15;1;;GALP_88;1;0,18581409717;0,1835970075056;;;0,1019729472;0,109836477
GALP;2,3;2;;GALP_88;1;0,2300129535885;0,1835970075056;;;0,18494536256;0,1088752353826
GALP;3,45;3;;GALP_88;1;0,2834560992256;0,148945799644773;;;0,2698353376;0,1075456942224
GALP;4,6;4;;GALP_88;1;0,3311261635968;0,148945799644773;;;0,427962656;0,1057890168284
GALP;5,75;;;GALP_88;1;0,4029721492992;0,148945799644773;;;;
GALP;6,9;;;GALP_88;1;0,532260498768;0,156746027702634;;;;
GALP;10,35;;;GALP_88;1;0,7170880691556;0,156739372134048;;;;
GALP;13,8;;;GALP_88;1;0,924276013743;0,178683620616992;;;;
GALP;17,25;;;GALP_88;1;1,126799345769;0,178683620616992;;;;
GALP;20,7;;;GALP_88;1;1,4054413228215;0,178683620616992;;;;
GALP;1,15;1;;GALP_89;1;0,189853534065;0,1875882467992;;;;
GALP;2,3;2;;GALP_89;1;0,23501323518825;0,1875882467992;;;;
GALP;3,45;3;;GALP_89;1;0,2896181883392;0,152183751810964;;;;
GALP;4,6;4;;GALP_89;1;0,3383245584576;0,152183751810964;;;;
GALP;5,75;;;GALP_89;1;0,4117324134144;0,152183751810964;;;;
GALP;6,9;;;GALP_89;1;0,543831379176;0,160153550043995;;;;
GALP;10,35;;;GALP_89;1;0,7326769402242;0,160146749789136;;;;
GALP;13,8;;;GALP_89;1;0,9443689705635;0,182568047152144;;;;
GALP;17,25;;;GALP_89;1;1,1512949837205;0,182568047152144;;;;
GALP;20,7;;;GALP_89;1;1,43599439505675;0,182568047152144;;;;
GALP;1,15;1;;GALP_90;1;0,18581409717;0,1835970075056;;;0,1019729472;0,109836477
GALP;2,3;2;;GALP_90;1;0,2300129535885;0,1835970075056;;;0,18494536256;0,1088752353826
GALP;3,45;3;;GALP_90;1;0,2834560992256;0,148945799644773;;;0,2698353376;0,1075456942224
GALP;4,6;4;;GALP_90;1;0,3311261635968;0,148945799644773;;;0,427962656;0,1057890168284
GALP;5,75;;;GALP_90;1;0,4029721492992;0,148945799644773;;;;
GALP;6,9;;;GALP_90;1;0,532260498768;0,156746027702634;;;;
GALP;10,35;;;GALP_90;1;0,7170880691556;0,156739372134048;;;;
GALP;13,8;;;GALP_90;1;0,924276013743;0,178683620616992;;;;
GALP;17,25;;;GALP_90;1;1,126799345769;0,178683620616992;;;;
GALP;20,7;;;GALP_90;1;1,4054413228215;0,178683620616992;;;;
GALP;1,15;1;;GALP_91;1;0,181774660275;0,179605768212;;;0,099756144;0,1074487275
GALP;2,3;2;;GALP_91;1;0,22501267198875;0,179605768212;;;0,1809248112;0,1065083824395
GALP;3,45;3;;GALP_91;1;0,277294010112;0,145707847478582;;;0,263969352;0,105207744348
GALP;4,6;4;;GALP_91;1;0,323927768736;0,145707847478582;;;0,41865912;0,103489255593
GALP;5,75;;;GALP_91;1;0,394211885184;0,145707847478582;;;;
GALP;6,9;;;GALP_91;1;0,52068961836;0,153338505361272;;;;
GALP;10,35;;;GALP_91;1;0,701499198087;0,15333199447896;;;;
GALP;13,8;;;GALP_91;1;0,9041830569225;0,17479919408184;;;;
GALP;17,25;;;GALP_91;1;1,1023037078175;0,17479919408184;;;;
GALP;20,7;;;GALP_91;1;1,37488825058625;0,17479919408184;;;;
GALP;1,15;1;;GALP_92;1;0,181774660275;0,179605768212;;;0,099756144;0,1074487275
GALP;2,3;2;;GALP_92;1;0,22501267198875;0,179605768212;;;0,1809248112;0,1065083824395
GALP;3,45;3;;GALP_92;1;0,277294010112;0,145707847478582;;;0,263969352;0,105207744348
GALP;4,6;4;;GALP_92;1;0,323927768736;0,145707847478582;;;0,41865912;0,103489255593
GALP;5,75;;;GALP_92;1;0,394211885184;0,145707847478582;;;;
GALP;6,9;;;GALP_92;1;0,52068961836;0,153338505361272;;;;
GALP;10,35;;;GALP_92;1;0,701499198087;0,15333199447896;;;;
GALP;13,8;;;GALP_92;1;0,9041830569225;0,17479919408184;;;;
GALP;17,25;;;GALP_92;1;1,1023037078175;0,17479919408184;;;;
GALP;20,7;;;GALP_92;1;1,37488825058625;0,17479919408184;;;;
GALP;1,15;1;;GALP_93;1;0,18581409717;0,1835970075056;;;0,1019729472;0,109836477
GALP;2,3;2;;GALP_93;1;0,2300129535885;0,1835970075056;;;0,18494536256;0,1088752353826
GALP;3,45;3;;GALP_93;1;0,2834560992256;0,148945799644773;;;0,2698353376;0,1075456942224
GALP;4,6;4;;GALP_93;1;0,3311261635968;0,148945799644773;;;0,427962656;0,1057890168284
GALP;5,75;;;GALP_93;1;0,4029721492992;0,148945799644773;;;;
GALP;6,9;;;GALP_93;1;0,532260498768;0,156746027702634;;;;
GALP;10,35;;;GALP_93;1;0,7170880691556;0,156739372134048;;;;
GALP;13,8;;;GALP_93;1;0,924276013743;0,178683620616992;;;;
GALP;17,25;;;GALP_93;1;1,126799345769;0,178683620616992;;;;
GALP;20,7;;;GALP_93;1;1,4054413228215;0,178683620616992;;;;
GALP;1,15;1;;GALP_94;1;0,20197184475;0,19956196468;;;;
GALP;2,3;2;;GALP_94;1;0,2500140799875;0,19956196468;;;;
GALP;3,45;3;;GALP_94;1;0,30810445568;0,161897608309536;;;;
GALP;4,6;4;;GALP_94;1;0,35991974304;0,161897608309536;;;;
GALP;5,75;;;GALP_94;1;0,43801320576;0,161897608309536;;;;
GALP;6,9;;;GALP_94;1;0,5785440204;0,17037611706808;;;;
GALP;10,35;;;GALP_94;1;0,77944355343;0,1703688827544;;;;
GALP;13,8;;;GALP_94;1;1,004647841025;0,1942213267576;;;;
GALP;17,25;;;GALP_94;1;1,224781897575;0,1942213267576;;;;
GALP;20,7;;;GALP_94;1;1,5276536117625;0,1942213267576;;;;
GALP;1,15;1;;GALP_95;1;0,20197184475;0,19956196468;;;;
GALP;2,3;2;;GALP_95;1;0,2500140799875;0,19956196468;;;;
GALP;3,45;3;;GALP_95;1;0,30810445568;0,161897608309536;;;;
GALP;4,6;4;;GALP_95;1;0,35991974304;0,161897608309536;;;;
GALP;5,75;;;GALP_95;1;0,43801320576;0,161897608309536;;;;
GALP;6,9;;;GALP_95;1;0,5785440204;0,17037611706808;;;;
GALP;10,35;;;GALP_95;1;0,77944355343;0,1703688827544;;;;
GALP;13,8;;;GALP_95;1;1,004647841025;0,1942213267576;;;;
GALP;17,25;;;GALP_95;1;1,224781897575;0,1942213267576;;;;
GALP;20,7;;;GALP_95;1;1,5276536117625;0,1942213267576;;;;
GALP;1,15;1;;GALP_96;1;0,20197184475;0,19956196468;;;;
GALP;2,3;2;;GALP_96;1;0,2500140799875;0,19956196468;;;;
GALP;3,45;3;;GALP_96;1;0,30810445568;0,161897608309536;;;;
GALP;4,6;4;;GALP_96;1;0,35991974304;0,161897608309536;;;;
GALP;5,75;;;GALP_96;1;0,43801320576;0,161897608309536;;;;
GALP;6,9;;;GALP_96;1;0,5785440204;0,17037611706808;;;;
GALP;10,35;;;GALP_96;1;0,77944355343;0,1703688827544;;;;
GALP;13,8;;;GALP_96;1;1,004647841025;0,1942213267576;;;;
GALP;17,25;;;GALP_96;1;1,224781897575;0,1942213267576;;;;
GALP;20,7;;;GALP_96;1;1,5276536117625;0,1942213267576;;;;
GALP;1,15;1;;GALP_97;1;0,20197184475;0,19956196468;;;;
GALP;2,3;2;;GALP_97;1;0,2500140799875;0,19956196468;;;;
GALP;3,45;3;;GALP_97;1;0,30810445568;0,161897608309536;;;;
GALP;4,6;4;;GALP_97;1;0,35991974304;0,161897608309536;;;;
GALP;5,75;;;GALP_97;1;0,43801320576;0,161897608309536;;;;
GALP;6,9;;;GALP_97;1;0,5785440204;0,17037611706808;;;;
GALP;10,35;;;GALP_97;1;0,77944355343;0,1703688827544;;;;
GALP;13,8;;;GALP_97;1;1,004647841025;0,1942213267576;;;;
GALP;17,25;;;GALP_97;1;1,224781897575;0,1942213267576;;;;
GALP;20,7;;;GALP_97;1;1,5276536117625;0,1942213267576;;;;
GALP;1,15;1;;GALP_98;1;0,20197184475;0,19956196468;;;0,11084016;0,119387475
GALP;2,3;2;;GALP_98;1;0,2500140799875;0,19956196468;;;0,201027568;0,118342647155
GALP;3,45;3;;GALP_98;1;0,30810445568;0,161897608309536;;;0,29329928;0,11689749372
GALP;4,6;4;;GALP_98;1;0,35991974304;0,161897608309536;;;0,4651768;0,11498806177
GALP;5,75;;;GALP_98;1;0,43801320576;0,161897608309536;;;;
GALP;6,9;;;GALP_98;1;0,5785440204;0,17037611706808;;;;
GALP;10,35;;;GALP_98;1;0,77944355343;0,1703688827544;;;;
GALP;13,8;;;GALP_98;1;1,004647841025;0,1942213267576;;;;
GALP;17,25;;;GALP_98;1;1,224781897575;0,1942213267576;;;;
GALP;20,7;;;GALP_98;1;1,5276536117625;0,1942213267576;;;;
GALP;1,15;1;;GALP_99;1;0,20197184475;0,19956196468;;;0,11084016;0,119387475
GALP;2,3;2;;GALP_99;1;0,2500140799875;0,19956196468;;;0,201027568;0,118342647155
GALP;3,45;3;;GALP_99;1;0,30810445568;0,161897608309536;;;0,29329928;0,11689749372
GALP;4,6;4;;GALP_99;1;0,35991974304;0,161897608309536;;;0,4651768;0,11498806177
GALP;5,75;;;GALP_99;1;0,43801320576;0,161897608309536;;;;
GALP;6,9;;;GALP_99;1;0,5785440204;0,17037611706808;;;;
GALP;10,35;;;GALP_99;1;0,77944355343;0,1703688827544;;;;
GALP;13,8;;;GALP_99;1;1,004647841025;0,1942213267576;;;;
GALP;17,25;;;GALP_99;1;1,224781897575;0,1942213267576;;;;
GALP;20,7;;;GALP_99;1;1,5276536117625;0,1942213267576;;;;
GALP;1,15;;;GALP_01;2;0,18581409717;0,20484486517248;0,1385266408992;;;
GALP;2,3;;;GALP_01;2;0,2300129535885;0,20484486517248;0,1385266408992;;;
GALP;3,45;;;GALP_01;2;0,2834560992256;0,177366380505294;0,12597135982016;;;
GALP;4,6;;;GALP_01;2;0,3311261635968;0,177366380505294;0,12597135982016;;;
GALP;5,75;;;GALP_01;2;0,4029721492992;0,177366380505294;0,12597135982016;;;
GALP;6,9;;;GALP_01;2;0,532260498768;0,17236145489448;0,115533382874112;;;
GALP;10,35;;;GALP_01;2;0,7170880691556;0,172334748029553;0,115526483882432;;;
GALP;13,8;;;GALP_01;2;0,924276013743;0,192936670904402;0,13097549899716;;;
GALP;17,25;;;GALP_01;2;1,126799345769;0,192936670904402;0,13097549899716;;;
GALP;20,7;;;GALP_01;2;1,4054413228215;0,192936670904402;0,13097549899716;;;
GALP;1,15;;;GALP_02;2;0,181774660275;0,2003917159296;0,135515192184;;;
GALP;2,3;;;GALP_02;2;0,22501267198875;0,2003917159296;0,135515192184;;;
GALP;3,45;;;GALP_02;2;0,277294010112;0,173510589624745;0,123232851997983;;;
GALP;4,6;;;GALP_02;2;0,323927768736;0,173510589624745;0,123232851997983;;;
GALP;5,75;;;GALP_02;2;0,394211885184;0,173510589624745;0,123232851997983;;;
GALP;6,9;;;GALP_02;2;0,52068961836;0,1686144667446;0,11302178759424;;;
GALP;10,35;;;GALP_02;2;0,701499198087;0,168588340463693;0,11301503858064;;;
GALP;13,8;;;GALP_02;2;0,9041830569225;0,188742395449958;0,1281282055407;;;
GALP;17,25;;;GALP_02;2;1,1023037078175;0,188742395449958;0,1281282055407;;;
GALP;20,7;;;GALP_02;2;1,37488825058625;0,188742395449958;0,1281282055407;;;
GALP;1,15;;;GALP_03;2;0,18581409717;0,20484486517248;0,1385266408992;;;
GALP;2,3;;;GALP_03;2;0,2300129535885;0,20484486517248;0,1385266408992;;;
GALP;3,45;;;GALP_03;2;0,2834560992256;0,177366380505294;0,12597135982016;;;
GALP;4,6;;;GALP_03;2;0,3311261635968;0,177366380505294;0,12597135982016;;;
GALP;5,75;;;GALP_03;2;0,4029721492992;0,177366380505294;0,12597135982016;;;
GALP;6,9;;;GALP_03;2;0,532260498768;0,17236145489448;0,115533382874112;;;
GALP;10,35;;;GALP_03;2;0,7170880691556;0,172334748029553;0,115526483882432;;;
GALP;13,8;;;GALP_03;2;0,924276013743;0,192936670904402;0,13097549899716;;;
GALP;17,25;;;GALP_03;2;1,126799345769;0,192936670904402;0,13097549899716;;;
GALP;20,7;;;GALP_03;2;1,4054413228215;0,192936670904402;0,13097549899716;;;
GALP;1,15;;;GALP_04;2;0,18581409717;0,20484486517248;0,1385266408992;;;
GALP;2,3;;;GALP_04;2;0,2300129535885;0,20484486517248;0,1385266408992;;;
GALP;3,45;;;GALP_04;2;0,2834560992256;0,177366380505294;0,12597135982016;;;
GALP;4,6;;;GALP_04;2;0,3311261635968;0,177366380505294;0,12597135982016;;;
GALP;5,75;;;GALP_04;2;0,4029721492992;0,177366380505294;0,12597135982016;;;
GALP;6,9;;;GALP_04;2;0,532260498768;0,17236145489448;0,115533382874112;;;
GALP;10,35;;;GALP_04;2;0,7170880691556;0,172334748029553;0,115526483882432;;;
GALP;13,8;;;GALP_04;2;0,924276013743;0,192936670904402;0,13097549899716;;;
GALP;17,25;;;GALP_04;2;1,126799345769;0,192936670904402;0,13097549899716;;;
GALP;20,7;;;GALP_04;2;1,4054413228215;0,192936670904402;0,13097549899716;;;
GALP;1,15;;;GALP_05;2;0,181774660275;0,2003917159296;0,135515192184;;;
GALP;2,3;;;GALP_05;2;0,22501267198875;0,2003917159296;0,135515192184;;;
GALP;3,45;;;GALP_05;2;0,277294010112;0,173510589624745;0,123232851997983;;;
GALP;4,6;;;GALP_05;2;0,323927768736;0,173510589624745;0,123232851997983;;;
GALP;5,75;;;GALP_05;2;0,394211885184;0,173510589624745;0,123232851997983;;;
GALP;6,9;;;GALP_05;2;0,52068961836;0,1686144667446;0,11302178759424;;;
GALP;10,35;;;GALP_05;2;0,701499198087;0,168588340463693;0,11301503858064;;;
GALP;13,8;;;GALP_05;2;0,9041830569225;0,188742395449958;0,1281282055407;;;
GALP;17,25;;;GALP_05;2;1,1023037078175;0,188742395449958;0,1281282055407;;;
GALP;20,7;;;GALP_05;2;1,37488825058625;0,188742395449958;0,1281282055407;;;
GALP;1,15;;;GALP_06;2;0,17773522338;0,19593856668672;0,1325037434688;;;
GALP;2,3;;;GALP_06;2;0,220012390389;0,19593856668672;0,1325037434688;;;
GALP;3,45;;;GALP_06;2;0,2711319209984;0,169654798744195;0,120494344175806;;;
GALP;4,6;;;GALP_06;2;0,3167293738752;0,169654798744195;0,120494344175806;;;
GALP;5,75;;;GALP_06;2;0,3854516210688;0,169654798744195;0,120494344175806;;;
GALP;6,9;;;GALP_06;2;0,509118737952;0,16486747859472;0,110510192314368;;;
GALP;10,35;;;GALP_06;2;0,6859103270184;0,164841932897833;0,110503593278848;;;
GALP;13,8;;;GALP_06;2;0,884090100102;0,184548119995515;0,12528091208424;;;
GALP;17,25;;;GALP_06;2;1,077808069866;0,184548119995515;0,12528091208424;;;
GALP;20,7;;;GALP_06;2;1,344335178351;0,184548119995515;0,12528091208424;;;
GALP;1,15;;;GALP_07;2;0,181774660275;0,2003917159296;0,135515192184;;;
GALP;2,3;;;GALP_07;2;0,22501267198875;0,2003917159296;0,135515192184;;;
GALP;3,45;;;GALP_07;2;0,277294010112;0,173510589624745;0,123232851997983;;;
GALP;4,6;;;GALP_07;2;0,323927768736;0,173510589624745;0,123232851997983;;;
GALP;5,75;;;GALP_07;2;0,394211885184;0,173510589624745;0,123232851997983;;;
GALP;6,9;;;GALP_07;2;0,52068961836;0,1686144667446;0,11302178759424;;;
GALP;10,35;;;GALP_07;2;0,701499198087;0,168588340463693;0,11301503858064;;;
GALP;13,8;;;GALP_07;2;0,9041830569225;0,188742395449958;0,1281282055407;;;
GALP;17,25;;;GALP_07;2;1,1023037078175;0,188742395449958;0,1281282055407;;;
GALP;20,7;;;GALP_07;2;1,37488825058625;0,188742395449958;0,1281282055407;;;
GALP;1,15;;;GALP_08;2;0,20197184475;0,222657462144;0,15057243576;;;
GALP;2,3;;;GALP_08;2;0,2500140799875;0,222657462144;0,15057243576;;;
GALP;3,45;;;GALP_08;2;0,30810445568;0,192789544027494;0,13692539110887;;;
GALP;4,6;;;GALP_08;2;0,35991974304;0,192789544027494;0,13692539110887;;;
GALP;5,75;;;GALP_08;2;0,43801320576;0,192789544027494;0,13692539110887;;;
GALP;6,9;;;GALP_08;2;0,5785440204;0,187349407494;0,1255797639936;;;
GALP;10,35;;;GALP_08;2;0,77944355343;0,187320378292992;0,1255722650896;;;
GALP;13,8;;;GALP_08;2;1,004647841025;0,209713772722176;0,142364672823;;;
GALP;17,25;;;GALP_08;2;1,224781897575;0,209713772722176;0,142364672823;;;
GALP;20,7;;;GALP_08;2;1,5276536117625;0,209713772722176;0,142364672823;;;
GALP;1,15;;;GALP_09;2;0,20197184475;0,222657462144;0,15057243576;;;
GALP;2,3;;;GALP_09;2;0,2500140799875;0,222657462144;0,15057243576;;;
GALP;3,45;;;GALP_09;2;0,30810445568;0,192789544027494;0,13692539110887;;;
GALP;4,6;;;GALP_09;2;0,35991974304;0,192789544027494;0,13692539110887;;;
GALP;5,75;;;GALP_09;2;0,43801320576;0,192789544027494;0,13692539110887;;;
GALP;6,9;;;GALP_09;2;0,5785440204;0,187349407494;0,1255797639936;;;
GALP;10,35;;;GALP_09;2;0,77944355343;0,187320378292992;0,1255722650896;;;
GALP;13,8;;;GALP_09;2;1,004647841025;0,209713772722176;0,142364672823;;;
GALP;17,25;;;GALP_09;2;1,224781897575;0,209713772722176;0,142364672823;;;
GALP;20,7;;;GALP_09;2;1,5276536117625;0,209713772722176;0,142364672823;;;
GALP;1,15;;;GALP_10;2;0,20197184475;0,222657462144;0,15057243576;;;
GALP;2,3;;;GALP_10;2;0,2500140799875;0,222657462144;0,15057243576;;;
GALP;3,45;;;GALP_10;2;0,30810445568;0,192789544027494;0,13692539110887;;;
GALP;4,6;;;GALP_10;2;0,35991974304;0,192789544027494;0,13692539110887;;;
GALP;5,75;;;GALP_10;2;0,43801320576;0,192789544027494;0,13692539110887;;;
GALP;6,9;;;GALP_10;2;0,5785440204;0,187349407494;0,1255797639936;;;
GALP;10,35;;;GALP_10;2;0,77944355343;0,187320378292992;0,1255722650896;;;
GALP;13,8;;;GALP_10;2;1,004647841025;0,209713772722176;0,142364672823;;;
GALP;17,25;;;GALP_10;2;1,224781897575;0,209713772722176;0,142364672823;;;
GALP;20,7;;;GALP_10;2;1,5276536117625;0,209713772722176;0,142364672823;;;
GALP;1,15;;;GALP_100;2;0,20197184475;0,222657462144;0,15057243576;;;
GALP;2,3;;;GALP_100;2;0,2500140799875;0,222657462144;0,15057243576;;;
GALP;3,45;;;GALP_100;2;0,30810445568;0,192789544027494;0,13692539110887;;;
GALP;4,6;;;GALP_100;2;0,35991974304;0,192789544027494;0,13692539110887;;;
GALP;5,75;;;GALP_100;2;0,43801320576;0,192789544027494;0,13692539110887;;;
GALP;6,9;;;GALP_100;2;0,5785440204;0,187349407494;0,1255797639936;;;
GALP;10,35;;;GALP_100;2;0,77944355343;0,187320378292992;0,1255722650896;;;
GALP;13,8;;;GALP_100;2;1,004647841025;0,209713772722176;0,142364672823;;;
GALP;17,25;;;GALP_100;2;1,224781897575;0,209713772722176;0,142364672823;;;
GALP;20,7;;;GALP_100;2;1,5276536117625;0,209713772722176;0,142364672823;;;
GALP;1,15;;;GALP_101;2;0,20197184475;0,222657462144;0,15057243576;;;
GALP;2,3;;;GALP_101;2;0,2500140799875;0,222657462144;0,15057243576;;;
GALP;3,45;;;GALP_101;2;0,30810445568;0,192789544027494;0,13692539110887;;;
GALP;4,6;;;GALP_101;2;0,35991974304;0,192789544027494;0,13692539110887;;;
GALP;5,75;;;GALP_101;2;0,43801320576;0,192789544027494;0,13692539110887;;;
GALP;6,9;;;GALP_101;2;0,5785440204;0,187349407494;0,1255797639936;;;
GALP;10,35;;;GALP_101;2;0,77944355343;0,187320378292992;0,1255722650896;;;
GALP;13,8;;;GALP_101;2;1,004647841025;0,209713772722176;0,142364672823;;;
GALP;17,25;;;GALP_101;2;1,224781897575;0,209713772722176;0,142364672823;;;
GALP;20,7;;;GALP_101;2;1,5276536117625;0,209713772722176;0,142364672823;;;
GALP;1,15;;;GALP_102;2;0,20197184475;0,222657462144;0,15057243576;;;
GALP;2,3;;;GALP_102;2;0,2500140799875;0,222657462144;0,15057243576;;;
GALP;3,45;;;GALP_102;2;0,30810445568;0,192789544027494;0,13692539110887;;;
GALP;4,6;;;GALP_102;2;0,35991974304;0,192789544027494;0,13692539110887;;;
GALP;5,75;;;GALP_102;2;0,43801320576;0,192789544027494;0,13692539110887;;;
GALP;6,9;;;GALP_102;2;0,5785440204;0,187349407494;0,1255797639936;;;
GALP;10,35;;;GALP_102;2;0,77944355343;0,187320378292992;0,1255722650896;;;
GALP;13,8;;;GALP_102;2;1,004647841025;0,209713772722176;0,142364672823;;;
GALP;17,25;;;GALP_102;2;1,224781897575;0,209713772722176;0,142364672823;;;
GALP;20,7;;;GALP_102;2;1,5276536117625;0,209713772722176;0,142364672823;;;
GALP;1,15;;;GALP_103;2;0,20197184475;0,222657462144;0,15057243576;;;
GALP;2,3;;;GALP_103;2;0,2500140799875;0,222657462144;0,15057243576;;;
GALP;3,45;;;GALP_103;2;0,30810445568;0,192789544027494;0,13692539110887;;;
GALP;4,6;;;GALP_103;2;0,35991974304;0,192789544027494;0,13692539110887;;;
GALP;5,75;;;GALP_103;2;0,43801320576;0,192789544027494;0,13692539110887;;;
GALP;6,9;;;GALP_103;2;0,5785440204;0,187349407494;0,1255797639936;;;
GALP;10,35;;;GALP_103;2;0,77944355343;0,187320378292992;0,1255722650896;;;
GALP;13,8;;;GALP_103;2;1,004647841025;0,209713772722176;0,142364672823;;;
GALP;17,25;;;GALP_103;2;1,224781897575;0,209713772722176;0,142364672823;;;
GALP;20,7;;;GALP_103;2;1,5276536117625;0,209713772722176;0,142364672823;;;
GALP;1,15;;;GALP_104;2;0,20197184475;0,222657462144;0,15057243576;;;
GALP;2,3;;;GALP_104;2;0,2500140799875;0,222657462144;0,15057243576;;;
GALP;3,45;;;GALP_104;2;0,30810445568;0,192789544027494;0,13692539110887;;;
GALP;4,6;;;GALP_104;2;0,35991974304;0,192789544027494;0,13692539110887;;;
GALP;5,75;;;GALP_104;2;0,43801320576;0,192789544027494;0,13692539110887;;;
GALP;6,9;;;GALP_104;2;0,5785440204;0,187349407494;0,1255797639936;;;
GALP;10,35;;;GALP_104;2;0,77944355343;0,187320378292992;0,1255722650896;;;
GALP;13,8;;;GALP_104;2;1,004647841025;0,209713772722176;0,142364672823;;;
GALP;17,25;;;GALP_104;2;1,224781897575;0,209713772722176;0,142364672823;;;
GALP;20,7;;;GALP_104;2;1,5276536117625;0,209713772722176;0,142364672823;;;
GALP;1,15;;;GALP_105;2;0,20197184475;0,222657462144;0,15057243576;;;
GALP;2,3;;;GALP_105;2;0,2500140799875;0,222657462144;0,15057243576;;;
GALP;3,45;;;GALP_105;2;0,30810445568;0,192789544027494;0,13692539110887;;;
GALP;4,6;;;GALP_105;2;0,35991974304;0,192789544027494;0,13692539110887;;;
GALP;5,75;;;GALP_105;2;0,43801320576;0,192789544027494;0,13692539110887;;;
GALP;6,9;;;GALP_105;2;0,5785440204;0,187349407494;0,1255797639936;;;
GALP;10,35;;;GALP_105;2;0,77944355343;0,187320378292992;0,1255722650896;;;
GALP;13,8;;;GALP_105;2;1,004647841025;0,209713772722176;0,142364672823;;;
GALP;17,25;;;GALP_105;2;1,224781897575;0,209713772722176;0,142364672823;;;
GALP;20,7;;;GALP_105;2;1,5276536117625;0,209713772722176;0,142364672823;;;
GALP;1,15;;;GALP_106;2;0,20197184475;0,222657462144;0,15057243576;;;
GALP;2,3;;;GALP_106;2;0,2500140799875;0,222657462144;0,15057243576;;;
GALP;3,45;;;GALP_106;2;0,30810445568;0,192789544027494;0,13692539110887;;;
GALP;4,6;;;GALP_106;2;0,35991974304;0,192789544027494;0,13692539110887;;;
GALP;5,75;;;GALP_106;2;0,43801320576;0,192789544027494;0,13692539110887;;;
GALP;6,9;;;GALP_106;2;0,5785440204;0,187349407494;0,1255797639936;;;
GALP;10,35;;;GALP_106;2;0,77944355343;0,187320378292992;0,1255722650896;;;
GALP;13,8;;;GALP_106;2;1,004647841025;0,209713772722176;0,142364672823;;;
GALP;17,25;;;GALP_106;2;1,224781897575;0,209713772722176;0,142364672823;;;
GALP;20,7;;;GALP_106;2;1,5276536117625;0,209713772722176;0,142364672823;;;
GALP;1,15;;;GALP_107;2;0,20197184475;0,222657462144;0,15057243576;;;
GALP;2,3;;;GALP_107;2;0,2500140799875;0,222657462144;0,15057243576;;;
GALP;3,45;;;GALP_107;2;0,30810445568;0,192789544027494;0,13692539110887;;;
GALP;4,6;;;GALP_107;2;0,35991974304;0,192789544027494;0,13692539110887;;;
GALP;5,75;;;GALP_107;2;0,43801320576;0,192789544027494;0,13692539110887;;;
GALP;6,9;;;GALP_107;2;0,5785440204;0,187349407494;0,1255797639936;;;
GALP;10,35;;;GALP_107;2;0,77944355343;0,187320378292992;0,1255722650896;;;
GALP;13,8;;;GALP_107;2;1,004647841025;0,209713772722176;0,142364672823;;;
GALP;17,25;;;GALP_107;2;1,224781897575;0,209713772722176;0,142364672823;;;
GALP;20,7;;;GALP_107;2;1,5276536117625;0,209713772722176;0,142364672823;;;
GALP;1,15;;;GALP_108;2;0,20197184475;0,222657462144;0,15057243576;;;
GALP;2,3;;;GALP_108;2;0,2500140799875;0,222657462144;0,15057243576;;;
GALP;3,45;;;GALP_108;2;0,30810445568;0,192789544027494;0,13692539110887;;;
GALP;4,6;;;GALP_108;2;0,35991974304;0,192789544027494;0,13692539110887;;;
GALP;5,75;;;GALP_108;2;0,43801320576;0,192789544027494;0,13692539110887;;;
GALP;6,9;;;GALP_108;2;0,5785440204;0,187349407494;0,1255797639936;;;
GALP;10,35;;;GALP_108;2;0,77944355343;0,187320378292992;0,1255722650896;;;
GALP;13,8;;;GALP_108;2;1,004647841025;0,209713772722176;0,142364672823;;;
GALP;17,25;;;GALP_108;2;1,224781897575;0,209713772722176;0,142364672823;;;
GALP;20,7;;;GALP_108;2;1,5276536117625;0,209713772722176;0,142364672823;;;
GALP;1,15;;;GALP_109;2;0,20197184475;0,222657462144;0,15057243576;;;
GALP;2,3;;;GALP_109;2;0,2500140799875;0,222657462144;0,15057243576;;;
GALP;3,45;;;GALP_109;2;0,30810445568;0,192789544027494;0,13692539110887;;;
GALP;4,6;;;GALP_109;2;0,35991974304;0,192789544027494;0,13692539110887;;;
GALP;5,75;;;GALP_109;2;0,43801320576;0,192789544027494;0,13692539110887;;;
GALP;6,9;;;GALP_109;2;0,5785440204;0,187349407494;0,1255797639936;;;
GALP;10,35;;;GALP_109;2;0,77944355343;0,187320378292992;0,1255722650896;;;
GALP;13,8;;;GALP_109;2;1,004647841025;0,209713772722176;0,142364672823;;;
GALP;17,25;;;GALP_109;2;1,224781897575;0,209713772722176;0,142364672823;;;
GALP;20,7;;;GALP_109;2;1,5276536117625;0,209713772722176;0,142364672823;;;
GALP;1,15;;;GALP_11;2;0,20197184475;0,222657462144;0,15057243576;;;
GALP;2,3;;;GALP_11;2;0,2500140799875;0,222657462144;0,15057243576;;;
GALP;3,45;;;GALP_11;2;0,30810445568;0,192789544027494;0,13692539110887;;;
GALP;4,6;;;GALP_11;2;0,35991974304;0,192789544027494;0,13692539110887;;;
GALP;5,75;;;GALP_11;2;0,43801320576;0,192789544027494;0,13692539110887;;;
GALP;6,9;;;GALP_11;2;0,5785440204;0,187349407494;0,1255797639936;;;
GALP;10,35;;;GALP_11;2;0,77944355343;0,187320378292992;0,1255722650896;;;
GALP;13,8;;;GALP_11;2;1,004647841025;0,209713772722176;0,142364672823;;;
GALP;17,25;;;GALP_11;2;1,224781897575;0,209713772722176;0,142364672823;;;
GALP;20,7;;;GALP_11;2;1,5276536117625;0,209713772722176;0,142364672823;;;
GALP;1,15;;;GALP_117;2;0,20197184475;0,222657462144;0,15057243576;;;
GALP;2,3;;;GALP_117;2;0,2500140799875;0,222657462144;0,15057243576;;;
GALP;3,45;;;GALP_117;2;0,30810445568;0,192789544027494;0,13692539110887;;;
GALP;4,6;;;GALP_117;2;0,35991974304;0,192789544027494;0,13692539110887;;;
GALP;5,75;;;GALP_117;2;0,43801320576;0,192789544027494;0,13692539110887;;;
GALP;6,9;;;GALP_117;2;0,5785440204;0,187349407494;0,1255797639936;;;
GALP;10,35;;;GALP_117;2;0,77944355343;0,187320378292992;0,1255722650896;;;
GALP;13,8;;;GALP_117;2;1,004647841025;0,209713772722176;0,142364672823;;;
GALP;17,25;;;GALP_117;2;1,224781897575;0,209713772722176;0,142364672823;;;
GALP;20,7;;;GALP_117;2;1,5276536117625;0,209713772722176;0,142364672823;;;
GALP;1,15;;;GALP_118;2;0,20197184475;0,222657462144;0,15057243576;;;
GALP;2,3;;;GALP_118;2;0,2500140799875;0,222657462144;0,15057243576;;;
GALP;3,45;;;GALP_118;2;0,30810445568;0,192789544027494;0,13692539110887;;;
GALP;4,6;;;GALP_118;2;0,35991974304;0,192789544027494;0,13692539110887;;;
GALP;5,75;;;GALP_118;2;0,43801320576;0,192789544027494;0,13692539110887;;;
GALP;6,9;;;GALP_118;2;0,5785440204;0,187349407494;0,1255797639936;;;
GALP;10,35;;;GALP_118;2;0,77944355343;0,187320378292992;0,1255722650896;;;
GALP;13,8;;;GALP_118;2;1,004647841025;0,209713772722176;0,142364672823;;;
GALP;17,25;;;GALP_118;2;1,224781897575;0,209713772722176;0,142364672823;;;
GALP;20,7;;;GALP_118;2;1,5276536117625;0,209713772722176;0,142364672823;;;
GALP;1,15;;;GALP_119;2;0,20197184475;0,222657462144;0,15057243576;;;
GALP;2,3;;;GALP_119;2;0,2500140799875;0,222657462144;0,15057243576;;;
GALP;3,45;;;GALP_119;2;0,30810445568;0,192789544027494;0,13692539110887;;;
GALP;4,6;;;GALP_119;2;0,35991974304;0,192789544027494;0,13692539110887;;;
GALP;5,75;;;GALP_119;2;0,43801320576;0,192789544027494;0,13692539110887;;;
GALP;6,9;;;GALP_119;2;0,5785440204;0,187349407494;0,1255797639936;;;
GALP;10,35;;;GALP_119;2;0,77944355343;0,187320378292992;0,1255722650896;;;
GALP;13,8;;;GALP_119;2;1,004647841025;0,209713772722176;0,142364672823;;;
GALP;17,25;;;GALP_119;2;1,224781897575;0,209713772722176;0,142364672823;;;
GALP;20,7;;;GALP_119;2;1,5276536117625;0,209713772722176;0,142364672823;;;
GALP;1,15;;;GALP_12;2;0,20197184475;0,222657462144;0,15057243576;;;
GALP;2,3;;;GALP_12;2;0,2500140799875;0,222657462144;0,15057243576;;;
GALP;3,45;;;GALP_12;2;0,30810445568;0,192789544027494;0,13692539110887;;;
GALP;4,6;;;GALP_12;2;0,35991974304;0,192789544027494;0,13692539110887;;;
GALP;5,75;;;GALP_12;2;0,43801320576;0,192789544027494;0,13692539110887;;;
GALP;6,9;;;GALP_12;2;0,5785440204;0,187349407494;0,1255797639936;;;
GALP;10,35;;;GALP_12;2;0,77944355343;0,187320378292992;0,1255722650896;;;
GALP;13,8;;;GALP_12;2;1,004647841025;0,209713772722176;0,142364672823;;;
GALP;17,25;;;GALP_12;2;1,224781897575;0,209713772722176;0,142364672823;;;
GALP;20,7;;;GALP_12;2;1,5276536117625;0,209713772722176;0,142364672823;;;
GALP;1,15;;;GALP_120;2;0,20197184475;0,222657462144;0,15057243576;;;
GALP;2,3;;;GALP_120;2;0,2500140799875;0,222657462144;0,15057243576;;;
GALP;3,45;;;GALP_120;2;0,30810445568;0,192789544027494;0,13692539110887;;;
GALP;4,6;;;GALP_120;2;0,35991974304;0,192789544027494;0,13692539110887;;;
GALP;5,75;;;GALP_120;2;0,43801320576;0,192789544027494;0,13692539110887;;;
GALP;6,9;;;GALP_120;2;0,5785440204;0,187349407494;0,1255797639936;;;
GALP;10,35;;;GALP_120;2;0,77944355343;0,187320378292992;0,1255722650896;;;
GALP;13,8;;;GALP_120;2;1,004647841025;0,209713772722176;0,142364672823;;;
GALP;17,25;;;GALP_120;2;1,224781897575;0,209713772722176;0,142364672823;;;
GALP;20,7;;;GALP_120;2;1,5276536117625;0,209713772722176;0,142364672823;;;
GALP;1,15;;;GALP_121;2;0,20197184475;0,222657462144;0,15057243576;;;
GALP;2,3;;;GALP_121;2;0,2500140799875;0,222657462144;0,15057243576;;;
GALP;3,45;;;GALP_121;2;0,30810445568;0,192789544027494;0,13692539110887;;;
GALP;4,6;;;GALP_121;2;0,35991974304;0,192789544027494;0,13692539110887;;;
GALP;5,75;;;GALP_121;2;0,43801320576;0,192789544027494;0,13692539110887;;;
GALP;6,9;;;GALP_121;2;0,5785440204;0,187349407494;0,1255797639936;;;
GALP;10,35;;;GALP_121;2;0,77944355343;0,187320378292992;0,1255722650896;;;
GALP;13,8;;;GALP_121;2;1,004647841025;0,209713772722176;0,142364672823;;;
GALP;17,25;;;GALP_121;2;1,224781897575;0,209713772722176;0,142364672823;;;
GALP;20,7;;;GALP_121;2;1,5276536117625;0,209713772722176;0,142364672823;;;
GALP;1,15;;;GALP_122;2;0,20197184475;0,222657462144;0,15057243576;;;
GALP;2,3;;;GALP_122;2;0,2500140799875;0,222657462144;0,15057243576;;;
GALP;3,45;;;GALP_122;2;0,30810445568;0,192789544027494;0,13692539110887;;;
GALP;4,6;;;GALP_122;2;0,35991974304;0,192789544027494;0,13692539110887;;;
GALP;5,75;;;GALP_122;2;0,43801320576;0,192789544027494;0,13692539110887;;;
GALP;6,9;;;GALP_122;2;0,5785440204;0,187349407494;0,1255797639936;;;
GALP;10,35;;;GALP_122;2;0,77944355343;0,187320378292992;0,1255722650896;;;
GALP;13,8;;;GALP_122;2;1,004647841025;0,209713772722176;0,142364672823;;;
GALP;17,25;;;GALP_122;2;1,224781897575;0,209713772722176;0,142364672823;;;
GALP;20,7;;;GALP_122;2;1,5276536117625;0,209713772722176;0,142364672823;;;
GALP;1,15;;;GALP_123;2;0,20197184475;0,222657462144;0,15057243576;;;
GALP;2,3;;;GALP_123;2;0,2500140799875;0,222657462144;0,15057243576;;;
GALP;3,45;;;GALP_123;2;0,30810445568;0,192789544027494;0,13692539110887;;;
GALP;4,6;;;GALP_123;2;0,35991974304;0,192789544027494;0,13692539110887;;;
GALP;5,75;;;GALP_123;2;0,43801320576;0,192789544027494;0,13692539110887;;;
GALP;6,9;;;GALP_123;2;0,5785440204;0,187349407494;0,1255797639936;;;
GALP;10,35;;;GALP_123;2;0,77944355343;0,187320378292992;0,1255722650896;;;
GALP;13,8;;;GALP_123;2;1,004647841025;0,209713772722176;0,142364672823;;;
GALP;17,25;;;GALP_123;2;1,224781897575;0,209713772722176;0,142364672823;;;
GALP;20,7;;;GALP_123;2;1,5276536117625;0,209713772722176;0,142364672823;;;
GALP;1,15;;;GALP_124;2;0,20197184475;0,222657462144;0,15057243576;;;
GALP;2,3;;;GALP_124;2;0,2500140799875;0,222657462144;0,15057243576;;;
GALP;3,45;;;GALP_124;2;0,30810445568;0,192789544027494;0,13692539110887;;;
GALP;4,6;;;GALP_124;2;0,35991974304;0,192789544027494;0,13692539110887;;;
GALP;5,75;;;GALP_124;2;0,43801320576;0,192789544027494;0,13692539110887;;;
GALP;6,9;;;GALP_124;2;0,5785440204;0,187349407494;0,1255797639936;;;
GALP;10,35;;;GALP_124;2;0,77944355343;0,187320378292992;0,1255722650896;;;
GALP;13,8;;;GALP_124;2;1,004647841025;0,209713772722176;0,142364672823;;;
GALP;17,25;;;GALP_124;2;1,224781897575;0,209713772722176;0,142364672823;;;
GALP;20,7;;;GALP_124;2;1,5276536117625;0,209713772722176;0,142364672823;;;
GALP;1,15;;;GALP_13;2;0,20197184475;0,222657462144;0,15057243576;;;
GALP;2,3;;;GALP_13;2;0,2500140799875;0,222657462144;0,15057243576;;;
GALP;3,45;;;GALP_13;2;0,30810445568;0,192789544027494;0,13692539110887;;;
GALP;4,6;;;GALP_13;2;0,35991974304;0,192789544027494;0,13692539110887;;;
GALP;5,75;;;GALP_13;2;0,43801320576;0,192789544027494;0,13692539110887;;;
GALP;6,9;;;GALP_13;2;0,5785440204;0,187349407494;0,1255797639936;;;
GALP;10,35;;;GALP_13;2;0,77944355343;0,187320378292992;0,1255722650896;;;
GALP;13,8;;;GALP_13;2;1,004647841025;0,209713772722176;0,142364672823;;;
GALP;17,25;;;GALP_13;2;1,224781897575;0,209713772722176;0,142364672823;;;
GALP;20,7;;;GALP_13;2;1,5276536117625;0,209713772722176;0,142364672823;;;
GALP;1,15;;;GALP_14;2;0,20197184475;0,222657462144;0,15057243576;;;
GALP;2,3;;;GALP_14;2;0,2500140799875;0,222657462144;0,15057243576;;;
GALP;3,45;;;GALP_14;2;0,30810445568;0,192789544027494;0,13692539110887;;;
GALP;4,6;;;GALP_14;2;0,35991974304;0,192789544027494;0,13692539110887;;;
GALP;5,75;;;GALP_14;2;0,43801320576;0,192789544027494;0,13692539110887;;;
GALP;6,9;;;GALP_14;2;0,5785440204;0,187349407494;0,1255797639936;;;
GALP;10,35;;;GALP_14;2;0,77944355343;0,187320378292992;0,1255722650896;;;
GALP;13,8;;;GALP_14;2;1,004647841025;0,209713772722176;0,142364672823;;;
GALP;17,25;;;GALP_14;2;1,224781897575;0,209713772722176;0,142364672823;;;
GALP;20,7;;;GALP_14;2;1,5276536117625;0,209713772722176;0,142364672823;;;
GALP;1,15;;;GALP_15;2;0,20197184475;0,222657462144;0,15057243576;;;
GALP;2,3;;;GALP_15;2;0,2500140799875;0,222657462144;0,15057243576;;;
GALP;3,45;;;GALP_15;2;0,30810445568;0,192789544027494;0,13692539110887;;;
GALP;4,6;;;GALP_15;2;0,35991974304;0,192789544027494;0,13692539110887;;;
GALP;5,75;;;GALP_15;2;0,43801320576;0,192789544027494;0,13692539110887;;;
GALP;6,9;;;GALP_15;2;0,5785440204;0,187349407494;0,1255797639936;;;
GALP;10,35;;;GALP_15;2;0,77944355343;0,187320378292992;0,1255722650896;;;
GALP;13,8;;;GALP_15;2;1,004647841025;0,209713772722176;0,142364672823;;;
GALP;17,25;;;GALP_15;2;1,224781897575;0,209713772722176;0,142364672823;;;
GALP;20,7;;;GALP_15;2;1,5276536117625;0,209713772722176;0,142364672823;;;
GALP;1,15;;;GALP_16;2;0,181774660275;0,2003917159296;0,135515192184;;;
GALP;2,3;;;GALP_16;2;0,22501267198875;0,2003917159296;0,135515192184;;;
GALP;3,45;;;GALP_16;2;0,277294010112;0,173510589624745;0,123232851997983;;;
GALP;4,6;;;GALP_16;2;0,323927768736;0,173510589624745;0,123232851997983;;;
GALP;5,75;;;GALP_16;2;0,394211885184;0,173510589624745;0,123232851997983;;;
GALP;6,9;;;GALP_16;2;0,52068961836;0,1686144667446;0,11302178759424;;;
GALP;10,35;;;GALP_16;2;0,701499198087;0,168588340463693;0,11301503858064;;;
GALP;13,8;;;GALP_16;2;0,9041830569225;0,188742395449958;0,1281282055407;;;
GALP;17,25;;;GALP_16;2;1,1023037078175;0,188742395449958;0,1281282055407;;;
GALP;20,7;;;GALP_16;2;1,37488825058625;0,188742395449958;0,1281282055407;;;
GALP;1,15;;;GALP_25;2;0,189853534065;0,20929801441536;0,1415380896144;;;
GALP;2,3;;;GALP_25;2;0,23501323518825;0,20929801441536;0,1415380896144;;;
GALP;3,45;;;GALP_25;2;0,2896181883392;0,181222171385844;0,128709867642338;;;
GALP;4,6;;;GALP_25;2;0,3383245584576;0,181222171385844;0,128709867642338;;;
GALP;5,75;;;GALP_25;2;0,4117324134144;0,181222171385844;0,128709867642338;;;
GALP;6,9;;;GALP_25;2;0,543831379176;0,17610844304436;0,118044978153984;;;
GALP;10,35;;;GALP_25;2;0,7326769402242;0,176081155595412;0,118037929184224;;;
GALP;13,8;;;GALP_25;2;0,9443689705635;0,197130946358845;0,13382279245362;;;
GALP;17,25;;;GALP_25;2;1,1512949837205;0,197130946358845;0,13382279245362;;;
GALP;20,7;;;GALP_25;2;1,43599439505675;0,197130946358845;0,13382279245362;;;
GALP;1,15;;;GALP_26;2;0,181774660275;0,2003917159296;0,135515192184;;;
GALP;2,3;;;GALP_26;2;0,22501267198875;0,2003917159296;0,135515192184;;;
GALP;3,45;;;GALP_26;2;0,277294010112;0,173510589624745;0,123232851997983;;;
GALP;4,6;;;GALP_26;2;0,323927768736;0,173510589624745;0,123232851997983;;;
GALP;5,75;;;GALP_26;2;0,394211885184;0,173510589624745;0,123232851997983;;;
GALP;6,9;;;GALP_26;2;0,52068961836;0,1686144667446;0,11302178759424;;;
GALP;10,35;;;GALP_26;2;0,701499198087;0,168588340463693;0,11301503858064;;;
GALP;13,8;;;GALP_26;2;0,9041830569225;0,188742395449958;0,1281282055407;;;
GALP;17,25;;;GALP_26;2;1,1023037078175;0,188742395449958;0,1281282055407;;;
GALP;20,7;;;GALP_26;2;1,37488825058625;0,188742395449958;0,1281282055407;;;
GALP;1,15;;;GALP_27;2;0,17773522338;0,19593856668672;0,1325037434688;;;
GALP;2,3;;;GALP_27;2;0,220012390389;0,19593856668672;0,1325037434688;;;
GALP;3,45;;;GALP_27;2;0,2711319209984;0,169654798744195;0,120494344175806;;;
GALP;4,6;;;GALP_27;2;0,3167293738752;0,169654798744195;0,120494344175806;;;
GALP;5,75;;;GALP_27;2;0,3854516210688;0,169654798744195;0,120494344175806;;;
GALP;6,9;;;GALP_27;2;0,509118737952;0,16486747859472;0,110510192314368;;;
GALP;10,35;;;GALP_27;2;0,6859103270184;0,164841932897833;0,110503593278848;;;
GALP;13,8;;;GALP_27;2;0,884090100102;0,184548119995515;0,12528091208424;;;
GALP;17,25;;;GALP_27;2;1,077808069866;0,184548119995515;0,12528091208424;;;
GALP;20,7;;;GALP_27;2;1,344335178351;0,184548119995515;0,12528091208424;;;
GALP;1,15;;;GALP_28;2;0,18581409717;0,20484486517248;0,1385266408992;;;
GALP;2,3;;;GALP_28;2;0,2300129535885;0,20484486517248;0,1385266408992;;;
GALP;3,45;;;GALP_28;2;0,2834560992256;0,177366380505294;0,12597135982016;;;
GALP;4,6;;;GALP_28;2;0,3311261635968;0,177366380505294;0,12597135982016;;;
GALP;5,75;;;GALP_28;2;0,4029721492992;0,177366380505294;0,12597135982016;;;
GALP;6,9;;;GALP_28;2;0,532260498768;0,17236145489448;0,115533382874112;;;
GALP;10,35;;;GALP_28;2;0,7170880691556;0,172334748029553;0,115526483882432;;;
GALP;13,8;;;GALP_28;2;0,924276013743;0,192936670904402;0,13097549899716;;;
GALP;17,25;;;GALP_28;2;1,126799345769;0,192936670904402;0,13097549899716;;;
GALP;20,7;;;GALP_28;2;1,4054413228215;0,192936670904402;0,13097549899716;;;
GALP;1,15;;;GALP_32;2;0,181774660275;0,2001217159296;0,135155192184;;;
GALP;2,3;;;GALP_32;2;0,22501267198875;0,2001217159296;0,135155192184;;;
GALP;3,45;;;GALP_32;2;0,277294010112;0,173240589624745;0,122872851997983;;;
GALP;4,6;;;GALP_32;2;0,323927768736;0,173240589624745;0,122872851997983;;;
GALP;5,75;;;GALP_32;2;0,394211885184;0,173240589624745;0,122872851997983;;;
GALP;6,9;;;GALP_32;2;0,52068961836;0,1683444667446;0,11266178759424;;;
GALP;10,35;;;GALP_32;2;0,701499198087;0,168318340463693;0,11265503858064;;;
GALP;13,8;;;GALP_32;2;0,9041830569225;0,188472395449958;0,1277682055407;;;
GALP;17,25;;;GALP_32;2;1,1023037078175;0,188472395449958;0,1277682055407;;;
GALP;20,7;;;GALP_32;2;1,37488825058625;0,188472395449958;0,1277682055407;;;
GALP;1,15;;;GALP_33;2;0,18581409717;0,20456886517248;0,1381586408992;;;
GALP;2,3;;;GALP_33;2;0,2300129535885;0,20456886517248;0,1381586408992;;;
GALP;3,45;;;GALP_33;2;0,2834560992256;0,177090380505294;0,12560335982016;;;
GALP;4,6;;;GALP_33;2;0,3311261635968;0,177090380505294;0,12560335982016;;;
GALP;5,75;;;GALP_33;2;0,4029721492992;0,177090380505294;0,12560335982016;;;
GALP;6,9;;;GALP_33;2;0,532260498768;0,17208545489448;0,115165382874112;;;
GALP;10,35;;;GALP_33;2;0,7170880691556;0,172058748029553;0,115158483882432;;;
GALP;13,8;;;GALP_33;2;0,924276013743;0,192660670904402;0,13060749899716;;;
GALP;17,25;;;GALP_33;2;1,126799345769;0,192660670904402;0,13060749899716;;;
GALP;20,7;;;GALP_33;2;1,4054413228215;0,192660670904402;0,13060749899716;;;
GALP;1,15;;;GALP_34;2;0,18581409717;0,20456886517248;0,1381586408992;;;
GALP;2,3;;;GALP_34;2;0,2300129535885;0,20456886517248;0,1381586408992;;;
GALP;3,45;;;GALP_34;2;0,2834560992256;0,177090380505294;0,12560335982016;;;
GALP;4,6;;;GALP_34;2;0,3311261635968;0,177090380505294;0,12560335982016;;;
GALP;5,75;;;GALP_34;2;0,4029721492992;0,177090380505294;0,12560335982016;;;
GALP;6,9;;;GALP_34;2;0,532260498768;0,17208545489448;0,115165382874112;;;
GALP;10,35;;;GALP_34;2;0,7170880691556;0,172058748029553;0,115158483882432;;;
GALP;13,8;;;GALP_34;2;0,924276013743;0,192660670904402;0,13060749899716;;;
GALP;17,25;;;GALP_34;2;1,126799345769;0,192660670904402;0,13060749899716;;;
GALP;20,7;;;GALP_34;2;1,4054413228215;0,192660670904402;0,13060749899716;;;
GALP;1,15;;;GALP_35;2;0,181774660275;0,2001217159296;0,135155192184;;;
GALP;2,3;;;GALP_35;2;0,22501267198875;0,2001217159296;0,135155192184;;;
GALP;3,45;;;GALP_35;2;0,277294010112;0,173240589624745;0,122872851997983;;;
GALP;4,6;;;GALP_35;2;0,323927768736;0,173240589624745;0,122872851997983;;;
GALP;5,75;;;GALP_35;2;0,394211885184;0,173240589624745;0,122872851997983;;;
GALP;6,9;;;GALP_35;2;0,52068961836;0,1683444667446;0,11266178759424;;;
GALP;10,35;;;GALP_35;2;0,701499198087;0,168318340463693;0,11265503858064;;;
GALP;13,8;;;GALP_35;2;0,9041830569225;0,188472395449958;0,1277682055407;;;
GALP;17,25;;;GALP_35;2;1,1023037078175;0,188472395449958;0,1277682055407;;;
GALP;20,7;;;GALP_35;2;1,37488825058625;0,188472395449958;0,1277682055407;;;
GALP;1,15;;;GALP_36;2;0,189853534065;0,20901601441536;0,1411620896144;;;
GALP;2,3;;;GALP_36;2;0,23501323518825;0,20901601441536;0,1411620896144;;;
GALP;3,45;;;GALP_36;2;0,2896181883392;0,180940171385844;0,128333867642338;;;
GALP;4,6;;;GALP_36;2;0,3383245584576;0,180940171385844;0,128333867642338;;;
GALP;5,75;;;GALP_36;2;0,4117324134144;0,180940171385844;0,128333867642338;;;
GALP;6,9;;;GALP_36;2;0,543831379176;0,17582644304436;0,117668978153984;;;
GALP;10,35;;;GALP_36;2;0,7326769402242;0,175799155595412;0,117661929184224;;;
GALP;13,8;;;GALP_36;2;0,9443689705635;0,196848946358845;0,13344679245362;;;
GALP;17,25;;;GALP_36;2;1,1512949837205;0,196848946358845;0,13344679245362;;;
GALP;20,7;;;GALP_36;2;1,43599439505675;0,196848946358845;0,13344679245362;;;
GALP;1,15;;;GALP_37;2;0,181774660275;0,2001217159296;0,135155192184;;;
GALP;2,3;;;GALP_37;2;0,22501267198875;0,2001217159296;0,135155192184;;;
GALP;3,45;;;GALP_37;2;0,277294010112;0,173240589624745;0,122872851997983;;;
GALP;4,6;;;GALP_37;2;0,323927768736;0,173240589624745;0,122872851997983;;;
GALP;5,75;;;GALP_37;2;0,394211885184;0,173240589624745;0,122872851997983;;;
GALP;6,9;;;GALP_37;2;0,52068961836;0,1683444667446;0,11266178759424;;;
GALP;10,35;;;GALP_37;2;0,701499198087;0,168318340463693;0,11265503858064;;;
GALP;13,8;;;GALP_37;2;0,9041830569225;0,188472395449958;0,1277682055407;;;
GALP;17,25;;;GALP_37;2;1,1023037078175;0,188472395449958;0,1277682055407;;;
GALP;20,7;;;GALP_37;2;1,37488825058625;0,188472395449958;0,1277682055407;;;
GALP;1,15;;;GALP_38;2;0,181774660275;0,2001217159296;0,135155192184;;;
GALP;2,3;;;GALP_38;2;0,22501267198875;0,2001217159296;0,135155192184;;;
GALP;3,45;;;GALP_38;2;0,277294010112;0,173240589624745;0,122872851997983;;;
GALP;4,6;;;GALP_38;2;0,323927768736;0,173240589624745;0,122872851997983;;;
GALP;5,75;;;GALP_38;2;0,394211885184;0,173240589624745;0,122872851997983;;;
GALP;6,9;;;GALP_38;2;0,52068961836;0,1683444667446;0,11266178759424;;;
GALP;10,35;;;GALP_38;2;0,701499198087;0,168318340463693;0,11265503858064;;;
GALP;13,8;;;GALP_38;2;0,9041830569225;0,188472395449958;0,1277682055407;;;
GALP;17,25;;;GALP_38;2;1,1023037078175;0,188472395449958;0,1277682055407;;;
GALP;20,7;;;GALP_38;2;1,37488825058625;0,188472395449958;0,1277682055407;;;
GALP;1,15;;;GALP_39;2;0,18581409717;0,20456886517248;0,1381586408992;;;
GALP;2,3;;;GALP_39;2;0,2300129535885;0,20456886517248;0,1381586408992;;;
GALP;3,45;;;GALP_39;2;0,2834560992256;0,177090380505294;0,12560335982016;;;
GALP;4,6;;;GALP_39;2;0,3311261635968;0,177090380505294;0,12560335982016;;;
GALP;5,75;;;GALP_39;2;0,4029721492992;0,177090380505294;0,12560335982016;;;
GALP;6,9;;;GALP_39;2;0,532260498768;0,17208545489448;0,115165382874112;;;
GALP;10,35;;;GALP_39;2;0,7170880691556;0,172058748029553;0,115158483882432;;;
GALP;13,8;;;GALP_39;2;0,924276013743;0,192660670904402;0,13060749899716;;;
GALP;17,25;;;GALP_39;2;1,126799345769;0,192660670904402;0,13060749899716;;;
GALP;20,7;;;GALP_39;2;1,4054413228215;0,192660670904402;0,13060749899716;;;
GALP;1,15;;;GALP_40;2;0,18581409717;0,20456886517248;0,1381586408992;;;
GALP;2,3;;;GALP_40;2;0,2300129535885;0,20456886517248;0,1381586408992;;;
GALP;3,45;;;GALP_40;2;0,2834560992256;0,177090380505294;0,12560335982016;;;
GALP;4,6;;;GALP_40;2;0,3311261635968;0,177090380505294;0,12560335982016;;;
GALP;5,75;;;GALP_40;2;0,4029721492992;0,177090380505294;0,12560335982016;;;
GALP;6,9;;;GALP_40;2;0,532260498768;0,17208545489448;0,115165382874112;;;
GALP;10,35;;;GALP_40;2;0,7170880691556;0,172058748029553;0,115158483882432;;;
GALP;13,8;;;GALP_40;2;0,924276013743;0,192660670904402;0,13060749899716;;;
GALP;17,25;;;GALP_40;2;1,126799345769;0,192660670904402;0,13060749899716;;;
GALP;20,7;;;GALP_40;2;1,4054413228215;0,192660670904402;0,13060749899716;;;
GALP;1,15;;;GALP_41;2;0,189853534065;0,20901601441536;0,1411620896144;;;
GALP;2,3;;;GALP_41;2;0,23501323518825;0,20901601441536;0,1411620896144;;;
GALP;3,45;;;GALP_41;2;0,2896181883392;0,180940171385844;0,128333867642338;;;
GALP;4,6;;;GALP_41;2;0,3383245584576;0,180940171385844;0,128333867642338;;;
GALP;5,75;;;GALP_41;2;0,4117324134144;0,180940171385844;0,128333867642338;;;
GALP;6,9;;;GALP_41;2;0,543831379176;0,17582644304436;0,117668978153984;;;
GALP;10,35;;;GALP_41;2;0,7326769402242;0,175799155595412;0,117661929184224;;;
GALP;13,8;;;GALP_41;2;0,9443689705635;0,196848946358845;0,13344679245362;;;
GALP;17,25;;;GALP_41;2;1,1512949837205;0,196848946358845;0,13344679245362;;;
GALP;20,7;;;GALP_41;2;1,43599439505675;0,196848946358845;0,13344679245362;;;
GALP;1,15;;;GALP_42;2;0,189853534065;0,20901601441536;0,1411620896144;;;
GALP;2,3;;;GALP_42;2;0,23501323518825;0,20901601441536;0,1411620896144;;;
GALP;3,45;;;GALP_42;2;0,2896181883392;0,180940171385844;0,128333867642338;;;
GALP;4,6;;;GALP_42;2;0,3383245584576;0,180940171385844;0,128333867642338;;;
GALP;5,75;;;GALP_42;2;0,4117324134144;0,180940171385844;0,128333867642338;;;
GALP;6,9;;;GALP_42;2;0,543831379176;0,17582644304436;0,117668978153984;;;
GALP;10,35;;;GALP_42;2;0,7326769402242;0,175799155595412;0,117661929184224;;;
GALP;13,8;;;GALP_42;2;0,9443689705635;0,196848946358845;0,13344679245362;;;
GALP;17,25;;;GALP_42;2;1,1512949837205;0,196848946358845;0,13344679245362;;;
GALP;20,7;;;GALP_42;2;1,43599439505675;0,196848946358845;0,13344679245362;;;
GALP;1,15;;;GALP_43;2;0,18581409717;0,20456886517248;0,1381586408992;;;
GALP;2,3;;;GALP_43;2;0,2300129535885;0,20456886517248;0,1381586408992;;;
GALP;3,45;;;GALP_43;2;0,2834560992256;0,177090380505294;0,12560335982016;;;
GALP;4,6;;;GALP_43;2;0,3311261635968;0,177090380505294;0,12560335982016;;;
GALP;5,75;;;GALP_43;2;0,4029721492992;0,177090380505294;0,12560335982016;;;
GALP;6,9;;;GALP_43;2;0,532260498768;0,17208545489448;0,115165382874112;;;
GALP;10,35;;;GALP_43;2;0,7170880691556;0,172058748029553;0,115158483882432;;;
GALP;13,8;;;GALP_43;2;0,924276013743;0,192660670904402;0,13060749899716;;;
GALP;17,25;;;GALP_43;2;1,126799345769;0,192660670904402;0,13060749899716;;;
GALP;20,7;;;GALP_43;2;1,4054413228215;0,192660670904402;0,13060749899716;;;
GALP;1,15;;;GALP_44;2;0,18581409717;0,20456886517248;0,1381586408992;;;
GALP;2,3;;;GALP_44;2;0,2300129535885;0,20456886517248;0,1381586408992;;;
GALP;3,45;;;GALP_44;2;0,2834560992256;0,177090380505294;0,12560335982016;;;
GALP;4,6;;;GALP_44;2;0,3311261635968;0,177090380505294;0,12560335982016;;;
GALP;5,75;;;GALP_44;2;0,4029721492992;0,177090380505294;0,12560335982016;;;
GALP;6,9;;;GALP_44;2;0,532260498768;0,17208545489448;0,115165382874112;;;
GALP;10,35;;;GALP_44;2;0,7170880691556;0,172058748029553;0,115158483882432;;;
GALP;13,8;;;GALP_44;2;0,924276013743;0,192660670904402;0,13060749899716;;;
GALP;17,25;;;GALP_44;2;1,126799345769;0,192660670904402;0,13060749899716;;;
GALP;20,7;;;GALP_44;2;1,4054413228215;0,192660670904402;0,13060749899716;;;
GALP;1,15;;;GALP_45;2;0,18581409717;0,20456886517248;0,1381586408992;;;
GALP;2,3;;;GALP_45;2;0,2300129535885;0,20456886517248;0,1381586408992;;;
GALP;3,45;;;GALP_45;2;0,2834560992256;0,177090380505294;0,12560335982016;;;
GALP;4,6;;;GALP_45;2;0,3311261635968;0,177090380505294;0,12560335982016;;;
GALP;5,75;;;GALP_45;2;0,4029721492992;0,177090380505294;0,12560335982016;;;
GALP;6,9;;;GALP_45;2;0,532260498768;0,17208545489448;0,115165382874112;;;
GALP;10,35;;;GALP_45;2;0,7170880691556;0,172058748029553;0,115158483882432;;;
GALP;13,8;;;GALP_45;2;0,924276013743;0,192660670904402;0,13060749899716;;;
GALP;17,25;;;GALP_45;2;1,126799345769;0,192660670904402;0,13060749899716;;;
GALP;20,7;;;GALP_45;2;1,4054413228215;0,192660670904402;0,13060749899716;;;
GALP;1,15;;;GALP_46;2;0,18581409717;0,20456886517248;0,1381586408992;;;
GALP;2,3;;;GALP_46;2;0,2300129535885;0,20456886517248;0,1381586408992;;;
GALP;3,45;;;GALP_46;2;0,2834560992256;0,177090380505294;0,12560335982016;;;
GALP;4,6;;;GALP_46;2;0,3311261635968;0,177090380505294;0,12560335982016;;;
GALP;5,75;;;GALP_46;2;0,4029721492992;0,177090380505294;0,12560335982016;;;
GALP;6,9;;;GALP_46;2;0,532260498768;0,17208545489448;0,115165382874112;;;
GALP;10,35;;;GALP_46;2;0,7170880691556;0,172058748029553;0,115158483882432;;;
GALP;13,8;;;GALP_46;2;0,924276013743;0,192660670904402;0,13060749899716;;;
GALP;17,25;;;GALP_46;2;1,126799345769;0,192660670904402;0,13060749899716;;;
GALP;20,7;;;GALP_46;2;1,4054413228215;0,192660670904402;0,13060749899716;;;
GALP;1,15;;;GALP_49;2;0,18581409717;0,20456886517248;0,1381586408992;;;
GALP;2,3;;;GALP_49;2;0,2300129535885;0,20456886517248;0,1381586408992;;;
GALP;3,45;;;GALP_49;2;0,2834560992256;0,177090380505294;0,12560335982016;;;
GALP;4,6;;;GALP_49;2;0,3311261635968;0,177090380505294;0,12560335982016;;;
GALP;5,75;;;GALP_49;2;0,4029721492992;0,177090380505294;0,12560335982016;;;
GALP;6,9;;;GALP_49;2;0,532260498768;0,17208545489448;0,115165382874112;;;
GALP;10,35;;;GALP_49;2;0,7170880691556;0,172058748029553;0,115158483882432;;;
GALP;13,8;;;GALP_49;2;0,924276013743;0,192660670904402;0,13060749899716;;;
GALP;17,25;;;GALP_49;2;1,126799345769;0,192660670904402;0,13060749899716;;;
GALP;20,7;;;GALP_49;2;1,4054413228215;0,192660670904402;0,13060749899716;;;
GALP;1,15;;;GALP_52;2;0,20197184475;0,222657462144;0,15057243576;;;
GALP;2,3;;;GALP_52;2;0,2500140799875;0,222657462144;0,15057243576;;;
GALP;3,45;;;GALP_52;2;0,30810445568;0,192789544027494;0,13692539110887;;;
GALP;4,6;;;GALP_52;2;0,35991974304;0,192789544027494;0,13692539110887;;;
GALP;5,75;;;GALP_52;2;0,43801320576;0,192789544027494;0,13692539110887;;;
GALP;6,9;;;GALP_52;2;0,5785440204;0,187349407494;0,1255797639936;;;
GALP;10,35;;;GALP_52;2;0,77944355343;0,187320378292992;0,1255722650896;;;
GALP;13,8;;;GALP_52;2;1,004647841025;0,209713772722176;0,142364672823;;;
GALP;17,25;;;GALP_52;2;1,224781897575;0,209713772722176;0,142364672823;;;
GALP;20,7;;;GALP_52;2;1,5276536117625;0,209713772722176;0,142364672823;;;
GALP;1,15;;;GALP_53;2;0,20197184475;0,222657462144;0,15057243576;;;
GALP;2,3;;;GALP_53;2;0,2500140799875;0,222657462144;0,15057243576;;;
GALP;3,45;;;GALP_53;2;0,30810445568;0,192789544027494;0,13692539110887;;;
GALP;4,6;;;GALP_53;2;0,35991974304;0,192789544027494;0,13692539110887;;;
GALP;5,75;;;GALP_53;2;0,43801320576;0,192789544027494;0,13692539110887;;;
GALP;6,9;;;GALP_53;2;0,5785440204;0,187349407494;0,1255797639936;;;
GALP;10,35;;;GALP_53;2;0,77944355343;0,187320378292992;0,1255722650896;;;
GALP;13,8;;;GALP_53;2;1,004647841025;0,209713772722176;0,142364672823;;;
GALP;17,25;;;GALP_53;2;1,224781897575;0,209713772722176;0,142364672823;;;
GALP;20,7;;;GALP_53;2;1,5276536117625;0,209713772722176;0,142364672823;;;
GALP;1,15;;;GALP_55;2;0,189853534065;0,20901601441536;0,1411620896144;;;
GALP;2,3;;;GALP_55;2;0,23501323518825;0,20901601441536;0,1411620896144;;;
GALP;3,45;;;GALP_55;2;0,2896181883392;0,180940171385844;0,128333867642338;;;
GALP;4,6;;;GALP_55;2;0,3383245584576;0,180940171385844;0,128333867642338;;;
GALP;5,75;;;GALP_55;2;0,4117324134144;0,180940171385844;0,128333867642338;;;
GALP;6,9;;;GALP_55;2;0,543831379176;0,17582644304436;0,117668978153984;;;
GALP;10,35;;;GALP_55;2;0,7326769402242;0,175799155595412;0,117661929184224;;;
GALP;13,8;;;GALP_55;2;0,9443689705635;0,196848946358845;0,13344679245362;;;
GALP;17,25;;;GALP_55;2;1,1512949837205;0,196848946358845;0,13344679245362;;;
GALP;20,7;;;GALP_55;2;1,43599439505675;0,196848946358845;0,13344679245362;;;
GALP;1,15;;;GALP_59;2;0,19389297096;0,21346316365824;0,1441655383296;;;
GALP;2,3;;;GALP_59;2;0,240013516788;0,21346316365824;0,1441655383296;;;
GALP;3,45;;;GALP_59;2;0,2957802774528;0,184789962266394;0,131064375464515;;;
GALP;4,6;;;GALP_59;2;0,3455229533184;0,184789962266394;0,131064375464515;;;
GALP;5,75;;;GALP_59;2;0,4204926775296;0,184789962266394;0,131064375464515;;;
GALP;6,9;;;GALP_59;2;0,555402259584;0,17956743119424;0,120172573433856;;;
GALP;10,35;;;GALP_59;2;0,7482658112928;0,179539563161272;0,120165374486016;;;
GALP;13,8;;;GALP_59;2;0,964461927384;0,201037221813289;0,13628608591008;;;
GALP;17,25;;;GALP_59;2;1,175790621672;0,201037221813289;0,13628608591008;;;
GALP;20,7;;;GALP_59;2;1,466547467292;0,201037221813289;0,13628608591008;;;
GALP;1,15;;;GALP_61;2;0,189853534065;0,20901601441536;0,1411620896144;;;
GALP;2,3;;;GALP_61;2;0,23501323518825;0,20901601441536;0,1411620896144;;;
GALP;3,45;;;GALP_61;2;0,2896181883392;0,180940171385844;0,128333867642338;;;
GALP;4,6;;;GALP_61;2;0,3383245584576;0,180940171385844;0,128333867642338;;;
GALP;5,75;;;GALP_61;2;0,4117324134144;0,180940171385844;0,128333867642338;;;
GALP;6,9;;;GALP_61;2;0,543831379176;0,17582644304436;0,117668978153984;;;
GALP;10,35;;;GALP_61;2;0,7326769402242;0,175799155595412;0,117661929184224;;;
GALP;13,8;;;GALP_61;2;0,9443689705635;0,196848946358845;0,13344679245362;;;
GALP;17,25;;;GALP_61;2;1,1512949837205;0,196848946358845;0,13344679245362;;;
GALP;20,7;;;GALP_61;2;1,43599439505675;0,196848946358845;0,13344679245362;;;
GALP;1,15;;;GALP_63;2;0,18581409717;0,20484486517248;0,1385266408992;;;
GALP;2,3;;;GALP_63;2;0,2300129535885;0,20484486517248;0,1385266408992;;;
GALP;3,45;;;GALP_63;2;0,2834560992256;0,177366380505294;0,12597135982016;;;
GALP;4,6;;;GALP_63;2;0,3311261635968;0,177366380505294;0,12597135982016;;;
GALP;5,75;;;GALP_63;2;0,4029721492992;0,177366380505294;0,12597135982016;;;
GALP;6,9;;;GALP_63;2;0,532260498768;0,17236145489448;0,115533382874112;;;
GALP;10,35;;;GALP_63;2;0,7170880691556;0,172334748029553;0,115526483882432;;;
GALP;13,8;;;GALP_63;2;0,924276013743;0,192936670904402;0,13097549899716;;;
GALP;17,25;;;GALP_63;2;1,126799345769;0,192936670904402;0,13097549899716;;;
GALP;20,7;;;GALP_63;2;1,4054413228215;0,192936670904402;0,13097549899716;;;
GALP;1,15;;;GALP_64;2;0,189853534065;0,20929801441536;0,1415380896144;;;
GALP;2,3;;;GALP_64;2;0,23501323518825;0,20929801441536;0,1415380896144;;;
GALP;3,45;;;GALP_64;2;0,2896181883392;0,181222171385844;0,128709867642338;;;
GALP;4,6;;;GALP_64;2;0,3383245584576;0,181222171385844;0,128709867642338;;;
GALP;5,75;;;GALP_64;2;0,4117324134144;0,181222171385844;0,128709867642338;;;
GALP;6,9;;;GALP_64;2;0,543831379176;0,17610844304436;0,118044978153984;;;
GALP;10,35;;;GALP_64;2;0,7326769402242;0,176081155595412;0,118037929184224;;;
GALP;13,8;;;GALP_64;2;0,9443689705635;0,197130946358845;0,13382279245362;;;
GALP;17,25;;;GALP_64;2;1,1512949837205;0,197130946358845;0,13382279245362;;;
GALP;20,7;;;GALP_64;2;1,43599439505675;0,197130946358845;0,13382279245362;;;
GALP;1,15;;;GALP_65;2;0,189853534065;0,20929801441536;0,1415380896144;;;
GALP;2,3;;;GALP_65;2;0,23501323518825;0,20929801441536;0,1415380896144;;;
GALP;3,45;;;GALP_65;2;0,2896181883392;0,181222171385844;0,128709867642338;;;
GALP;4,6;;;GALP_65;2;0,3383245584576;0,181222171385844;0,128709867642338;;;
GALP;5,75;;;GALP_65;2;0,4117324134144;0,181222171385844;0,128709867642338;;;
GALP;6,9;;;GALP_65;2;0,543831379176;0,17610844304436;0,118044978153984;;;
GALP;10,35;;;GALP_65;2;0,7326769402242;0,176081155595412;0,118037929184224;;;
GALP;13,8;;;GALP_65;2;0,9443689705635;0,197130946358845;0,13382279245362;;;
GALP;17,25;;;GALP_65;2;1,1512949837205;0,197130946358845;0,13382279245362;;;
GALP;20,7;;;GALP_65;2;1,43599439505675;0,197130946358845;0,13382279245362;;;
GALP;1,15;;;GALP_66;2;0,18581409717;0,20484486517248;0,1385266408992;;;
GALP;2,3;;;GALP_66;2;0,2300129535885;0,20484486517248;0,1385266408992;;;
GALP;3,45;;;GALP_66;2;0,2834560992256;0,177366380505294;0,12597135982016;;;
GALP;4,6;;;GALP_66;2;0,3311261635968;0,177366380505294;0,12597135982016;;;
GALP;5,75;;;GALP_66;2;0,4029721492992;0,177366380505294;0,12597135982016;;;
GALP;6,9;;;GALP_66;2;0,532260498768;0,17236145489448;0,115533382874112;;;
GALP;10,35;;;GALP_66;2;0,7170880691556;0,172334748029553;0,115526483882432;;;
GALP;13,8;;;GALP_66;2;0,924276013743;0,192936670904402;0,13097549899716;;;
GALP;17,25;;;GALP_66;2;1,126799345769;0,192936670904402;0,13097549899716;;;
GALP;20,7;;;GALP_66;2;1,4054413228215;0,192936670904402;0,13097549899716;;;
GALP;1,15;;;GALP_67;2;0,18581409717;0,20484486517248;0,1385266408992;;;
GALP;2,3;;;GALP_67;2;0,2300129535885;0,20484486517248;0,1385266408992;;;
GALP;3,45;;;GALP_67;2;0,2834560992256;0,177366380505294;0,12597135982016;;;
GALP;4,6;;;GALP_67;2;0,3311261635968;0,177366380505294;0,12597135982016;;;
GALP;5,75;;;GALP_67;2;0,4029721492992;0,177366380505294;0,12597135982016;;;
GALP;6,9;;;GALP_67;2;0,532260498768;0,17236145489448;0,115533382874112;;;
GALP;10,35;;;GALP_67;2;0,7170880691556;0,172334748029553;0,115526483882432;;;
GALP;13,8;;;GALP_67;2;0,924276013743;0,192936670904402;0,13097549899716;;;
GALP;17,25;;;GALP_67;2;1,126799345769;0,192936670904402;0,13097549899716;;;
GALP;20,7;;;GALP_67;2;1,4054413228215;0,192936670904402;0,13097549899716;;;
GALP;1,15;;;GALP_68;2;0,181774660275;0,2003917159296;0,135515192184;;;
GALP;2,3;;;GALP_68;2;0,22501267198875;0,2003917159296;0,135515192184;;;
GALP;3,45;;;GALP_68;2;0,277294010112;0,173510589624745;0,123232851997983;;;
GALP;4,6;;;GALP_68;2;0,323927768736;0,173510589624745;0,123232851997983;;;
GALP;5,75;;;GALP_68;2;0,394211885184;0,173510589624745;0,123232851997983;;;
GALP;6,9;;;GALP_68;2;0,52068961836;0,1686144667446;0,11302178759424;;;
GALP;10,35;;;GALP_68;2;0,701499198087;0,168588340463693;0,11301503858064;;;
GALP;13,8;;;GALP_68;2;0,9041830569225;0,188742395449958;0,1281282055407;;;
GALP;17,25;;;GALP_68;2;1,1023037078175;0,188742395449958;0,1281282055407;;;
GALP;20,7;;;GALP_68;2;1,37488825058625;0,188742395449958;0,1281282055407;;;
GALP;1,15;;;GALP_69;2;0,18581409717;0,20484486517248;0,1385266408992;;;
GALP;2,3;;;GALP_69;2;0,2300129535885;0,20484486517248;0,1385266408992;;;
GALP;3,45;;;GALP_69;2;0,2834560992256;0,177366380505294;0,12597135982016;;;
GALP;4,6;;;GALP_69;2;0,3311261635968;0,177366380505294;0,12597135982016;;;
GALP;5,75;;;GALP_69;2;0,4029721492992;0,177366380505294;0,12597135982016;;;
GALP;6,9;;;GALP_69;2;0,532260498768;0,17236145489448;0,115533382874112;;;
GALP;10,35;;;GALP_69;2;0,7170880691556;0,172334748029553;0,115526483882432;;;
GALP;13,8;;;GALP_69;2;0,924276013743;0,192936670904402;0,13097549899716;;;
GALP;17,25;;;GALP_69;2;1,126799345769;0,192936670904402;0,13097549899716;;;
GALP;20,7;;;GALP_69;2;1,4054413228215;0,192936670904402;0,13097549899716;;;
GALP;1,15;;;GALP_70;2;0,18581409717;0,20484486517248;0,1385266408992;;;
GALP;2,3;;;GALP_70;2;0,2300129535885;0,20484486517248;0,1385266408992;;;
GALP;3,45;;;GALP_70;2;0,2834560992256;0,177366380505294;0,12597135982016;;;
GALP;4,6;;;GALP_70;2;0,3311261635968;0,177366380505294;0,12597135982016;;;
GALP;5,75;;;GALP_70;2;0,4029721492992;0,177366380505294;0,12597135982016;;;
GALP;6,9;;;GALP_70;2;0,532260498768;0,17236145489448;0,115533382874112;;;
GALP;10,35;;;GALP_70;2;0,7170880691556;0,172334748029553;0,115526483882432;;;
GALP;13,8;;;GALP_70;2;0,924276013743;0,192936670904402;0,13097549899716;;;
GALP;17,25;;;GALP_70;2;1,126799345769;0,192936670904402;0,13097549899716;;;
GALP;20,7;;;GALP_70;2;1,4054413228215;0,192936670904402;0,13097549899716;;;
GALP;1,15;;;GALP_75;2;0,189853534065;0,20929801441536;0,1415380896144;;;
GALP;2,3;;;GALP_75;2;0,23501323518825;0,20929801441536;0,1415380896144;;;
GALP;3,45;;;GALP_75;2;0,2896181883392;0,181222171385844;0,128709867642338;;;
GALP;4,6;;;GALP_75;2;0,3383245584576;0,181222171385844;0,128709867642338;;;
GALP;5,75;;;GALP_75;2;0,4117324134144;0,181222171385844;0,128709867642338;;;
GALP;6,9;;;GALP_75;2;0,543831379176;0,17610844304436;0,118044978153984;;;
GALP;10,35;;;GALP_75;2;0,7326769402242;0,176081155595412;0,118037929184224;;;
GALP;13,8;;;GALP_75;2;0,9443689705635;0,197130946358845;0,13382279245362;;;
GALP;17,25;;;GALP_75;2;1,1512949837205;0,197130946358845;0,13382279245362;;;
GALP;20,7;;;GALP_75;2;1,43599439505675;0,197130946358845;0,13382279245362;;;
GALP;1,15;;;GALP_76;2;0,19389297096;0,21375116365824;0,1445495383296;;;
GALP;2,3;;;GALP_76;2;0,240013516788;0,21375116365824;0,1445495383296;;;
GALP;3,45;;;GALP_76;2;0,2957802774528;0,185077962266394;0,131448375464515;;;
GALP;4,6;;;GALP_76;2;0,3455229533184;0,185077962266394;0,131448375464515;;;
GALP;5,75;;;GALP_76;2;0,4204926775296;0,185077962266394;0,131448375464515;;;
GALP;6,9;;;GALP_76;2;0,555402259584;0,17985543119424;0,120556573433856;;;
GALP;10,35;;;GALP_76;2;0,7482658112928;0,179827563161272;0,120549374486016;;;
GALP;13,8;;;GALP_76;2;0,964461927384;0,201325221813289;0,13667008591008;;;
GALP;17,25;;;GALP_76;2;1,175790621672;0,201325221813289;0,13667008591008;;;
GALP;20,7;;;GALP_76;2;1,466547467292;0,201325221813289;0,13667008591008;;;
GALP;1,15;;;GALP_78;2;0,181774660275;0,2003917159296;0,135515192184;;;
GALP;2,3;;;GALP_78;2;0,22501267198875;0,2003917159296;0,135515192184;;;
GALP;3,45;;;GALP_78;2;0,277294010112;0,173510589624745;0,123232851997983;;;
GALP;4,6;;;GALP_78;2;0,323927768736;0,173510589624745;0,123232851997983;;;
GALP;5,75;;;GALP_78;2;0,394211885184;0,173510589624745;0,123232851997983;;;
GALP;6,9;;;GALP_78;2;0,52068961836;0,1686144667446;0,11302178759424;;;
GALP;10,35;;;GALP_78;2;0,701499198087;0,168588340463693;0,11301503858064;;;
GALP;13,8;;;GALP_78;2;0,9041830569225;0,188742395449958;0,1281282055407;;;
GALP;17,25;;;GALP_78;2;1,1023037078175;0,188742395449958;0,1281282055407;;;
GALP;20,7;;;GALP_78;2;1,37488825058625;0,188742395449958;0,1281282055407;;;
GALP;1,15;;;GALP_79;2;0,17773522338;0,19593856668672;0,1325037434688;;;
GALP;2,3;;;GALP_79;2;0,220012390389;0,19593856668672;0,1325037434688;;;
GALP;3,45;;;GALP_79;2;0,2711319209984;0,169654798744195;0,120494344175806;;;
GALP;4,6;;;GALP_79;2;0,3167293738752;0,169654798744195;0,120494344175806;;;
GALP;5,75;;;GALP_79;2;0,3854516210688;0,169654798744195;0,120494344175806;;;
GALP;6,9;;;GALP_79;2;0,509118737952;0,16486747859472;0,110510192314368;;;
GALP;10,35;;;GALP_79;2;0,6859103270184;0,164841932897833;0,110503593278848;;;
GALP;13,8;;;GALP_79;2;0,884090100102;0,184548119995515;0,12528091208424;;;
GALP;17,25;;;GALP_79;2;1,077808069866;0,184548119995515;0,12528091208424;;;
GALP;20,7;;;GALP_79;2;1,344335178351;0,184548119995515;0,12528091208424;;;
GALP;1,15;;;GALP_80;2;0,181774660275;0,2003917159296;0,135515192184;;;
GALP;2,3;;;GALP_80;2;0,22501267198875;0,2003917159296;0,135515192184;;;
GALP;3,45;;;GALP_80;2;0,277294010112;0,173510589624745;0,123232851997983;;;
GALP;4,6;;;GALP_80;2;0,323927768736;0,173510589624745;0,123232851997983;;;
GALP;5,75;;;GALP_80;2;0,394211885184;0,173510589624745;0,123232851997983;;;
GALP;6,9;;;GALP_80;2;0,52068961836;0,1686144667446;0,11302178759424;;;
GALP;10,35;;;GALP_80;2;0,701499198087;0,168588340463693;0,11301503858064;;;
GALP;13,8;;;GALP_80;2;0,9041830569225;0,188742395449958;0,1281282055407;;;
GALP;17,25;;;GALP_80;2;1,1023037078175;0,188742395449958;0,1281282055407;;;
GALP;20,7;;;GALP_80;2;1,37488825058625;0,188742395449958;0,1281282055407;;;
GALP;1,15;;;GALP_81;2;0,17773522338;0,19593856668672;0,1325037434688;;;
GALP;2,3;;;GALP_81;2;0,220012390389;0,19593856668672;0,1325037434688;;;
GALP;3,45;;;GALP_81;2;0,2711319209984;0,169654798744195;0,120494344175806;;;
GALP;4,6;;;GALP_81;2;0,3167293738752;0,169654798744195;0,120494344175806;;;
GALP;5,75;;;GALP_81;2;0,3854516210688;0,169654798744195;0,120494344175806;;;
GALP;6,9;;;GALP_81;2;0,509118737952;0,16486747859472;0,110510192314368;;;
GALP;10,35;;;GALP_81;2;0,6859103270184;0,164841932897833;0,110503593278848;;;
GALP;13,8;;;GALP_81;2;0,884090100102;0,184548119995515;0,12528091208424;;;
GALP;17,25;;;GALP_81;2;1,077808069866;0,184548119995515;0,12528091208424;;;
GALP;20,7;;;GALP_81;2;1,344335178351;0,184548119995515;0,12528091208424;;;
GALP;1,15;;;GALP_82;2;0,189853534065;0,20929801441536;0,1415380896144;;;
GALP;2,3;;;GALP_82;2;0,23501323518825;0,20929801441536;0,1415380896144;;;
GALP;3,45;;;GALP_82;2;0,2896181883392;0,181222171385844;0,128709867642338;;;
GALP;4,6;;;GALP_82;2;0,3383245584576;0,181222171385844;0,128709867642338;;;
GALP;5,75;;;GALP_82;2;0,4117324134144;0,181222171385844;0,128709867642338;;;
GALP;6,9;;;GALP_82;2;0,543831379176;0,17610844304436;0,118044978153984;;;
GALP;10,35;;;GALP_82;2;0,7326769402242;0,176081155595412;0,118037929184224;;;
GALP;13,8;;;GALP_82;2;0,9443689705635;0,197130946358845;0,13382279245362;;;
GALP;17,25;;;GALP_82;2;1,1512949837205;0,197130946358845;0,13382279245362;;;
GALP;20,7;;;GALP_82;2;1,43599439505675;0,197130946358845;0,13382279245362;;;
GALP;1,15;;;GALP_84;2;0,1571;0,177817380261329;0,107714027055617;;;
GALP;2,3;;;GALP_84;2;0,2071;0,177817380261329;0,107714027055617;;;
GALP;3,45;;;GALP_84;2;0,2256;0,177817380261329;0,107714027055617;;;
GALP;4,6;;;GALP_84;2;0,2875;0,177817380261329;0,107714027055617;;;
GALP;5,75;;;GALP_84;2;0,3521;0,177817380261329;0,107714027055617;;;
GALP;6,9;;;GALP_84;2;0,4495;0,177817380261329;0,107714027055617;;;
GALP;10,35;;;GALP_84;2;0,636;0,177817380261329;0,107714027055617;;;
GALP;13,8;;;GALP_84;2;0,8337;0,177817380261329;0,107714027055617;;;
GALP;17,25;;;GALP_84;2;1,0223;0,177817380261329;0,107714027055617;;;
GALP;20,7;;;GALP_84;2;1,2211;0,177817380261329;0,107714027055617;;;
GALP;1,15;;;GALP_85;2;0,18581409717;0,20484486517248;0,1385266408992;;;
GALP;2,3;;;GALP_85;2;0,2300129535885;0,20484486517248;0,1385266408992;;;
GALP;3,45;;;GALP_85;2;0,2834560992256;0,177366380505294;0,12597135982016;;;
GALP;4,6;;;GALP_85;2;0,3311261635968;0,177366380505294;0,12597135982016;;;
GALP;5,75;;;GALP_85;2;0,4029721492992;0,177366380505294;0,12597135982016;;;
GALP;6,9;;;GALP_85;2;0,532260498768;0,17236145489448;0,115533382874112;;;
GALP;10,35;;;GALP_85;2;0,7170880691556;0,172334748029553;0,115526483882432;;;
GALP;13,8;;;GALP_85;2;0,924276013743;0,192936670904402;0,13097549899716;;;
GALP;17,25;;;GALP_85;2;1,126799345769;0,192936670904402;0,13097549899716;;;
GALP;20,7;;;GALP_85;2;1,4054413228215;0,192936670904402;0,13097549899716;;;
GALP;1,15;;;GALP_86;2;0,181774660275;0,2003917159296;0,135515192184;;;
GALP;2,3;;;GALP_86;2;0,22501267198875;0,2003917159296;0,135515192184;;;
GALP;3,45;;;GALP_86;2;0,277294010112;0,173510589624745;0,123232851997983;;;
GALP;4,6;;;GALP_86;2;0,323927768736;0,173510589624745;0,123232851997983;;;
GALP;5,75;;;GALP_86;2;0,394211885184;0,173510589624745;0,123232851997983;;;
GALP;6,9;;;GALP_86;2;0,52068961836;0,1686144667446;0,11302178759424;;;
GALP;10,35;;;GALP_86;2;0,701499198087;0,168588340463693;0,11301503858064;;;
GALP;13,8;;;GALP_86;2;0,9041830569225;0,188742395449958;0,1281282055407;;;
GALP;17,25;;;GALP_86;2;1,1023037078175;0,188742395449958;0,1281282055407;;;
GALP;20,7;;;GALP_86;2;1,37488825058625;0,188742395449958;0,1281282055407;;;
GALP;1,15;;;GALP_87;2;0,181774660275;0,2003917159296;0,135515192184;;;
GALP;2,3;;;GALP_87;2;0,22501267198875;0,2003917159296;0,135515192184;;;
GALP;3,45;;;GALP_87;2;0,277294010112;0,173510589624745;0,123232851997983;;;
GALP;4,6;;;GALP_87;2;0,323927768736;0,173510589624745;0,123232851997983;;;
GALP;5,75;;;GALP_87;2;0,394211885184;0,173510589624745;0,123232851997983;;;
GALP;6,9;;;GALP_87;2;0,52068961836;0,1686144667446;0,11302178759424;;;
GALP;10,35;;;GALP_87;2;0,701499198087;0,168588340463693;0,11301503858064;;;
GALP;13,8;;;GALP_87;2;0,9041830569225;0,188742395449958;0,1281282055407;;;
GALP;17,25;;;GALP_87;2;1,1023037078175;0,188742395449958;0,1281282055407;;;
GALP;20,7;;;GALP_87;2;1,37488825058625;0,188742395449958;0,1281282055407;;;
GALP;1,15;;;GALP_88;2;0,18581409717;0,20484486517248;0,1385266408992;;;
GALP;2,3;;;GALP_88;2;0,2300129535885;0,20484486517248;0,1385266408992;;;
GALP;3,45;;;GALP_88;2;0,2834560992256;0,177366380505294;0,12597135982016;;;
GALP;4,6;;;GALP_88;2;0,3311261635968;0,177366380505294;0,12597135982016;;;
GALP;5,75;;;GALP_88;2;0,4029721492992;0,177366380505294;0,12597135982016;;;
GALP;6,9;;;GALP_88;2;0,532260498768;0,17236145489448;0,115533382874112;;;
GALP;10,35;;;GALP_88;2;0,7170880691556;0,172334748029553;0,115526483882432;;;
GALP;13,8;;;GALP_88;2;0,924276013743;0,192936670904402;0,13097549899716;;;
GALP;17,25;;;GALP_88;2;1,126799345769;0,192936670904402;0,13097549899716;;;
GALP;20,7;;;GALP_88;2;1,4054413228215;0,192936670904402;0,13097549899716;;;
GALP;1,15;;;GALP_89;2;0,189853534065;0,20929801441536;0,1415380896144;;;
GALP;2,3;;;GALP_89;2;0,23501323518825;0,20929801441536;0,1415380896144;;;
GALP;3,45;;;GALP_89;2;0,2896181883392;0,181222171385844;0,128709867642338;;;
GALP;4,6;;;GALP_89;2;0,3383245584576;0,181222171385844;0,128709867642338;;;
GALP;5,75;;;GALP_89;2;0,4117324134144;0,181222171385844;0,128709867642338;;;
GALP;6,9;;;GALP_89;2;0,543831379176;0,17610844304436;0,118044978153984;;;
GALP;10,35;;;GALP_89;2;0,7326769402242;0,176081155595412;0,118037929184224;;;
GALP;13,8;;;GALP_89;2;0,9443689705635;0,197130946358845;0,13382279245362;;;
GALP;17,25;;;GALP_89;2;1,1512949837205;0,197130946358845;0,13382279245362;;;
GALP;20,7;;;GALP_89;2;1,43599439505675;0,197130946358845;0,13382279245362;;;
GALP;1,15;;;GALP_90;2;0,18581409717;0,20484486517248;0,1385266408992;;;
GALP;2,3;;;GALP_90;2;0,2300129535885;0,20484486517248;0,1385266408992;;;
GALP;3,45;;;GALP_90;2;0,2834560992256;0,177366380505294;0,12597135982016;;;
GALP;4,6;;;GALP_90;2;0,3311261635968;0,177366380505294;0,12597135982016;;;
GALP;5,75;;;GALP_90;2;0,4029721492992;0,177366380505294;0,12597135982016;;;
GALP;6,9;;;GALP_90;2;0,532260498768;0,17236145489448;0,115533382874112;;;
GALP;10,35;;;GALP_90;2;0,7170880691556;0,172334748029553;0,115526483882432;;;
GALP;13,8;;;GALP_90;2;0,924276013743;0,192936670904402;0,13097549899716;;;
GALP;17,25;;;GALP_90;2;1,126799345769;0,192936670904402;0,13097549899716;;;
GALP;20,7;;;GALP_90;2;1,4054413228215;0,192936670904402;0,13097549899716;;;
GALP;1,15;;;GALP_91;2;0,181774660275;0,2003917159296;0,135515192184;;;
GALP;2,3;;;GALP_91;2;0,22501267198875;0,2003917159296;0,135515192184;;;
GALP;3,45;;;GALP_91;2;0,277294010112;0,173510589624745;0,123232851997983;;;
GALP;4,6;;;GALP_91;2;0,323927768736;0,173510589624745;0,123232851997983;;;
GALP;5,75;;;GALP_91;2;0,394211885184;0,173510589624745;0,123232851997983;;;
GALP;6,9;;;GALP_91;2;0,52068961836;0,1686144667446;0,11302178759424;;;
GALP;10,35;;;GALP_91;2;0,701499198087;0,168588340463693;0,11301503858064;;;
GALP;13,8;;;GALP_91;2;0,9041830569225;0,188742395449958;0,1281282055407;;;
GALP;17,25;;;GALP_91;2;1,1023037078175;0,188742395449958;0,1281282055407;;;
GALP;20,7;;;GALP_91;2;1,37488825058625;0,188742395449958;0,1281282055407;;;
GALP;1,15;;;GALP_92;2;0,181774660275;0,2003917159296;0,135515192184;;;
GALP;2,3;;;GALP_92;2;0,22501267198875;0,2003917159296;0,135515192184;;;
GALP;3,45;;;GALP_92;2;0,277294010112;0,173510589624745;0,123232851997983;;;
GALP;4,6;;;GALP_92;2;0,323927768736;0,173510589624745;0,123232851997983;;;
GALP;5,75;;;GALP_92;2;0,394211885184;0,173510589624745;0,123232851997983;;;
GALP;6,9;;;GALP_92;2;0,52068961836;0,1686144667446;0,11302178759424;;;
GALP;10,35;;;GALP_92;2;0,701499198087;0,168588340463693;0,11301503858064;;;
GALP;13,8;;;GALP_92;2;0,9041830569225;0,188742395449958;0,1281282055407;;;
GALP;17,25;;;GALP_92;2;1,1023037078175;0,188742395449958;0,1281282055407;;;
GALP;20,7;;;GALP_92;2;1,37488825058625;0,188742395449958;0,1281282055407;;;
GALP;1,15;;;GALP_93;2;0,18581409717;0,20484486517248;0,1385266408992;;;
GALP;2,3;;;GALP_93;2;0,2300129535885;0,20484486517248;0,1385266408992;;;
GALP;3,45;;;GALP_93;2;0,2834560992256;0,177366380505294;0,12597135982016;;;
GALP;4,6;;;GALP_93;2;0,3311261635968;0,177366380505294;0,12597135982016;;;
GALP;5,75;;;GALP_93;2;0,4029721492992;0,177366380505294;0,12597135982016;;;
GALP;6,9;;;GALP_93;2;0,532260498768;0,17236145489448;0,115533382874112;;;
GALP;10,35;;;GALP_93;2;0,7170880691556;0,172334748029553;0,115526483882432;;;
GALP;13,8;;;GALP_93;2;0,924276013743;0,192936670904402;0,13097549899716;;;
GALP;17,25;;;GALP_93;2;1,126799345769;0,192936670904402;0,13097549899716;;;
GALP;20,7;;;GALP_93;2;1,4054413228215;0,192936670904402;0,13097549899716;;;
GALP;1,15;;;GALP_94;2;0,20197184475;0,222657462144;0,15057243576;;;
GALP;2,3;;;GALP_94;2;0,2500140799875;0,222657462144;0,15057243576;;;
GALP;3,45;;;GALP_94;2;0,30810445568;0,192789544027494;0,13692539110887;;;
GALP;4,6;;;GALP_94;2;0,35991974304;0,192789544027494;0,13692539110887;;;
GALP;5,75;;;GALP_94;2;0,43801320576;0,192789544027494;0,13692539110887;;;
GALP;6,9;;;GALP_94;2;0,5785440204;0,187349407494;0,1255797639936;;;
GALP;10,35;;;GALP_94;2;0,77944355343;0,187320378292992;0,1255722650896;;;
GALP;13,8;;;GALP_94;2;1,004647841025;0,209713772722176;0,142364672823;;;
GALP;17,25;;;GALP_94;2;1,224781897575;0,209713772722176;0,142364672823;;;
GALP;20,7;;;GALP_94;2;1,5276536117625;0,209713772722176;0,142364672823;;;
GALP;1,15;;;GALP_95;2;0,20197184475;0,222657462144;0,15057243576;;;
GALP;2,3;;;GALP_95;2;0,2500140799875;0,222657462144;0,15057243576;;;
GALP;3,45;;;GALP_95;2;0,30810445568;0,192789544027494;0,13692539110887;;;
GALP;4,6;;;GALP_95;2;0,35991974304;0,192789544027494;0,13692539110887;;;
GALP;5,75;;;GALP_95;2;0,43801320576;0,192789544027494;0,13692539110887;;;
GALP;6,9;;;GALP_95;2;0,5785440204;0,187349407494;0,1255797639936;;;
GALP;10,35;;;GALP_95;2;0,77944355343;0,187320378292992;0,1255722650896;;;
GALP;13,8;;;GALP_95;2;1,004647841025;0,209713772722176;0,142364672823;;;
GALP;17,25;;;GALP_95;2;1,224781897575;0,209713772722176;0,142364672823;;;
GALP;20,7;;;GALP_95;2;1,5276536117625;0,209713772722176;0,142364672823;;;
GALP;1,15;;;GALP_96;2;0,20197184475;0,222657462144;0,15057243576;;;
GALP;2,3;;;GALP_96;2;0,2500140799875;0,222657462144;0,15057243576;;;
GALP;3,45;;;GALP_96;2;0,30810445568;0,192789544027494;0,13692539110887;;;
GALP;4,6;;;GALP_96;2;0,35991974304;0,192789544027494;0,13692539110887;;;
GALP;5,75;;;GALP_96;2;0,43801320576;0,192789544027494;0,13692539110887;;;
GALP;6,9;;;GALP_96;2;0,5785440204;0,187349407494;0,1255797639936;;;
GALP;10,35;;;GALP_96;2;0,77944355343;0,187320378292992;0,1255722650896;;;
GALP;13,8;;;GALP_96;2;1,004647841025;0,209713772722176;0,142364672823;;;
GALP;17,25;;;GALP_96;2;1,224781897575;0,209713772722176;0,142364672823;;;
GALP;20,7;;;GALP_96;2;1,5276536117625;0,209713772722176;0,142364672823;;;
GALP;1,15;;;GALP_97;2;0,20197184475;0,222657462144;0,15057243576;;;
GALP;2,3;;;GALP_97;2;0,2500140799875;0,222657462144;0,15057243576;;;
GALP;3,45;;;GALP_97;2;0,30810445568;0,192789544027494;0,13692539110887;;;
GALP;4,6;;;GALP_97;2;0,35991974304;0,192789544027494;0,13692539110887;;;
GALP;5,75;;;GALP_97;2;0,43801320576;0,192789544027494;0,13692539110887;;;
GALP;6,9;;;GALP_97;2;0,5785440204;0,187349407494;0,1255797639936;;;
GALP;10,35;;;GALP_97;2;0,77944355343;0,187320378292992;0,1255722650896;;;
GALP;13,8;;;GALP_97;2;1,004647841025;0,209713772722176;0,142364672823;;;
GALP;17,25;;;GALP_97;2;1,224781897575;0,209713772722176;0,142364672823;;;
GALP;20,7;;;GALP_97;2;1,5276536117625;0,209713772722176;0,142364672823;;;
GALP;1,15;;;GALP_98;2;0,20197184475;0,222657462144;0,15057243576;;;
GALP;2,3;;;GALP_98;2;0,2500140799875;0,222657462144;0,15057243576;;;
GALP;3,45;;;GALP_98;2;0,30810445568;0,192789544027494;0,13692539110887;;;
GALP;4,6;;;GALP_98;2;0,35991974304;0,192789544027494;0,13692539110887;;;
GALP;5,75;;;GALP_98;2;0,43801320576;0,192789544027494;0,13692539110887;;;
GALP;6,9;;;GALP_98;2;0,5785440204;0,187349407494;0,1255797639936;;;
GALP;10,35;;;GALP_98;2;0,77944355343;0,187320378292992;0,1255722650896;;;
GALP;13,8;;;GALP_98;2;1,004647841025;0,209713772722176;0,142364672823;;;
GALP;17,25;;;GALP_98;2;1,224781897575;0,209713772722176;0,142364672823;;;
GALP;20,7;;;GALP_98;2;1,5276536117625;0,209713772722176;0,142364672823;;;
GALP;1,15;;;GALP_99;2;0,20197184475;0,222657462144;0,15057243576;;;
GALP;2,3;;;GALP_99;2;0,2500140799875;0,222657462144;0,15057243576;;;
GALP;3,45;;;GALP_99;2;0,30810445568;0,192789544027494;0,13692539110887;;;
GALP;4,6;;;GALP_99;2;0,35991974304;0,192789544027494;0,13692539110887;;;
GALP;5,75;;;GALP_99;2;0,43801320576;0,192789544027494;0,13692539110887;;;
GALP;6,9;;;GALP_99;2;0,5785440204;0,187349407494;0,1255797639936;;;
GALP;10,35;;;GALP_99;2;0,77944355343;0,187320378292992;0,1255722650896;;;
GALP;13,8;;;GALP_99;2;1,004647841025;0,209713772722176;0,142364672823;;;
GALP;17,25;;;GALP_99;2;1,224781897575;0,209713772722176;0,142364672823;;;
GALP;20,7;;;GALP_99;2;1,5276536117625;0,209713772722176;0,142364672823;;;
GALP;27,6;;;GALP_48;3;1,53888;0,375547795465175;0,1626451211136;0,135400722746573;;
GALP;34,5;;;GALP_48;3;1,779816;0,375547795465175;0,1626451211136;0,135400722746573;;
GALP;41,4;;;GALP_48;3;2,03004;0,375547795465175;0,1626451211136;0,135400722746573;;
GALP;27,6;;;GALP_50;3;1,58697;0,387283664073462;0,1677277811484;0,139631995332403;;
GALP;34,5;;;GALP_50;3;1,83543525;0,387283664073462;0,1677277811484;0,139631995332403;;
GALP;41,4;;;GALP_50;3;2,09347875;0,387283664073462;0,1677277811484;0,139631995332403;;
GALP;27,6;;;GALP_60;3;1,55491;0,379459751667937;0,1643393411252;0,13681114694185;;
GALP;34,5;;;GALP_60;3;1,79835575;0,379459751667937;0,1643393411252;0,13681114694185;;
GALP;41,4;;;GALP_60;3;2,05118625;0,379459751667937;0,1643393411252;0,13681114694185;;
GALP;27,6;;;GALP_62;3;1,58697;0,387283664073462;0,1677277811484;0,139631995332403;;
GALP;34,5;;;GALP_62;3;1,83543525;0,387283664073462;0,1677277811484;0,139631995332403;;
GALP;41,4;;;GALP_62;3;2,09347875;0,387283664073462;0,1677277811484;0,139631995332403;;
GALP;1,15;;;GALP_84;3;0,1571;0,341787858022751;0,133546902499907;0,107714027055617;;
GALP;2,3;;;GALP_84;3;0,2071;0,341787858022751;0,133546902499907;0,107714027055617;;
GALP;3,45;;;GALP_84;3;0,2256;0,341787858022751;0,133546902499907;0,107714027055617;;
GALP;4,6;;;GALP_84;3;0,2875;0,341787858022751;0,133546902499907;0,107714027055617;;
GALP;5,75;;;GALP_84;3;0,3521;0,341787858022751;0,133546902499907;0,107714027055617;;
GALP;6,9;;;GALP_84;3;0,4495;0,341787858022751;0,133546902499907;0,107714027055617;;
GALP;10,35;;;GALP_84;3;0,636;0,341787858022751;0,133546902499907;0,107714027055617;;
GALP;13,8;;;GALP_84;3;0,8337;0,341787858022751;0,133546902499907;0,107714027055617;;
GALP;17,25;;;GALP_84;3;1,0223;0,341787858022751;0,133546902499907;0,107714027055617;;
GALP;20,7;;;GALP_84;3;1,2211;0,341787858022751;0,133546902499907;0,107714027055617;;
GALP;27,6;;;GALP_84;3;1,5888;0,341687858022751;0,145546902499907;0,106914027055617;;
GALP;34,5;;;GALP_84;3;1,9761;0,341687858022751;0,145546902499907;0,106914027055617;;
GALP;41,4;;;GALP_84;3;2,3636;0,341687858022751;0,145546902499907;0,106914027055617;;
GOLD;1,15;1;;GOLD_01;1;;;;;0,0156;0,12710074
GOLD;2,3;2;;GOLD_01;1;;;;;0,0497;0,1141125
GOLD;3,45;3;;GOLD_01;1;;;;;0,0827;0,111610975
GOLD;4,6;4;;GOLD_01;1;;;;;0,1364;0,104293455
GOLD;1,15;1;;GOLD_02;1;;;;;0,0156;0,12213032
GOLD;2,3;2;;GOLD_02;1;;;;;0,0497;0,10965
GOLD;3,45;3;;GOLD_02;1;;;;;0,0827;0,1072463
GOLD;4,6;4;;GOLD_02;1;;;;;0,1364;0,10021494
GOLD;1,15;1;;GOLD_03;1;0,1435;0,164331;;;;
GOLD;2,3;2;;GOLD_03;1;0,246;0,164331;;;;
GOLD;3,45;3;;GOLD_03;1;0,3477;0,164331;;;;
GOLD;4,6;4;;GOLD_03;1;0,4987;0,164331;;;;
GOLD;5,75;;;GOLD_03;1;0,6129;0,164331;;;;
GOLD;6,9;;;GOLD_03;1;0,7177;0,164331;;;;
GOLD;10,35;;;GOLD_03;1;1,0061;0,164331;;;;
GOLD;13,8;;;GOLD_03;1;1,3289;0,164331;;;;
GOLD;17,25;;;GOLD_03;1;1,7608;0,164331;;;;
GOLD;20,7;;;GOLD_03;1;2,2067;0,164331;;;;
GOLD;1,15;1;;GOLD_05;1;;;;;0,0156;0,13207116
GOLD;2,3;2;;GOLD_05;1;;;;;0,0497;0,118575
GOLD;3,45;3;;GOLD_05;1;;;;;0,0827;0,11597565
GOLD;4,6;4;;GOLD_05;1;;;;;0,1364;0,10837197
GOLD;1,15;1;;GOLD_06;1;;;;;0,0156;0,12710074
GOLD;2,3;2;;GOLD_06;1;;;;;0,0497;0,1141125
GOLD;3,45;3;;GOLD_06;1;;;;;0,0827;0,111610975
GOLD;4,6;4;;GOLD_06;1;;;;;0,1364;0,104293455
GOLD;1,15;1;;GOLD_07;1;0,1435;0,164331;;;0,0156;0,13207116
GOLD;2,3;2;;GOLD_07;1;0,246;0,164331;;;0,0497;0,118575
GOLD;3,45;3;;GOLD_07;1;0,3477;0,164331;;;0,0827;0,11597565
GOLD;4,6;4;;GOLD_07;1;0,4987;0,164331;;;0,1364;0,10837197
GOLD;5,75;;;GOLD_07;1;0,6129;0,164331;;;;
GOLD;6,9;;;GOLD_07;1;0,7177;0,164331;;;;
GOLD;10,35;;;GOLD_07;1;1,0061;0,164331;;;;
GOLD;13,8;;;GOLD_07;1;1,3289;0,164331;;;;
GOLD;17,25;;;GOLD_07;1;1,7608;0,164331;;;;
GOLD;20,7;;;GOLD_07;1;2,2067;0,164331;;;;
GOLD;1,15;1;;GOLD_08;1;0,1435;0,1581465;;;0,0156;0,12710074
GOLD;2,3;2;;GOLD_08;1;0,246;0,1581465;;;0,0497;0,1141125
GOLD;3,45;3;;GOLD_08;1;0,3477;0,1581465;;;0,0827;0,111610975
GOLD;4,6;4;;GOLD_08;1;0,4987;0,1581465;;;0,1364;0,104293455
GOLD;5,75;;;GOLD_08;1;0,6129;0,1581465;;;;
GOLD;6,9;;;GOLD_08;1;0,7177;0,1581465;;;;
GOLD;10,35;;;GOLD_08;1;1,0061;0,1581465;;;;
GOLD;13,8;;;GOLD_08;1;1,3289;0,1581465;;;;
GOLD;17,25;;;GOLD_08;1;1,7608;0,1581465;;;;
GOLD;20,7;;;GOLD_08;1;2,2067;0,1581465;;;;
GOLD;1,15;1;;GOLD_09;1;0,1435;0,1581465;;;0,0156;0,12710074
GOLD;2,3;2;;GOLD_09;1;0,246;0,1581465;;;0,0497;0,1141125
GOLD;3,45;3;;GOLD_09;1;0,3477;0,1581465;;;0,0827;0,111610975
GOLD;4,6;4;;GOLD_09;1;0,4987;0,1581465;;;0,1364;0,104293455
GOLD;5,75;;;GOLD_09;1;0,6129;0,1581465;;;;
GOLD;6,9;;;GOLD_09;1;0,7177;0,1581465;;;;
GOLD;10,35;;;GOLD_09;1;1,0061;0,1581465;;;;
GOLD;13,8;;;GOLD_09;1;1,3289;0,1581465;;;;
GOLD;17,25;;;GOLD_09;1;1,7608;0,1581465;;;;
GOLD;20,7;;;GOLD_09;1;2,2067;0,1581465;;;;
GOLD;1,15;1;;GOLD_10;1;0,1435;0,1581465;;;;
GOLD;2,3;2;;GOLD_10;1;0,246;0,1581465;;;;
GOLD;3,45;3;;GOLD_10;1;0,3477;0,1581465;;;;
GOLD;4,6;4;;GOLD_10;1;0,4987;0,1581465;;;;
GOLD;5,75;;;GOLD_10;1;0,6129;0,1581465;;;;
GOLD;6,9;;;GOLD_10;1;0,7177;0,1581465;;;;
GOLD;10,35;;;GOLD_10;1;1,0061;0,1581465;;;;
GOLD;13,8;;;GOLD_10;1;1,3289;0,1581465;;;;
GOLD;17,25;;;GOLD_10;1;1,7608;0,1581465;;;;
GOLD;20,7;;;GOLD_10;1;2,2067;0,1581465;;;;
GOLD;1,15;1;;GOLD_11;1;0,1435;0,1581465;;;;
GOLD;2,3;2;;GOLD_11;1;0,246;0,1581465;;;;
GOLD;3,45;3;;GOLD_11;1;0,3477;0,1581465;;;;
GOLD;4,6;4;;GOLD_11;1;0,4987;0,1581465;;;;
GOLD;5,75;;;GOLD_11;1;0,6129;0,1581465;;;;
GOLD;6,9;;;GOLD_11;1;0,7177;0,1581465;;;;
GOLD;10,35;;;GOLD_11;1;1,0061;0,1581465;;;;
GOLD;13,8;;;GOLD_11;1;1,3289;0,1581465;;;;
GOLD;17,25;;;GOLD_11;1;1,7608;0,1581465;;;;
GOLD;20,7;;;GOLD_11;1;2,2067;0,1581465;;;;
GOLD;1,15;1;;GOLD_12;1;0,1435;0,151962;;;;
GOLD;2,3;2;;GOLD_12;1;0,246;0,151962;;;;
GOLD;3,45;3;;GOLD_12;1;0,3477;0,151962;;;;
GOLD;4,6;4;;GOLD_12;1;0,4987;0,151962;;;;
GOLD;5,75;;;GOLD_12;1;0,6129;0,151962;;;;
GOLD;6,9;;;GOLD_12;1;0,7177;0,151962;;;;
GOLD;10,35;;;GOLD_12;1;1,0061;0,151962;;;;
GOLD;13,8;;;GOLD_12;1;1,3289;0,151962;;;;
GOLD;17,25;;;GOLD_12;1;1,7608;0,151962;;;;
GOLD;20,7;;;GOLD_12;1;2,2067;0,151962;;;;
GOLD;1,15;1;;GOLD_13;1;0,1779;0,1649253;;;0,1156;0,147810421333333
GOLD;2,3;2;;GOLD_13;1;0,2308;0,1649253;;;0,1497;0,142718421333333
GOLD;3,45;3;;GOLD_13;1;0,2837;0,1649253;;;0,1827;0,139769421333333
GOLD;4,6;4;;GOLD_13;1;0,3366;0,1649253;;;0,2364;0,138487421333333
GOLD;5,75;;;GOLD_13;1;0,3895;0,1649253;;;;
GOLD;6,9;;;GOLD_13;1;0,4424;0,1649253;;;;
GOLD;10,35;;;GOLD_13;1;0,6011;0,1649253;;;;
GOLD;13,8;;;GOLD_13;1;0,7598;0,1649253;;;;
GOLD;17,25;;;GOLD_13;1;0,9185;0,1649253;;;;
GOLD;20,7;;;GOLD_13;1;1,0772;0,1649253;;;;
GOLD;1,15;1;;GOLD_14;1;0,1779;0,1649253;;;;
GOLD;2,3;2;;GOLD_14;1;0,2308;0,1649253;;;;
GOLD;3,45;3;;GOLD_14;1;0,2837;0,1649253;;;;
GOLD;4,6;4;;GOLD_14;1;0,3366;0,1649253;;;;
GOLD;5,75;;;GOLD_14;1;0,3895;0,1649253;;;;
GOLD;6,9;;;GOLD_14;1;0,4424;0,1649253;;;;
GOLD;10,35;;;GOLD_14;1;0,6011;0,1649253;;;;
GOLD;13,8;;;GOLD_14;1;0,7598;0,1649253;;;;
GOLD;17,25;;;GOLD_14;1;0,9185;0,1649253;;;;
GOLD;20,7;;;GOLD_14;1;1,0772;0,1649253;;;;
GOLD;1,15;1;;GOLD_15;1;0,16032;0,1816;;;;
GOLD;1,15;1;;GOLD_15;1;;;;;0,1156;0,147810421333333
GOLD;2,3;2;;GOLD_15;1;0,22712;0,1816;;;;
GOLD;2,3;2;;GOLD_15;1;;;;;0,1497;0,142718421333333
GOLD;3,45;3;;GOLD_15;1;0,2748;0,1816;;;;
GOLD;3,45;3;;GOLD_15;1;;;;;0,1827;0,139769421333333
GOLD;4,6;4;;GOLD_15;1;0,36064;0,1816;;;;
GOLD;4,6;4;;GOLD_15;1;;;;;0,2364;0,138487421333333
GOLD;5,75;;;GOLD_15;1;0,44456;0,1816;;;;
GOLD;6,9;;;GOLD_15;1;0,52648;0,1816;;;;
GOLD;10,35;;;GOLD_15;1;0,69376;0,1816;;;;
GOLD;13,8;;;GOLD_15;1;0,9264;0,1816;;;;
GOLD;17,25;;;GOLD_15;1;1,16264;0,1816;;;;
GOLD;20,7;;;GOLD_15;1;1,39392;0,1816;;;;
GOLD;1,15;1;;GOLD_18;1;;;;;0,1156;0,147810421333333
GOLD;2,3;2;;GOLD_18;1;;;;;0,1497;0,142718421333333
GOLD;3,45;3;;GOLD_18;1;;;;;0,1827;0,139769421333333
GOLD;4,6;4;;GOLD_18;1;;;;;0,2364;0,138487421333333
GOLD;1,15;1;;GOLD_19;1;0,1779;0,1899253;;;0,1156;0,147810421333333
GOLD;2,3;2;;GOLD_19;1;0,2308;0,1899253;;;0,1497;0,142718421333333
GOLD;3,45;3;;GOLD_19;1;0,2837;0,1899253;;;0,1827;0,139769421333333
GOLD;4,6;4;;GOLD_19;1;0,3366;0,1899253;;;0,2364;0,138487421333333
GOLD;5,75;;;GOLD_19;1;0,3895;0,1899253;;;;
GOLD;6,9;;;GOLD_19;1;0,4424;0,1899253;;;;
GOLD;10,35;;;GOLD_19;1;0,6011;0,1899253;;;;
GOLD;13,8;;;GOLD_19;1;0,7598;0,1899253;;;;
GOLD;17,25;;;GOLD_19;1;0,9185;0,1899253;;;;
GOLD;20,7;;;GOLD_19;1;1,0772;0,1899253;;;;
GOLD;1,15;1;;GOLD_20;1;0,16032;0,1816;;;;
GOLD;1,15;1;;GOLD_20;1;;;;;0,1156;0,147810421333333
GOLD;2,3;2;;GOLD_20;1;0,22712;0,1816;;;;
GOLD;2,3;2;;GOLD_20;1;;;;;0,1497;0,142718421333333
GOLD;3,45;3;;GOLD_20;1;0,2748;0,1816;;;;
GOLD;3,45;3;;GOLD_20;1;;;;;0,1827;0,139769421333333
GOLD;4,6;4;;GOLD_20;1;0,36064;0,1816;;;;
GOLD;4,6;4;;GOLD_20;1;;;;;0,2364;0,138487421333333
GOLD;5,75;;;GOLD_20;1;0,44456;0,1816;;;;
GOLD;6,9;;;GOLD_20;1;0,52648;0,1816;;;;
GOLD;10,35;;;GOLD_20;1;0,69376;0,1816;;;;
GOLD;13,8;;;GOLD_20;1;0,9264;0,1816;;;;
GOLD;17,25;;;GOLD_20;1;1,16264;0,1816;;;;
GOLD;20,7;;;GOLD_20;1;1,39392;0,1816;;;;
GOLD;1,15;1;;GOLD_21;1;0,1779;0,1899253;;;;
GOLD;1,15;1;;GOLD_21;1;;;;;0,0156;0,1524
GOLD;2,3;2;;GOLD_21;1;0,2308;0,1899253;;;;
GOLD;2,3;2;;GOLD_21;1;;;;;0,0497;0,1455
GOLD;3,45;3;;GOLD_21;1;0,2837;0,1899253;;;;
GOLD;3,45;3;;GOLD_21;1;;;;;0,0827;0,1354
GOLD;4,6;4;;GOLD_21;1;0,3366;0,1899253;;;;
GOLD;4,6;4;;GOLD_21;1;;;;;0,1364;0,1281
GOLD;5,75;;;GOLD_21;1;0,3895;0,1899253;;;;
GOLD;6,9;;;GOLD_21;1;0,4424;0,1899253;;;;
GOLD;10,35;;;GOLD_21;1;0,6011;0,1899253;;;;
GOLD;13,8;;;GOLD_21;1;0,7598;0,1899253;;;;
GOLD;17,25;;;GOLD_21;1;0,9185;0,1899253;;;;
GOLD;20,7;;;GOLD_21;1;1,0772;0,1899253;;;;
GOLD;1,15;1;;GOLD_22;1;;;;;0,0156;0,1524
GOLD;1,15;1;;GOLD_22;1;0,1779;0,1649253;;;;
GOLD;2,3;2;;GOLD_22;1;;;;;0,0497;0,1455
GOLD;2,3;2;;GOLD_22;1;0,2308;0,1649253;;;;
GOLD;3,45;3;;GOLD_22;1;;;;;0,0827;0,1354
GOLD;3,45;3;;GOLD_22;1;0,2837;0,1649253;;;;
GOLD;4,6;4;;GOLD_22;1;;;;;0,1364;0,1281
GOLD;4,6;4;;GOLD_22;1;0,3366;0,1649253;;;;
GOLD;5,75;;;GOLD_22;1;0,3895;0,1649253;;;;
GOLD;6,9;;;GOLD_22;1;0,4424;0,1649253;;;;
GOLD;10,35;;;GOLD_22;1;0,6011;0,1649253;;;;
GOLD;13,8;;;GOLD_22;1;0,7598;0,1649253;;;;
GOLD;17,25;;;GOLD_22;1;0,9185;0,1649253;;;;
GOLD;20,7;;;GOLD_22;1;1,0772;0,1649253;;;;
GOLD;1,15;1;;GOLD_23;1;;;;;0,1156;0,147810421333333
GOLD;2,3;2;;GOLD_23;1;;;;;0,1497;0,142718421333333
GOLD;3,45;3;;GOLD_23;1;;;;;0,1827;0,139769421333333
GOLD;4,6;4;;GOLD_23;1;;;;;0,2364;0,138487421333333
GOLD;1,15;1;;GOLD_24;1;0,1779;0,1899253;;;;
GOLD;2,3;2;;GOLD_24;1;0,2308;0,1899253;;;;
GOLD;3,45;3;;GOLD_24;1;0,2837;0,1899253;;;;
GOLD;4,6;4;;GOLD_24;1;0,3366;0,1899253;;;;
GOLD;5,75;;;GOLD_24;1;0,3895;0,1899253;;;;
GOLD;6,9;;;GOLD_24;1;0,4424;0,1899253;;;;
GOLD;10,35;;;GOLD_24;1;0,6011;0,1899253;;;;
GOLD;13,8;;;GOLD_24;1;0,7598;0,1899253;;;;
GOLD;17,25;;;GOLD_24;1;0,9185;0,1899253;;;;
GOLD;20,7;;;GOLD_24;1;1,0772;0,1899253;;;;
GOLD;1,15;1;;GOLD_25;1;0,1435;0,151962;;;0,0156;0,12213032
GOLD;2,3;2;;GOLD_25;1;0,246;0,151962;;;0,0497;0,10965
GOLD;3,45;3;;GOLD_25;1;0,3477;0,151962;;;0,0827;0,1072463
GOLD;4,6;4;;GOLD_25;1;0,4987;0,151962;;;0,1364;0,10021494
GOLD;5,75;;;GOLD_25;1;0,6129;0,151962;;;;
GOLD;6,9;;;GOLD_25;1;0,7177;0,151962;;;;
GOLD;10,35;;;GOLD_25;1;1,0061;0,151962;;;;
GOLD;13,8;;;GOLD_25;1;1,3289;0,151962;;;;
GOLD;17,25;;;GOLD_25;1;1,7608;0,151962;;;;
GOLD;20,7;;;GOLD_25;1;2,2067;0,151962;;;;
GOLD;1,15;1;;GOLD_26;1;0,1435;0,1616805;;;0,0156;0,1299
GOLD;2,3;2;;GOLD_26;1;0,246;0,1616805;;;0,0497;0,1166625
GOLD;3,45;3;;GOLD_26;1;0,3477;0,1616805;;;0,0827;0,114105075
GOLD;4,6;4;;GOLD_26;1;0,4987;0,1616805;;;0,1364;0,106624035
GOLD;5,75;;;GOLD_26;1;0,6129;0,1616805;;;;
GOLD;6,9;;;GOLD_26;1;0,7177;0,1616805;;;;
GOLD;10,35;;;GOLD_26;1;1,0061;0,1616805;;;;
GOLD;13,8;;;GOLD_26;1;1,3289;0,1616805;;;;
GOLD;17,25;;;GOLD_26;1;1,7608;0,1616805;;;;
GOLD;20,7;;;GOLD_26;1;2,2067;0,1616805;;;;
GOLD;1,15;1;;GOLD_27;1;0,1435;0,1616805;;;0,0156;0,1299
GOLD;2,3;2;;GOLD_27;1;0,246;0,1616805;;;0,0497;0,1166625
GOLD;3,45;3;;GOLD_27;1;0,3477;0,1616805;;;0,0827;0,114105075
GOLD;4,6;4;;GOLD_27;1;0,4987;0,1616805;;;0,1364;0,106624035
GOLD;5,75;;;GOLD_27;1;0,6129;0,1616805;;;;
GOLD;6,9;;;GOLD_27;1;0,7177;0,1616805;;;;
GOLD;10,35;;;GOLD_27;1;1,0061;0,1616805;;;;
GOLD;13,8;;;GOLD_27;1;1,3289;0,1616805;;;;
GOLD;17,25;;;GOLD_27;1;1,7608;0,1616805;;;;
GOLD;20,7;;;GOLD_27;1;2,2067;0,1616805;;;;
GOLD;1,15;1;;GOLD_28;1;0,1435;0,155496;;;0,0156;0,12497056
GOLD;2,3;2;;GOLD_28;1;0,246;0,155496;;;0,0497;0,1122
GOLD;3,45;3;;GOLD_28;1;0,3477;0,155496;;;0,0827;0,1097404
GOLD;4,6;4;;GOLD_28;1;0,4987;0,155496;;;0,1364;0,10254552
GOLD;5,75;;;GOLD_28;1;0,6129;0,155496;;;;
GOLD;6,9;;;GOLD_28;1;0,7177;0,155496;;;;
GOLD;10,35;;;GOLD_28;1;1,0061;0,155496;;;;
GOLD;13,8;;;GOLD_28;1;1,3289;0,155496;;;;
GOLD;17,25;;;GOLD_28;1;1,7608;0,155496;;;;
GOLD;20,7;;;GOLD_28;1;2,2067;0,155496;;;;
GOLD;1,15;1;;GOLD_29;1;0,1435;0,1616805;;;;
GOLD;2,3;2;;GOLD_29;1;0,246;0,1616805;;;;
GOLD;3,45;3;;GOLD_29;1;0,3477;0,1616805;;;;
GOLD;4,6;4;;GOLD_29;1;0,4987;0,1616805;;;;
GOLD;5,75;;;GOLD_29;1;0,6129;0,1616805;;;;
GOLD;6,9;;;GOLD_29;1;0,7177;0,1616805;;;;
GOLD;10,35;;;GOLD_29;1;1,0061;0,1616805;;;;
GOLD;13,8;;;GOLD_29;1;1,3289;0,1616805;;;;
GOLD;17,25;;;GOLD_29;1;1,7608;0,1616805;;;;
GOLD;20,7;;;GOLD_29;1;2,2067;0,1616805;;;;
GOLD;1,15;1;;GOLD_30;1;0,1435;0,155496;;;;
GOLD;2,3;2;;GOLD_30;1;0,246;0,155496;;;;
GOLD;3,45;3;;GOLD_30;1;0,3477;0,155496;;;;
GOLD;4,6;4;;GOLD_30;1;0,4987;0,155496;;;;
GOLD;5,75;;;GOLD_30;1;0,6129;0,155496;;;;
GOLD;6,9;;;GOLD_30;1;0,7177;0,155496;;;;
GOLD;10,35;;;GOLD_30;1;1,0061;0,155496;;;;
GOLD;13,8;;;GOLD_30;1;1,3289;0,155496;;;;
GOLD;17,25;;;GOLD_30;1;1,7608;0,155496;;;;
GOLD;20,7;;;GOLD_30;1;2,2067;0,155496;;;;
GOLD;1,15;1;;GOLD_31;1;0,1435;0,167865;;;0,0156;0,1349114
GOLD;2,3;2;;GOLD_31;1;0,246;0,167865;;;0,0497;0,121125
GOLD;3,45;3;;GOLD_31;1;0,3477;0,167865;;;0,0827;0,11846975
GOLD;4,6;4;;GOLD_31;1;0,4987;0,167865;;;0,1364;0,11070255
GOLD;5,75;;;GOLD_31;1;0,6129;0,167865;;;;
GOLD;6,9;;;GOLD_31;1;0,7177;0,167865;;;;
GOLD;10,35;;;GOLD_31;1;1,0061;0,167865;;;;
GOLD;13,8;;;GOLD_31;1;1,3289;0,167865;;;;
GOLD;17,25;;;GOLD_31;1;1,7608;0,167865;;;;
GOLD;20,7;;;GOLD_31;1;2,2067;0,167865;;;;
GOLD;1,15;1;;GOLD_32;1;;;;;0,0841;0,107413
GOLD;2,3;2;;GOLD_32;1;;;;;0,1402;0,101513
GOLD;3,45;3;;GOLD_32;1;;;;;0,1835;0,096591
GOLD;4,6;4;;GOLD_32;1;;;;;0,2434;0,096365
GOLD;1,15;1;;GOLD_33;1;0,129;0,1492;;;;
GOLD;2,3;2;;GOLD_33;1;0,2002;0,1492;;;;
GOLD;3,45;3;;GOLD_33;1;0,2259;0,1492;;;;
GOLD;4,6;4;;GOLD_33;1;0,2658;0,1492;;;;
GOLD;5,75;;;GOLD_33;1;0,2811;0,1492;;;;
GOLD;6,9;;;GOLD_33;1;0,3352;0,1492;;;;
GOLD;10,35;;;GOLD_33;1;0,6009;0,1492;;;;
GOLD;13,8;;;GOLD_33;1;0,7418;0,1492;;;;
GOLD;17,25;;;GOLD_33;1;0,8563;0,1492;;;;
GOLD;20,7;;;GOLD_33;1;1,003;0,1492;;;;
GOLD;1,15;1;;GOLD_34;1;0,129;0,1492;;;0,0841;0,107413
GOLD;2,3;2;;GOLD_34;1;0,2002;0,1492;;;0,1402;0,101513
GOLD;3,45;3;;GOLD_34;1;0,2259;0,1492;;;0,1835;0,096591
GOLD;4,6;4;;GOLD_34;1;0,2658;0,1492;;;0,2434;0,096365
GOLD;5,75;;;GOLD_34;1;0,2811;0,1492;;;;
GOLD;6,9;;;GOLD_34;1;0,3352;0,1492;;;;
GOLD;10,35;;;GOLD_34;1;0,6009;0,1492;;;;
GOLD;13,8;;;GOLD_34;1;0,7418;0,1492;;;;
GOLD;17,25;;;GOLD_34;1;0,8563;0,1492;;;;
GOLD;20,7;;;GOLD_34;1;1,003;0,1492;;;;
GOLD;1,15;1;;GOLD_35;1;;;;;0,1393;0,0972896
GOLD;2,3;2;;GOLD_35;1;;;;;0,2125;0,095616
GOLD;3,45;3;;GOLD_35;1;;;;;0,3973;0,0946968
GOLD;4,6;4;;GOLD_35;1;;;;;0,8183;0,0930312
GOLD;1,15;1;;GOLD_36;1;0,1904;0,14992;;;;
GOLD;2,3;2;;GOLD_36;1;0,3102;0,14992;;;;
GOLD;3,45;3;;GOLD_36;1;0,4317;0,14992;;;;
GOLD;4,6;4;;GOLD_36;1;0,5788;0,14992;;;;
GOLD;5,75;;;GOLD_36;1;0,7134;0,14992;;;;
GOLD;6,9;;;GOLD_36;1;0,8342;0,14992;;;;
GOLD;10,35;;;GOLD_36;1;1,1523;0,14992;;;;
GOLD;13,8;;;GOLD_36;1;1,5481;0,14992;;;;
GOLD;17,25;;;GOLD_36;1;1,9688;0,14992;;;;
GOLD;20,7;;;GOLD_36;1;2,4262;0,14992;;;;
GOLD;1,15;1;;GOLD_37;1;0,1904;0,14992;;;0,1393;0,0972896
GOLD;2,3;2;;GOLD_37;1;0,3102;0,14992;;;0,2125;0,095616
GOLD;3,45;3;;GOLD_37;1;0,4317;0,14992;;;0,3973;0,0946968
GOLD;4,6;4;;GOLD_37;1;0,5788;0,14992;;;0,8183;0,0930312
GOLD;5,75;;;GOLD_37;1;0,7134;0,14992;;;;
GOLD;6,9;;;GOLD_37;1;0,8342;0,14992;;;;
GOLD;10,35;;;GOLD_37;1;1,1523;0,14992;;;;
GOLD;13,8;;;GOLD_37;1;1,5481;0,14992;;;;
GOLD;17,25;;;GOLD_37;1;1,9688;0,14992;;;;
GOLD;20,7;;;GOLD_37;1;2,4262;0,14992;;;;
GOLD;1,15;1;;GOLD_38;1;;;;;0,0418;0,127
GOLD;2,3;2;;GOLD_38;1;;;;;0,107;0,1146
GOLD;3,45;3;;GOLD_38;1;;;;;0,1363;0,1116
GOLD;4,6;4;;GOLD_38;1;;;;;0,1818;0,1054
GOLD;1,15;1;;GOLD_39;1;0,17488;0,1699;;;;
GOLD;2,3;2;;GOLD_39;1;0,27328;0,1699;;;;
GOLD;3,45;3;;GOLD_39;1;0,37216;0,1699;;;;
GOLD;4,6;4;;GOLD_39;1;0,49912;0,1699;;;;
GOLD;5,75;;;GOLD_39;1;0,6132;0,1699;;;;
GOLD;6,9;;;GOLD_39;1;0,71384;0,1699;;;;
GOLD;10,35;;;GOLD_39;1;0,96472;0,1699;;;;
GOLD;13,8;;;GOLD_39;1;1,29856;0,1699;;;;
GOLD;17,25;;;GOLD_39;1;1,65712;0,1699;;;;
GOLD;20,7;;;GOLD_39;1;2,052;0,1699;;;;
GOLD;1,15;1;;GOLD_40;1;0,17488;0,1699;;;0,0156;0,127
GOLD;2,3;2;;GOLD_40;1;0,27328;0,1699;;;0,0497;0,1146
GOLD;3,45;3;;GOLD_40;1;0,37216;0,1699;;;0,0827;0,1116
GOLD;4,6;4;;GOLD_40;1;0,49912;0,1699;;;0,1364;0,1054
GOLD;5,75;;;GOLD_40;1;0,6132;0,1699;;;;
GOLD;6,9;;;GOLD_40;1;0,71384;0,1699;;;;
GOLD;10,35;;;GOLD_40;1;0,96472;0,1699;;;;
GOLD;13,8;;;GOLD_40;1;1,29856;0,1699;;;;
GOLD;17,25;;;GOLD_40;1;1,65712;0,1699;;;;
GOLD;20,7;;;GOLD_40;1;2,052;0,1699;;;;
GOLD;1,15;1;;GOLD_41;1;;;;;0,1393;0,0972896
GOLD;2,3;2;;GOLD_41;1;;;;;0,2125;0,095616
GOLD;3,45;3;;GOLD_41;1;;;;;0,3973;0,0946968
GOLD;4,6;4;;GOLD_41;1;;;;;0,8183;0,0930312
GOLD;1,15;1;;GOLD_42;1;0,1904;0,14992;;;;
GOLD;2,3;2;;GOLD_42;1;0,3102;0,14992;;;;
GOLD;3,45;3;;GOLD_42;1;0,4317;0,14992;;;;
GOLD;4,6;4;;GOLD_42;1;0,5788;0,14992;;;;
GOLD;5,75;;;GOLD_42;1;0,7134;0,14992;;;;
GOLD;6,9;;;GOLD_42;1;0,8342;0,14992;;;;
GOLD;10,35;;;GOLD_42;1;1,1523;0,14992;;;;
GOLD;13,8;;;GOLD_42;1;1,5481;0,14992;;;;
GOLD;17,25;;;GOLD_42;1;1,9688;0,14992;;;;
GOLD;20,7;;;GOLD_42;1;2,4262;0,14992;;;;
GOLD;1,15;1;;GOLD_43;1;0,1904;0,14992;;;0,1393;0,0972896
GOLD;2,3;2;;GOLD_43;1;0,3102;0,14992;;;0,2125;0,095616
GOLD;3,45;3;;GOLD_43;1;0,4317;0,14992;;;0,3973;0,0946968
GOLD;4,6;4;;GOLD_43;1;0,5788;0,14992;;;0,8183;0,0930312
GOLD;5,75;;;GOLD_43;1;0,7134;0,14992;;;;
GOLD;6,9;;;GOLD_43;1;0,8342;0,14992;;;;
GOLD;10,35;;;GOLD_43;1;1,1523;0,14992;;;;
GOLD;13,8;;;GOLD_43;1;1,5481;0,14992;;;;
GOLD;17,25;;;GOLD_43;1;1,9688;0,14992;;;;
GOLD;20,7;;;GOLD_43;1;2,4262;0,14992;;;;
GOLD;1,15;1;;GOLD_44;1;;;;;0,0156;0,12497056
GOLD;2,3;2;;GOLD_44;1;;;;;0,0497;0,1122
GOLD;3,45;3;;GOLD_44;1;;;;;0,0827;0,1097404
GOLD;4,6;4;;GOLD_44;1;;;;;0,1364;0,10254552
GOLD;1,15;1;;GOLD_45;1;0,1435;0,167865;;;;
GOLD;2,3;2;;GOLD_45;1;0,246;0,167865;;;;
GOLD;3,45;3;;GOLD_45;1;0,3477;0,167865;;;;
GOLD;4,6;4;;GOLD_45;1;0,4987;0,167865;;;;
GOLD;5,75;;;GOLD_45;1;0,6129;0,167865;;;;
GOLD;6,9;;;GOLD_45;1;0,7177;0,167865;;;;
GOLD;10,35;;;GOLD_45;1;1,0061;0,167865;;;;
GOLD;13,8;;;GOLD_45;1;1,3289;0,167865;;;;
GOLD;17,25;;;GOLD_45;1;1,7608;0,167865;;;;
GOLD;20,7;;;GOLD_45;1;2,2067;0,167865;;;;
GOLD;1,15;1;;GOLD_46;1;0,1435;0,1616805;;;;
GOLD;2,3;2;;GOLD_46;1;0,246;0,1616805;;;;
GOLD;3,45;3;;GOLD_46;1;0,3477;0,1616805;;;;
GOLD;4,6;4;;GOLD_46;1;0,4987;0,1616805;;;;
GOLD;5,75;;;GOLD_46;1;0,6129;0,1616805;;;;
GOLD;6,9;;;GOLD_46;1;0,7177;0,1616805;;;;
GOLD;10,35;;;GOLD_46;1;1,0061;0,1616805;;;;
GOLD;13,8;;;GOLD_46;1;1,3289;0,1616805;;;;
GOLD;17,25;;;GOLD_46;1;1,7608;0,1616805;;;;
GOLD;20,7;;;GOLD_46;1;2,2067;0,1616805;;;;
GOLD;1,15;1;;GOLD_47;1;;;;;0,0156;0,1349114
GOLD;2,3;2;;GOLD_47;1;;;;;0,0497;0,121125
GOLD;3,45;3;;GOLD_47;1;;;;;0,0827;0,11846975
GOLD;4,6;4;;GOLD_47;1;;;;;0,1364;0,11070255
GOLD;1,15;1;;GOLD_48;1;;;;;0,0156;0,1299
GOLD;2,3;2;;GOLD_48;1;;;;;0,0497;0,1166625
GOLD;3,45;3;;GOLD_48;1;;;;;0,0827;0,114105075
GOLD;4,6;4;;GOLD_48;1;;;;;0,1364;0,106624035
GOLD;1,15;1;;GOLD_49;1;;;;;0,0156;0,1299
GOLD;2,3;2;;GOLD_49;1;;;;;0,0497;0,1166625
GOLD;3,45;3;;GOLD_49;1;;;;;0,0827;0,114105075
GOLD;4,6;4;;GOLD_49;1;;;;;0,1364;0,106624035
GOLD;3,45;;;GOLD_03;2;0,3477;0,197067;0,114669;;;
GOLD;4,6;;;GOLD_03;2;0,4987;0,197067;0,114669;;;
GOLD;5,75;;;GOLD_03;2;0,6129;0,197067;0,114669;;;
GOLD;6,9;;;GOLD_03;2;0,7177;0,197067;0,114669;;;
GOLD;10,35;;;GOLD_03;2;1,0061;0,197067;0,114669;;;
GOLD;13,8;;;GOLD_03;2;1,3289;0,197067;0,114669;;;
GOLD;17,25;;;GOLD_03;2;1,7608;0,197067;0,114669;;;
GOLD;20,7;;;GOLD_03;2;2,2067;0,197067;0,114669;;;
GOLD;3,45;;;GOLD_07;2;0,3477;0,197067;0,114669;;;
GOLD;4,6;;;GOLD_07;2;0,4987;0,197067;0,114669;;;
GOLD;5,75;;;GOLD_07;2;0,6129;0,197067;0,114669;;;
GOLD;6,9;;;GOLD_07;2;0,7177;0,197067;0,114669;;;
GOLD;10,35;;;GOLD_07;2;1,0061;0,197067;0,114669;;;
GOLD;13,8;;;GOLD_07;2;1,3289;0,197067;0,114669;;;
GOLD;17,25;;;GOLD_07;2;1,7608;0,197067;0,114669;;;
GOLD;20,7;;;GOLD_07;2;2,2067;0,197067;0,114669;;;
GOLD;3,45;;;GOLD_08;2;0,3477;0,1896505;0,1103535;;;
GOLD;4,6;;;GOLD_08;2;0,4987;0,1896505;0,1103535;;;
GOLD;5,75;;;GOLD_08;2;0,6129;0,1896505;0,1103535;;;
GOLD;6,9;;;GOLD_08;2;0,7177;0,1896505;0,1103535;;;
GOLD;10,35;;;GOLD_08;2;1,0061;0,1896505;0,1103535;;;
GOLD;13,8;;;GOLD_08;2;1,3289;0,1896505;0,1103535;;;
GOLD;17,25;;;GOLD_08;2;1,7608;0,1896505;0,1103535;;;
GOLD;20,7;;;GOLD_08;2;2,2067;0,1896505;0,1103535;;;
GOLD;3,45;;;GOLD_09;2;0,3477;0,1896505;0,1103535;;;
GOLD;4,6;;;GOLD_09;2;0,4987;0,1896505;0,1103535;;;
GOLD;5,75;;;GOLD_09;2;0,6129;0,1896505;0,1103535;;;
GOLD;6,9;;;GOLD_09;2;0,7177;0,1896505;0,1103535;;;
GOLD;10,35;;;GOLD_09;2;1,0061;0,1896505;0,1103535;;;
GOLD;13,8;;;GOLD_09;2;1,3289;0,1896505;0,1103535;;;
GOLD;17,25;;;GOLD_09;2;1,7608;0,1896505;0,1103535;;;
GOLD;20,7;;;GOLD_09;2;2,2067;0,1896505;0,1103535;;;
GOLD;3,45;;;GOLD_10;2;0,3477;0,1896505;0,1103535;;;
GOLD;4,6;;;GOLD_10;2;0,4987;0,1896505;0,1103535;;;
GOLD;5,75;;;GOLD_10;2;0,6129;0,1896505;0,1103535;;;
GOLD;6,9;;;GOLD_10;2;0,7177;0,1896505;0,1103535;;;
GOLD;10,35;;;GOLD_10;2;1,0061;0,1896505;0,1103535;;;
GOLD;13,8;;;GOLD_10;2;1,3289;0,1896505;0,1103535;;;
GOLD;17,25;;;GOLD_10;2;1,7608;0,1896505;0,1103535;;;
GOLD;20,7;;;GOLD_10;2;2,2067;0,1896505;0,1103535;;;
GOLD;3,45;;;GOLD_11;2;0,3477;0,1896505;0,1103535;;;
GOLD;4,6;;;GOLD_11;2;0,4987;0,1896505;0,1103535;;;
GOLD;5,75;;;GOLD_11;2;0,6129;0,1896505;0,1103535;;;
GOLD;6,9;;;GOLD_11;2;0,7177;0,1896505;0,1103535;;;
GOLD;10,35;;;GOLD_11;2;1,0061;0,1896505;0,1103535;;;
GOLD;13,8;;;GOLD_11;2;1,3289;0,1896505;0,1103535;;;
GOLD;17,25;;;GOLD_11;2;1,7608;0,1896505;0,1103535;;;
GOLD;20,7;;;GOLD_11;2;2,2067;0,1896505;0,1103535;;;
GOLD;3,45;;;GOLD_12;2;0,3477;0,182234;0,106038;;;
GOLD;4,6;;;GOLD_12;2;0,4987;0,182234;0,106038;;;
GOLD;5,75;;;GOLD_12;2;0,6129;0,182234;0,106038;;;
GOLD;6,9;;;GOLD_12;2;0,7177;0,182234;0,106038;;;
GOLD;10,35;;;GOLD_12;2;1,0061;0,182234;0,106038;;;
GOLD;13,8;;;GOLD_12;2;1,3289;0,182234;0,106038;;;
GOLD;17,25;;;GOLD_12;2;1,7608;0,182234;0,106038;;;
GOLD;20,7;;;GOLD_12;2;2,2067;0,182234;0,106038;;;
GOLD;3,45;;;GOLD_25;2;0,3477;0,182234;0,106038;;;
GOLD;4,6;;;GOLD_25;2;0,4987;0,182234;0,106038;;;
GOLD;5,75;;;GOLD_25;2;0,6129;0,182234;0,106038;;;
GOLD;6,9;;;GOLD_25;2;0,7177;0,182234;0,106038;;;
GOLD;10,35;;;GOLD_25;2;1,0061;0,182234;0,106038;;;
GOLD;13,8;;;GOLD_25;2;1,3289;0,182234;0,106038;;;
GOLD;17,25;;;GOLD_25;2;1,7608;0,182234;0,106038;;;
GOLD;20,7;;;GOLD_25;2;2,2067;0,182234;0,106038;;;
GOLD;3,45;;;GOLD_26;2;0,3477;0,1938885;0,1128195;;;
GOLD;4,6;;;GOLD_26;2;0,4987;0,1938885;0,1128195;;;
GOLD;5,75;;;GOLD_26;2;0,6129;0,1938885;0,1128195;;;
GOLD;6,9;;;GOLD_26;2;0,7177;0,1938885;0,1128195;;;
GOLD;10,35;;;GOLD_26;2;1,0061;0,1938885;0,1128195;;;
GOLD;13,8;;;GOLD_26;2;1,3289;0,1938885;0,1128195;;;
GOLD;17,25;;;GOLD_26;2;1,7608;0,1938885;0,1128195;;;
GOLD;20,7;;;GOLD_26;2;2,2067;0,1938885;0,1128195;;;
GOLD;3,45;;;GOLD_27;2;0,3477;0,1938885;0,1128195;;;
GOLD;4,6;;;GOLD_27;2;0,4987;0,1938885;0,1128195;;;
GOLD;5,75;;;GOLD_27;2;0,6129;0,1938885;0,1128195;;;
GOLD;6,9;;;GOLD_27;2;0,7177;0,1938885;0,1128195;;;
GOLD;10,35;;;GOLD_27;2;1,0061;0,1938885;0,1128195;;;
GOLD;13,8;;;GOLD_27;2;1,3289;0,1938885;0,1128195;;;
GOLD;17,25;;;GOLD_27;2;1,7608;0,1938885;0,1128195;;;
GOLD;20,7;;;GOLD_27;2;2,2067;0,1938885;0,1128195;;;
GOLD;3,45;;;GOLD_28;2;0,3477;0,186472;0,108504;;;
GOLD;4,6;;;GOLD_28;2;0,4987;0,186472;0,108504;;;
GOLD;5,75;;;GOLD_28;2;0,6129;0,186472;0,108504;;;
GOLD;6,9;;;GOLD_28;2;0,7177;0,186472;0,108504;;;
GOLD;10,35;;;GOLD_28;2;1,0061;0,186472;0,108504;;;
GOLD;13,8;;;GOLD_28;2;1,3289;0,186472;0,108504;;;
GOLD;17,25;;;GOLD_28;2;1,7608;0,186472;0,108504;;;
GOLD;20,7;;;GOLD_28;2;2,2067;0,186472;0,108504;;;
GOLD;3,45;;;GOLD_29;2;0,3477;0,1938885;0,1128195;;;
GOLD;4,6;;;GOLD_29;2;0,4987;0,1938885;0,1128195;;;
GOLD;5,75;;;GOLD_29;2;0,6129;0,1938885;0,1128195;;;
GOLD;6,9;;;GOLD_29;2;0,7177;0,1938885;0,1128195;;;
GOLD;10,35;;;GOLD_29;2;1,0061;0,1938885;0,1128195;;;
GOLD;13,8;;;GOLD_29;2;1,3289;0,1938885;0,1128195;;;
GOLD;17,25;;;GOLD_29;2;1,7608;0,1938885;0,1128195;;;
GOLD;20,7;;;GOLD_29;2;2,2067;0,1938885;0,1128195;;;
GOLD;3,45;;;GOLD_30;2;0,3477;0,186472;0,108504;;;
GOLD;4,6;;;GOLD_30;2;0,4987;0,186472;0,108504;;;
GOLD;5,75;;;GOLD_30;2;0,6129;0,186472;0,108504;;;
GOLD;6,9;;;GOLD_30;2;0,7177;0,186472;0,108504;;;
GOLD;10,35;;;GOLD_30;2;1,0061;0,186472;0,108504;;;
GOLD;13,8;;;GOLD_30;2;1,3289;0,186472;0,108504;;;
GOLD;17,25;;;GOLD_30;2;1,7608;0,186472;0,108504;;;
GOLD;20,7;;;GOLD_30;2;2,2067;0,186472;0,108504;;;
GOLD;3,45;;;GOLD_31;2;0,3477;0,201305;0,117135;;;
GOLD;4,6;;;GOLD_31;2;0,4987;0,201305;0,117135;;;
GOLD;5,75;;;GOLD_31;2;0,6129;0,201305;0,117135;;;
GOLD;6,9;;;GOLD_31;2;0,7177;0,201305;0,117135;;;
GOLD;10,35;;;GOLD_31;2;1,0061;0,201305;0,117135;;;
GOLD;13,8;;;GOLD_31;2;1,3289;0,201305;0,117135;;;
GOLD;17,25;;;GOLD_31;2;1,7608;0,201305;0,117135;;;
GOLD;20,7;;;GOLD_31;2;2,2067;0,201305;0,117135;;;
GOLD;3,45;;;GOLD_33;2;0,2259;0,1841;0,0936;;;
GOLD;4,6;;;GOLD_33;2;0,2658;0,1841;0,0936;;;
GOLD;5,75;;;GOLD_33;2;0,2811;0,1841;0,0936;;;
GOLD;6,9;;;GOLD_33;2;0,3352;0,1841;0,0936;;;
GOLD;10,35;;;GOLD_33;2;0,6009;0,1841;0,0936;;;
GOLD;13,8;;;GOLD_33;2;0,7418;0,1841;0,0936;;;
GOLD;17,25;;;GOLD_33;2;0,8563;0,1841;0,0936;;;
GOLD;20,7;;;GOLD_33;2;1,003;0,1841;0,0936;;;
GOLD;3,45;;;GOLD_34;2;0,2259;0,1841;0,0936;;;
GOLD;4,6;;;GOLD_34;2;0,2658;0,1841;0,0936;;;
GOLD;5,75;;;GOLD_34;2;0,2811;0,1841;0,0936;;;
GOLD;6,9;;;GOLD_34;2;0,3352;0,1841;0,0936;;;
GOLD;10,35;;;GOLD_34;2;0,6009;0,1841;0,0936;;;
GOLD;13,8;;;GOLD_34;2;0,7418;0,1841;0,0936;;;
GOLD;17,25;;;GOLD_34;2;0,8563;0,1841;0,0936;;;
GOLD;20,7;;;GOLD_34;2;1,003;0,1841;0,0936;;;
GOLD;3,45;;;GOLD_36;2;0,4317;0,18648;0,10848;;;
GOLD;4,6;;;GOLD_36;2;0,5788;0,18648;0,10848;;;
GOLD;5,75;;;GOLD_36;2;0,7134;0,18648;0,10848;;;
GOLD;6,9;;;GOLD_36;2;0,8342;0,18648;0,10848;;;
GOLD;10,35;;;GOLD_36;2;1,1523;0,18648;0,10848;;;
GOLD;13,8;;;GOLD_36;2;1,5481;0,18648;0,10848;;;
GOLD;17,25;;;GOLD_36;2;1,9688;0,18648;0,10848;;;
GOLD;20,7;;;GOLD_36;2;2,4262;0,18648;0,10848;;;
GOLD;3,45;;;GOLD_37;2;0,4317;0,18648;0,10848;;;
GOLD;4,6;;;GOLD_37;2;0,5788;0,18648;0,10848;;;
GOLD;5,75;;;GOLD_37;2;0,7134;0,18648;0,10848;;;
GOLD;6,9;;;GOLD_37;2;0,8342;0,18648;0,10848;;;
GOLD;10,35;;;GOLD_37;2;1,1523;0,18648;0,10848;;;
GOLD;13,8;;;GOLD_37;2;1,5481;0,18648;0,10848;;;
GOLD;17,25;;;GOLD_37;2;1,9688;0,18648;0,10848;;;
GOLD;20,7;;;GOLD_37;2;2,4262;0,18648;0,10848;;;
GOLD;3,45;;;GOLD_39;2;0,37216;0,2139;0,1159;;;
GOLD;4,6;;;GOLD_39;2;0,49912;0,2139;0,1159;;;
GOLD;5,75;;;GOLD_39;2;0,6132;0,2139;0,1159;;;
GOLD;6,9;;;GOLD_39;2;0,71384;0,2139;0,1159;;;
GOLD;10,35;;;GOLD_39;2;0,96472;0,2139;0,1159;;;
GOLD;13,8;;;GOLD_39;2;1,29856;0,2139;0,1159;;;
GOLD;17,25;;;GOLD_39;2;1,65712;0,2139;0,1159;;;
GOLD;20,7;;;GOLD_39;2;2,052;0,2139;0,1159;;;
GOLD;3,45;;;GOLD_40;2;0,37216;0,2139;0,1159;;;
GOLD;4,6;;;GOLD_40;2;0,49912;0,2139;0,1159;;;
GOLD;5,75;;;GOLD_40;2;0,6132;0,2139;0,1159;;;
GOLD;6,9;;;GOLD_40;2;0,71384;0,2139;0,1159;;;
GOLD;10,35;;;GOLD_40;2;0,96472;0,2139;0,1159;;;
GOLD;13,8;;;GOLD_40;2;1,29856;0,2139;0,1159;;;
GOLD;17,25;;;GOLD_40;2;1,65712;0,2139;0,1159;;;
GOLD;20,7;;;GOLD_40;2;2,052;0,2139;0,1159;;;
GOLD;3,45;;;GOLD_42;2;0,4317;0,18648;0,10848;;;
GOLD;4,6;;;GOLD_42;2;0,5788;0,18648;0,10848;;;
GOLD;5,75;;;GOLD_42;2;0,7134;0,18648;0,10848;;;
GOLD;6,9;;;GOLD_42;2;0,8342;0,18648;0,10848;;;
GOLD;10,35;;;GOLD_42;2;1,1523;0,18648;0,10848;;;
GOLD;13,8;;;GOLD_42;2;1,5481;0,18648;0,10848;;;
GOLD;17,25;;;GOLD_42;2;1,9688;0,18648;0,10848;;;
GOLD;20,7;;;GOLD_42;2;2,4262;0,18648;0,10848;;;
GOLD;3,45;;;GOLD_43;2;0,4317;0,18648;0,10848;;;
GOLD;4,6;;;GOLD_43;2;0,5788;0,18648;0,10848;;;
GOLD;5,75;;;GOLD_43;2;0,7134;0,18648;0,10848;;;
GOLD;6,9;;;GOLD_43;2;0,8342;0,18648;0,10848;;;
GOLD;10,35;;;GOLD_43;2;1,1523;0,18648;0,10848;;;
GOLD;13,8;;;GOLD_43;2;1,5481;0,18648;0,10848;;;
GOLD;17,25;;;GOLD_43;2;1,9688;0,18648;0,10848;;;
GOLD;20,7;;;GOLD_43;2;2,4262;0,18648;0,10848;;;
GOLD;3,45;;;GOLD_45;2;0,3477;0,201305;0,117135;;;
GOLD;4,6;;;GOLD_45;2;0,4987;0,201305;0,117135;;;
GOLD;5,75;;;GOLD_45;2;0,6129;0,201305;0,117135;;;
GOLD;6,9;;;GOLD_45;2;0,7177;0,201305;0,117135;;;
GOLD;10,35;;;GOLD_45;2;1,0061;0,201305;0,117135;;;
GOLD;13,8;;;GOLD_45;2;1,3289;0,201305;0,117135;;;
GOLD;17,25;;;GOLD_45;2;1,7608;0,201305;0,117135;;;
GOLD;20,7;;;GOLD_45;2;2,2067;0,201305;0,117135;;;
GOLD;3,45;;;GOLD_46;2;0,3477;0,1938885;0,1128195;;;
GOLD;4,6;;;GOLD_46;2;0,4987;0,1938885;0,1128195;;;
GOLD;5,75;;;GOLD_46;2;0,6129;0,1938885;0,1128195;;;
GOLD;6,9;;;GOLD_46;2;0,7177;0,1938885;0,1128195;;;
GOLD;10,35;;;GOLD_46;2;1,0061;0,1938885;0,1128195;;;
GOLD;13,8;;;GOLD_46;2;1,3289;0,1938885;0,1128195;;;
GOLD;17,25;;;GOLD_46;2;1,7608;0,1938885;0,1128195;;;
GOLD;20,7;;;GOLD_46;2;2,2067;0,1938885;0,1128195;;;
GOLD;27,6;;;GOLD_04;3;1,8955;0,3776;0,1732;0,1301;;
GOLD;34,5;;;GOLD_04;3;2,3405;0,3776;0,1732;0,1301;;
GOLD;41,4;;;GOLD_04;3;2,8575;0,3776;0,1732;0,1301;;
IBD;1,15;1;;IBD_02;1;0,0529;0,17822959;;;;
IBD;2,3;2;;IBD_02;1;0,1058;0,17822959;;;;
IBD;3,45;3;;IBD_02;1;0,1587;0,17822959;;;;
IBD;4,6;4;;IBD_02;1;0,2116;0,17822959;;;;
IBD;5,75;;;IBD_02;1;0,2645;0,17822959;;;;
IBD;6,9;;;IBD_02;1;0,3174;0,17822959;;;;
IBD;10,35;;;IBD_02;1;0,4761;0,17822959;;;;
IBD;13,8;;;IBD_02;1;0,6348;0,17822959;;;;
IBD;17,25;;;IBD_02;1;0,7935;0,17822959;;;;
IBD;20,7;;;IBD_02;1;0,9522;0,17822959;;;;
IBD;1,15;1;;IBD_03;1;0,0529;0,16322959;;;;
IBD;2,3;2;;IBD_03;1;0,1058;0,16322959;;;;
IBD;3,45;3;;IBD_03;1;0,1587;0,16322959;;;;
IBD;4,6;4;;IBD_03;1;0,2116;0,16322959;;;;
IBD;5,75;;;IBD_03;1;0,2645;0,16322959;;;;
IBD;6,9;;;IBD_03;1;0,3174;0,16322959;;;;
IBD;10,35;;;IBD_03;1;0,4761;0,16322959;;;;
IBD;13,8;;;IBD_03;1;0,6348;0,16322959;;;;
IBD;17,25;;;IBD_03;1;0,7935;0,16322959;;;;
IBD;20,7;;;IBD_03;1;0,9522;0,16322959;;;;
IBD;1,15;1;;IBD_05;1;0,1895;0,1557;;;;
IBD;2,3;2;;IBD_05;1;0,2766;0,1557;;;;
IBD;3,45;3;;IBD_05;1;0,3624;0,1557;;;;
IBD;4,6;4;;IBD_05;1;0,4504;0,1557;;;;
IBD;5,75;;;IBD_05;1;0,5205;0,1557;;;;
IBD;6,9;;;IBD_05;1;0,5884;0,1557;;;;
IBD;10,35;;;IBD_05;1;0,7788;0,1557;;;;
IBD;13,8;;;IBD_05;1;1,0281;0,1557;;;;
IBD;17,25;;;IBD_05;1;1,2895;0,1557;;;;
IBD;20,7;;;IBD_05;1;1,6611;0,1557;;;;
IBD;1,15;1;;IBD_06;1;0,1849;0,1519;;;;
IBD;2,3;2;;IBD_06;1;0,2698;0,1519;;;;
IBD;3,45;3;;IBD_06;1;0,3535;0,1519;;;;
IBD;4,6;4;;IBD_06;1;0,4394;0,1519;;;;
IBD;5,75;;;IBD_06;1;0,5078;0,1519;;;;
IBD;6,9;;;IBD_06;1;0,5741;0,1519;;;;
IBD;10,35;;;IBD_06;1;0,7598;0,1519;;;;
IBD;13,8;;;IBD_06;1;1,003;0,1519;;;;
IBD;17,25;;;IBD_06;1;1,2581;0,1519;;;;
IBD;20,7;;;IBD_06;1;1,6206;0,1519;;;;
IBD;1,15;1;;IBD_07;1;0,1941;0,1595;;;;
IBD;2,3;2;;IBD_07;1;0,2833;0,1595;;;;
IBD;3,45;3;;IBD_07;1;0,3712;0,1595;;;;
IBD;4,6;4;;IBD_07;1;0,4614;0,1595;;;;
IBD;5,75;;;IBD_07;1;0,5332;0,1595;;;;
IBD;6,9;;;IBD_07;1;0,6028;0,1595;;;;
IBD;10,35;;;IBD_07;1;0,7977;0,1595;;;;
IBD;13,8;;;IBD_07;1;1,0532;0,1595;;;;
IBD;17,25;;;IBD_07;1;1,321;0,1595;;;;
IBD;20,7;;;IBD_07;1;1,7016;0,1595;;;;
IBD;1,15;1;;IBD_08;1;0,0529;0,16322959;;;;
IBD;2,3;2;;IBD_08;1;0,1058;0,16322959;;;;
IBD;3,45;3;;IBD_08;1;0,1587;0,16322959;;;;
IBD;4,6;4;;IBD_08;1;0,2116;0,16322959;;;;
IBD;5,75;;;IBD_08;1;0,2645;0,16322959;;;;
IBD;6,9;;;IBD_08;1;0,3174;0,16322959;;;;
IBD;10,35;;;IBD_08;1;0,4761;0,16322959;;;;
IBD;13,8;;;IBD_08;1;0,6348;0,16322959;;;;
IBD;17,25;;;IBD_08;1;0,7935;0,16322959;;;;
IBD;20,7;;;IBD_08;1;0,9522;0,16322959;;;;
IBD;1,15;1;;IBD_09;1;;;;;0,1353;0,0861
IBD;2,3;2;;IBD_09;1;;;;;0,2337;0,0849
IBD;3,45;3;;IBD_09;1;;;;;0,3514;0,0844
IBD;4,6;4;;IBD_09;1;;;;;0,6576;0,0841
IBD;1,15;1;;IBD_10;1;;;;;0,132;0,084
IBD;2,3;2;;IBD_10;1;;;;;0,228;0,0828
IBD;3,45;3;;IBD_10;1;;;;;0,3428;0,0823
IBD;4,6;4;;IBD_10;1;;;;;0,6415;0,082
IBD;1,15;1;;IBD_11;1;;;;;0,1386;0,0882
IBD;2,3;2;;IBD_11;1;;;;;0,2394;0,0869
IBD;3,45;3;;IBD_11;1;;;;;0,3599;0,0864
IBD;4,6;4;;IBD_11;1;;;;;0,6736;0,0861
IBD;1,15;1;;IBD_12;1;;;;;0,1337;0,0851
IBD;2,3;2;;IBD_12;1;;;;;0,2309;0,0838
IBD;3,45;3;;IBD_12;1;;;;;0,3471;0,0833
IBD;4,6;4;;IBD_12;1;;;;;0,6495;0,083
IBD;1,15;1;;IBD_14;1;;;;;0,1353;0,0861
IBD;2,3;2;;IBD_14;1;;;;;0,2337;0,0849
IBD;3,45;3;;IBD_14;1;;;;;0,3514;0,0844
IBD;4,6;4;;IBD_14;1;;;;;0,6576;0,0841
IBD;1,15;1;;IBD_15;1;;;;;0,137;0,0872
IBD;2,3;2;;IBD_15;1;;;;;0,2366;0,0859
IBD;3,45;3;;IBD_15;1;;;;;0,3557;0,0854
IBD;4,6;4;;IBD_15;1;;;;;0,6656;0,0851
IBD;1,15;1;;IBD_16;1;0,1849;0,1519;;;0,1119;0,084
IBD;2,3;2;;IBD_16;1;0,2698;0,1519;;;0,2084;0,0828
IBD;3,45;3;;IBD_16;1;0,3535;0,1519;;;0,3244;0,0823
IBD;4,6;4;;IBD_16;1;0,4394;0,1519;;;0,6286;0,082
IBD;5,75;;;IBD_16;1;0,5078;0,1519;;;;
IBD;6,9;;;IBD_16;1;0,5741;0,1519;;;;
IBD;10,35;;;IBD_16;1;0,7598;0,1519;;;;
IBD;13,8;;;IBD_16;1;1,003;0,1519;;;;
IBD;17,25;;;IBD_16;1;1,2581;0,1519;;;;
IBD;20,7;;;IBD_16;1;1,6206;0,1519;;;;
IBD;1,15;1;;IBD_17;1;0,1941;0,1595;;;0,1175;0,0882
IBD;2,3;2;;IBD_17;1;0,2833;0,1595;;;0,2188;0,0869
IBD;3,45;3;;IBD_17;1;0,3712;0,1595;;;0,3406;0,0864
IBD;4,6;4;;IBD_17;1;0,4614;0,1595;;;0,6601;0,0861
IBD;5,75;;;IBD_17;1;0,5332;0,1595;;;;
IBD;6,9;;;IBD_17;1;0,6028;0,1595;;;;
IBD;10,35;;;IBD_17;1;0,7977;0,1595;;;;
IBD;13,8;;;IBD_17;1;1,0532;0,1595;;;;
IBD;17,25;;;IBD_17;1;1,321;0,1595;;;;
IBD;20,7;;;IBD_17;1;1,7016;0,1595;;;;
IBD;1,15;1;;IBD_18;1;0,1895;0,1557;;;;
IBD;2,3;2;;IBD_18;1;0,2766;0,1557;;;;
IBD;3,45;3;;IBD_18;1;0,3624;0,1557;;;;
IBD;4,6;4;;IBD_18;1;0,4504;0,1557;;;;
IBD;5,75;;;IBD_18;1;0,5205;0,1557;;;;
IBD;6,9;;;IBD_18;1;0,5884;0,1557;;;;
IBD;10,35;;;IBD_18;1;0,7788;0,1557;;;;
IBD;13,8;;;IBD_18;1;1,0281;0,1557;;;;
IBD;17,25;;;IBD_18;1;1,2895;0,1557;;;;
IBD;20,7;;;IBD_18;1;1,6611;0,1557;;;;
IBD;1,15;1;;IBD_19;1;0,1895;0,1557;;;0,1147;0,0861
IBD;2,3;2;;IBD_19;1;0,2766;0,1557;;;0,2136;0,0849
IBD;3,45;3;;IBD_19;1;0,3624;0,1557;;;0,3325;0,0844
IBD;4,6;4;;IBD_19;1;0,4504;0,1557;;;0,6444;0,0841
IBD;5,75;;;IBD_19;1;0,5205;0,1557;;;;
IBD;6,9;;;IBD_19;1;0,5884;0,1557;;;;
IBD;10,35;;;IBD_19;1;0,7788;0,1557;;;;
IBD;13,8;;;IBD_19;1;1,0281;0,1557;;;;
IBD;17,25;;;IBD_19;1;1,2895;0,1557;;;;
IBD;20,7;;;IBD_19;1;1,6611;0,1557;;;;
IBD;1,15;1;;IBD_20;1;0,1895;0,1557;;;0,1147;0,0861
IBD;2,3;2;;IBD_20;1;0,2766;0,1557;;;0,2136;0,0849
IBD;3,45;3;;IBD_20;1;0,3624;0,1557;;;0,3325;0,0844
IBD;4,6;4;;IBD_20;1;0,4504;0,1557;;;0,6444;0,0841
IBD;5,75;;;IBD_20;1;0,5205;0,1557;;;;
IBD;6,9;;;IBD_20;1;0,5884;0,1557;;;;
IBD;10,35;;;IBD_20;1;0,7788;0,1557;;;;
IBD;13,8;;;IBD_20;1;1,0281;0,1557;;;;
IBD;17,25;;;IBD_20;1;1,2895;0,1557;;;;
IBD;20,7;;;IBD_20;1;1,6611;0,1557;;;;
IBD;1,15;1;;IBD_21;1;0,1918;0,1576;;;0,1161;0,0872
IBD;2,3;2;;IBD_21;1;0,28;0,1576;;;0,2162;0,0859
IBD;3,45;3;;IBD_21;1;0,3668;0,1576;;;0,3366;0,0854
IBD;4,6;4;;IBD_21;1;0,4559;0,1576;;;0,6522;0,0851
IBD;5,75;;;IBD_21;1;0,5269;0,1576;;;;
IBD;6,9;;;IBD_21;1;0,5956;0,1576;;;;
IBD;10,35;;;IBD_21;1;0,7883;0,1576;;;;
IBD;13,8;;;IBD_21;1;1,0407;0,1576;;;;
IBD;17,25;;;IBD_21;1;1,3053;0,1576;;;;
IBD;20,7;;;IBD_21;1;1,6813;0,1576;;;;
IBD;1,15;1;;IBD_22;1;0,1872;0,1538;;;0,1133;0,0851
IBD;2,3;2;;IBD_22;1;0,2732;0,1538;;;0,211;0,0838
IBD;3,45;3;;IBD_22;1;0,3579;0,1538;;;0,3285;0,0833
IBD;4,6;4;;IBD_22;1;0,4449;0,1538;;;0,6365;0,083
IBD;5,75;;;IBD_22;1;0,5142;0,1538;;;;
IBD;6,9;;;IBD_22;1;0,5813;0,1538;;;;
IBD;10,35;;;IBD_22;1;0,7693;0,1538;;;;
IBD;13,8;;;IBD_22;1;1,0156;0,1538;;;;
IBD;17,25;;;IBD_22;1;1,2738;0,1538;;;;
IBD;20,7;;;IBD_22;1;1,6408;0,1538;;;;
IBD;1,15;1;;IBD_23;1;0,1918;0,1576;;;;
IBD;2,3;2;;IBD_23;1;0,28;0,1576;;;;
IBD;3,45;3;;IBD_23;1;0,3668;0,1576;;;;
IBD;4,6;4;;IBD_23;1;0,4559;0,1576;;;;
IBD;5,75;;;IBD_23;1;0,5269;0,1576;;;;
IBD;6,9;;;IBD_23;1;0,5956;0,1576;;;;
IBD;10,35;;;IBD_23;1;0,7883;0,1576;;;;
IBD;13,8;;;IBD_23;1;1,0407;0,1576;;;;
IBD;17,25;;;IBD_23;1;1,3053;0,1576;;;;
IBD;20,7;;;IBD_23;1;1,6813;0,1576;;;;
IBD;1,15;1;;IBD_24;1;0,1895;0,1557;;;;
IBD;2,3;2;;IBD_24;1;0,2766;0,1557;;;;
IBD;3,45;3;;IBD_24;1;0,3624;0,1557;;;;
IBD;4,6;4;;IBD_24;1;0,4504;0,1557;;;;
IBD;5,75;;;IBD_24;1;0,5205;0,1557;;;;
IBD;6,9;;;IBD_24;1;0,5884;0,1557;;;;
IBD;10,35;;;IBD_24;1;0,7788;0,1557;;;;
IBD;13,8;;;IBD_24;1;1,0281;0,1557;;;;
IBD;17,25;;;IBD_24;1;1,2895;0,1557;;;;
IBD;20,7;;;IBD_24;1;1,6611;0,1557;;;;
IBD;1,15;1;;IBD_25;1;0,1918;0,1576;;;;
IBD;2,3;2;;IBD_25;1;0,28;0,1576;;;;
IBD;3,45;3;;IBD_25;1;0,3668;0,1576;;;;
IBD;4,6;4;;IBD_25;1;0,4559;0,1576;;;;
IBD;5,75;;;IBD_25;1;0,5269;0,1576;;;;
IBD;6,9;;;IBD_25;1;0,5956;0,1576;;;;
IBD;10,35;;;IBD_25;1;0,7883;0,1576;;;;
IBD;13,8;;;IBD_25;1;1,0407;0,1576;;;;
IBD;17,25;;;IBD_25;1;1,3053;0,1576;;;;
IBD;20,7;;;IBD_25;1;1,6813;0,1576;;;;
IBD;1,15;1;;IBD_26;1;0,1872;0,1538;;;;
IBD;2,3;2;;IBD_26;1;0,2732;0,1538;;;;
IBD;3,45;3;;IBD_26;1;0,3579;0,1538;;;;
IBD;4,6;4;;IBD_26;1;0,4449;0,1538;;;;
IBD;5,75;;;IBD_26;1;0,5142;0,1538;;;;
IBD;6,9;;;IBD_26;1;0,5813;0,1538;;;;
IBD;10,35;;;IBD_26;1;0,7693;0,1538;;;;
IBD;13,8;;;IBD_26;1;1,0156;0,1538;;;;
IBD;17,25;;;IBD_26;1;1,2738;0,1538;;;;
IBD;20,7;;;IBD_26;1;1,6408;0,1538;;;;
IBD;1,15;1;;IBD_27;1;0,1941;0,1595;;;;
IBD;2,3;2;;IBD_27;1;0,2833;0,1595;;;;
IBD;3,45;3;;IBD_27;1;0,3712;0,1595;;;;
IBD;4,6;4;;IBD_27;1;0,4614;0,1595;;;;
IBD;5,75;;;IBD_27;1;0,5332;0,1595;;;;
IBD;6,9;;;IBD_27;1;0,6028;0,1595;;;;
IBD;10,35;;;IBD_27;1;0,7977;0,1595;;;;
IBD;13,8;;;IBD_27;1;1,0532;0,1595;;;;
IBD;17,25;;;IBD_27;1;1,321;0,1595;;;;
IBD;20,7;;;IBD_27;1;1,7016;0,1595;;;;
IBD;1,15;1;;IBD_28;1;0,1872;0,1538;;;;
IBD;2,3;2;;IBD_28;1;0,2732;0,1538;;;;
IBD;3,45;3;;IBD_28;1;0,3579;0,1538;;;;
IBD;4,6;4;;IBD_28;1;0,4449;0,1538;;;;
IBD;5,75;;;IBD_28;1;0,5142;0,1538;;;;
IBD;6,9;;;IBD_28;1;0,5813;0,1538;;;;
IBD;10,35;;;IBD_28;1;0,7693;0,1538;;;;
IBD;13,8;;;IBD_28;1;1,0156;0,1538;;;;
IBD;17,25;;;IBD_28;1;1,2738;0,1538;;;;
IBD;20,7;;;IBD_28;1;1,6408;0,1538;;;;
IBD;1,15;1;;IBD_29;1;0,1895;0,1557;;;;
IBD;2,3;2;;IBD_29;1;0,2766;0,1557;;;;
IBD;3,45;3;;IBD_29;1;0,3624;0,1557;;;;
IBD;4,6;4;;IBD_29;1;0,4504;0,1557;;;;
IBD;5,75;;;IBD_29;1;0,5205;0,1557;;;;
IBD;6,9;;;IBD_29;1;0,5884;0,1557;;;;
IBD;10,35;;;IBD_29;1;0,7788;0,1557;;;;
IBD;13,8;;;IBD_29;1;1,0281;0,1557;;;;
IBD;17,25;;;IBD_29;1;1,2895;0,1557;;;;
IBD;20,7;;;IBD_29;1;1,6611;0,1557;;;;
IBD;1,15;1;;IBD_30;1;0,1849;0,1519;;;;
IBD;2,3;2;;IBD_30;1;0,2698;0,1519;;;;
IBD;3,45;3;;IBD_30;1;0,3535;0,1519;;;;
IBD;4,6;4;;IBD_30;1;0,4394;0,1519;;;;
IBD;5,75;;;IBD_30;1;0,5078;0,1519;;;;
IBD;6,9;;;IBD_30;1;0,5741;0,1519;;;;
IBD;10,35;;;IBD_30;1;0,7598;0,1519;;;;
IBD;13,8;;;IBD_30;1;1,003;0,1519;;;;
IBD;17,25;;;IBD_30;1;1,2581;0,1519;;;;
IBD;20,7;;;IBD_30;1;1,6206;0,1519;;;;
IBD;1,15;1;;IBD_31;1;;;;;0,1147;0,0861
IBD;2,3;2;;IBD_31;1;;;;;0,2136;0,0849
IBD;3,45;3;;IBD_31;1;;;;;0,3325;0,0844
IBD;4,6;4;;IBD_31;1;;;;;0,6444;0,0841
IBD;1,15;1;;IBD_33;1;0,1826;0,15;;;;
IBD;2,3;2;;IBD_33;1;0,2665;0,15;;;;
IBD;3,45;3;;IBD_33;1;0,3491;0,15;;;;
IBD;4,6;4;;IBD_33;1;0,4339;0,15;;;;
IBD;5,75;;;IBD_33;1;0,5015;0,15;;;;
IBD;6,9;;;IBD_33;1;0,5669;0,15;;;;
IBD;10,35;;;IBD_33;1;0,7503;0,15;;;;
IBD;13,8;;;IBD_33;1;0,9905;0,15;;;;
IBD;17,25;;;IBD_33;1;1,2424;0,15;;;;
IBD;20,7;;;IBD_33;1;1,6003;0,15;;;;
IBD;1,15;1;;IBD_34;1;0,1803;0,1481;;;;
IBD;2,3;2;;IBD_34;1;0,2631;0,1481;;;;
IBD;3,45;3;;IBD_34;1;0,3447;0,1481;;;;
IBD;4,6;4;;IBD_34;1;0,4285;0,1481;;;;
IBD;5,75;;;IBD_34;1;0,4951;0,1481;;;;
IBD;6,9;;;IBD_34;1;0,5597;0,1481;;;;
IBD;10,35;;;IBD_34;1;0,7408;0,1481;;;;
IBD;13,8;;;IBD_34;1;0,978;0,1481;;;;
IBD;17,25;;;IBD_34;1;1,2266;0,1481;;;;
IBD;20,7;;;IBD_34;1;1,58;0,1481;;;;
IBD;1,15;1;;IBD_39;1;0,1849;0,1519;;;;
IBD;2,3;2;;IBD_39;1;0,2698;0,1519;;;;
IBD;3,45;3;;IBD_39;1;0,3535;0,1519;;;;
IBD;4,6;4;;IBD_39;1;0,4394;0,1519;;;;
IBD;5,75;;;IBD_39;1;0,5078;0,1519;;;;
IBD;6,9;;;IBD_39;1;0,5741;0,1519;;;;
IBD;10,35;;;IBD_39;1;0,7598;0,1519;;;;
IBD;13,8;;;IBD_39;1;1,003;0,1519;;;;
IBD;17,25;;;IBD_39;1;1,2581;0,1519;;;;
IBD;20,7;;;IBD_39;1;1,6206;0,1519;;;;
IBD;1,15;1;;IBD_40;1;0,140745833333333;0,1633;;;;
IBD;2,3;2;;IBD_40;1;0,2054875;0,1633;;;;
IBD;3,45;3;;IBD_40;1;0,269166666666667;0,1633;;;;
IBD;4,6;4;;IBD_40;1;0,334616666666667;0,1633;;;;
IBD;5,75;;;IBD_40;1;0,386679166666667;0,1633;;;;
IBD;6,9;;;IBD_40;1;0,4371125;0,1633;;;;
IBD;10,35;;;IBD_40;1;0,578495833333333;0,1633;;;;
IBD;13,8;;;IBD_40;1;0,763795833333333;0,1633;;;;
IBD;17,25;;;IBD_40;1;0,95795;0,1633;;;;
IBD;20,7;;;IBD_40;1;1,2339875;0,1633;;;;
IBD;1,15;1;;IBD_41;1;0,139116666666667;0,1614;;;;
IBD;2,3;2;;IBD_41;1;0,203079166666667;0,1614;;;;
IBD;3,45;3;;IBD_41;1;0,26605;0,1614;;;;
IBD;4,6;4;;IBD_41;1;0,330720833333333;0,1614;;;;
IBD;5,75;;;IBD_41;1;0,382216666666667;0,1614;;;;
IBD;6,9;;;IBD_41;1;0,432083333333333;0,1614;;;;
IBD;10,35;;;IBD_41;1;0,571766666666667;0,1614;;;;
IBD;13,8;;;IBD_41;1;0,754870833333333;0,1614;;;;
IBD;17,25;;;IBD_41;1;0,946829166666667;0,1614;;;;
IBD;20,7;;;IBD_41;1;1,21960833333333;0,1614;;;;
IBD;1,15;1;;IBD_42;1;0,142445833333333;0,1652;;;;
IBD;2,3;2;;IBD_42;1;0,207895833333333;0,1652;;;;
IBD;3,45;3;;IBD_42;1;0,272354166666667;0,1652;;;;
IBD;4,6;4;;IBD_42;1;0,3385125;0,1652;;;;
IBD;5,75;;;IBD_42;1;0,3912125;0,1652;;;;
IBD;6,9;;;IBD_42;1;0,4422125;0,1652;;;;
IBD;10,35;;;IBD_42;1;0,585225;0,1652;;;;
IBD;13,8;;;IBD_42;1;0,77265;0,1652;;;;
IBD;17,25;;;IBD_42;1;0,969141666666667;0,1652;;;;
IBD;20,7;;;IBD_42;1;1,24836666666667;0,1652;;;;
IBD;1,15;1;;IBD_43;1;0,177;0,141;;;;
IBD;2,3;2;;IBD_43;1;0,258;0,141;;;;
IBD;3,45;3;;IBD_43;1;0,321;0,141;;;;
IBD;4,6;4;;IBD_43;1;0,447;0,141;;;;
IBD;5,75;;;IBD_43;1;0,533;0,141;;;;
IBD;6,9;;;IBD_43;1;0,614;0,141;;;;
IBD;10,35;;;IBD_43;1;0,851;0,141;;;;
IBD;13,8;;;IBD_43;1;1,216;0,141;;;;
IBD;17,25;;;IBD_43;1;1,542;0,141;;;;
IBD;20,7;;;IBD_43;1;1,914;0,141;;;;
IBD;1,15;1;;IBD_44;1;0,1726;0,1375;;;;
IBD;2,3;2;;IBD_44;1;0,2516;0,1375;;;;
IBD;3,45;3;;IBD_44;1;0,313;0,1375;;;;
IBD;4,6;4;;IBD_44;1;0,4359;0,1375;;;;
IBD;5,75;;;IBD_44;1;0,5197;0,1375;;;;
IBD;6,9;;;IBD_44;1;0,5987;0,1375;;;;
IBD;10,35;;;IBD_44;1;0,8298;0,1375;;;;
IBD;13,8;;;IBD_44;1;1,1856;0,1375;;;;
IBD;17,25;;;IBD_44;1;1,5035;0,1375;;;;
IBD;20,7;;;IBD_44;1;1,8662;0,1375;;;;
IBD;1,15;1;;IBD_45;1;0,177;0,141;;;;
IBD;2,3;2;;IBD_45;1;0,258;0,141;;;;
IBD;3,45;3;;IBD_45;1;0,321;0,141;;;;
IBD;4,6;4;;IBD_45;1;0,447;0,141;;;;
IBD;5,75;;;IBD_45;1;0,533;0,141;;;;
IBD;6,9;;;IBD_45;1;0,614;0,141;;;;
IBD;10,35;;;IBD_45;1;0,851;0,141;;;;
IBD;13,8;;;IBD_45;1;1,216;0,141;;;;
IBD;17,25;;;IBD_45;1;1,542;0,141;;;;
IBD;20,7;;;IBD_45;1;1,914;0,141;;;;
IBD;1,15;1;;IBD_46;1;0,1726;0,1375;;;;
IBD;2,3;2;;IBD_46;1;0,2516;0,1375;;;;
IBD;3,45;3;;IBD_46;1;0,313;0,1375;;;;
IBD;4,6;4;;IBD_46;1;0,4359;0,1375;;;;
IBD;5,75;;;IBD_46;1;0,5197;0,1375;;;;
IBD;6,9;;;IBD_46;1;0,5987;0,1375;;;;
IBD;10,35;;;IBD_46;1;0,8298;0,1375;;;;
IBD;13,8;;;IBD_46;1;1,1856;0,1375;;;;
IBD;17,25;;;IBD_46;1;1,5035;0,1375;;;;
IBD;20,7;;;IBD_46;1;1,8662;0,1375;;;;
IBD;1,15;1;;IBD_47;1;;;;;0,1175;0,0882
IBD;2,3;2;;IBD_47;1;;;;;0,2188;0,0869
IBD;3,45;3;;IBD_47;1;;;;;0,3406;0,0864
IBD;4,6;4;;IBD_47;1;;;;;0,6601;0,0861
IBD;1,15;1;;IBD_50;1;;;;;0,1119;0,084
IBD;2,3;2;;IBD_50;1;;;;;0,2084;0,0828
IBD;3,45;3;;IBD_50;1;;;;;0,3244;0,0823
IBD;4,6;4;;IBD_50;1;;;;;0,6286;0,082
IBD;1,15;1;;IBD_51;1;;;;;0,1161;0,0872
IBD;2,3;2;;IBD_51;1;;;;;0,2162;0,0859
IBD;3,45;3;;IBD_51;1;;;;;0,3366;0,0854
IBD;4,6;4;;IBD_51;1;;;;;0,6522;0,0851
IBD;1,15;1;;IBD_52;1;;;;;0,1133;0,0851
IBD;2,3;2;;IBD_52;1;;;;;0,211;0,0838
IBD;3,45;3;;IBD_52;1;;;;;0,3285;0,0833
IBD;4,6;4;;IBD_52;1;;;;;0,6365;0,083
IBD;1,15;1;;IBD_53;1;;;;;0,1147;0,0861
IBD;2,3;2;;IBD_53;1;;;;;0,2136;0,0849
IBD;3,45;3;;IBD_53;1;;;;;0,3325;0,0844
IBD;4,6;4;;IBD_53;1;;;;;0,6444;0,0841
IBD;3,45;;;IBD_05;2;0,3624;0,1921;0,1018;;;
IBD;4,6;;;IBD_05;2;0,4504;0,1921;0,1018;;;
IBD;5,75;;;IBD_05;2;0,5205;0,1921;0,1018;;;
IBD;6,9;;;IBD_05;2;0,5884;0,1921;0,1018;;;
IBD;10,35;;;IBD_05;2;0,7788;0,1921;0,1018;;;
IBD;13,8;;;IBD_05;2;1,0281;0,1921;0,1018;;;
IBD;17,25;;;IBD_05;2;1,2895;0,1921;0,1018;;;
IBD;20,7;;;IBD_05;2;1,6611;0,1921;0,1018;;;
IBD;3,45;;;IBD_06;2;0,3535;0,1874;0,0994;;;
IBD;4,6;;;IBD_06;2;0,4394;0,1874;0,0994;;;
IBD;5,75;;;IBD_06;2;0,5078;0,1874;0,0994;;;
IBD;6,9;;;IBD_06;2;0,5741;0,1874;0,0994;;;
IBD;10,35;;;IBD_06;2;0,7598;0,1874;0,0994;;;
IBD;13,8;;;IBD_06;2;1,003;0,1874;0,0994;;;
IBD;17,25;;;IBD_06;2;1,2581;0,1874;0,0994;;;
IBD;20,7;;;IBD_06;2;1,6206;0,1874;0,0994;;;
IBD;3,45;;;IBD_07;2;0,3712;0,1968;0,1043;;;
IBD;4,6;;;IBD_07;2;0,4614;0,1968;0,1043;;;
IBD;5,75;;;IBD_07;2;0,5332;0,1968;0,1043;;;
IBD;6,9;;;IBD_07;2;0,6028;0,1968;0,1043;;;
IBD;10,35;;;IBD_07;2;0,7977;0,1968;0,1043;;;
IBD;13,8;;;IBD_07;2;1,0532;0,1968;0,1043;;;
IBD;17,25;;;IBD_07;2;1,321;0,1968;0,1043;;;
IBD;20,7;;;IBD_07;2;1,7016;0,1968;0,1043;;;
IBD;3,45;;;IBD_16;2;0,3535;0,1874;0,0994;;;
IBD;4,6;;;IBD_16;2;0,4394;0,1874;0,0994;;;
IBD;5,75;;;IBD_16;2;0,5078;0,1874;0,0994;;;
IBD;6,9;;;IBD_16;2;0,5741;0,1874;0,0994;;;
IBD;10,35;;;IBD_16;2;0,7598;0,1874;0,0994;;;
IBD;13,8;;;IBD_16;2;1,003;0,1874;0,0994;;;
IBD;17,25;;;IBD_16;2;1,2581;0,1874;0,0994;;;
IBD;20,7;;;IBD_16;2;1,6206;0,1874;0,0994;;;
IBD;3,45;;;IBD_17;2;0,3712;0,1968;0,1043;;;
IBD;4,6;;;IBD_17;2;0,4614;0,1968;0,1043;;;
IBD;5,75;;;IBD_17;2;0,5332;0,1968;0,1043;;;
IBD;6,9;;;IBD_17;2;0,6028;0,1968;0,1043;;;
IBD;10,35;;;IBD_17;2;0,7977;0,1968;0,1043;;;
IBD;13,8;;;IBD_17;2;1,0532;0,1968;0,1043;;;
IBD;17,25;;;IBD_17;2;1,321;0,1968;0,1043;;;
IBD;20,7;;;IBD_17;2;1,7016;0,1968;0,1043;;;
IBD;3,45;;;IBD_18;2;0,3624;0,1921;0,1018;;;
IBD;4,6;;;IBD_18;2;0,4504;0,1921;0,1018;;;
IBD;5,75;;;IBD_18;2;0,5205;0,1921;0,1018;;;
IBD;6,9;;;IBD_18;2;0,5884;0,1921;0,1018;;;
IBD;10,35;;;IBD_18;2;0,7788;0,1921;0,1018;;;
IBD;13,8;;;IBD_18;2;1,0281;0,1921;0,1018;;;
IBD;17,25;;;IBD_18;2;1,2895;0,1921;0,1018;;;
IBD;20,7;;;IBD_18;2;1,6611;0,1921;0,1018;;;
IBD;3,45;;;IBD_19;2;0,3624;0,1921;0,1018;;;
IBD;4,6;;;IBD_19;2;0,4504;0,1921;0,1018;;;
IBD;5,75;;;IBD_19;2;0,5205;0,1921;0,1018;;;
IBD;6,9;;;IBD_19;2;0,5884;0,1921;0,1018;;;
IBD;10,35;;;IBD_19;2;0,7788;0,1921;0,1018;;;
IBD;13,8;;;IBD_19;2;1,0281;0,1921;0,1018;;;
IBD;17,25;;;IBD_19;2;1,2895;0,1921;0,1018;;;
IBD;20,7;;;IBD_19;2;1,6611;0,1921;0,1018;;;
IBD;3,45;;;IBD_20;2;0,3624;0,1921;0,1018;;;
IBD;4,6;;;IBD_20;2;0,4504;0,1921;0,1018;;;
IBD;5,75;;;IBD_20;2;0,5205;0,1921;0,1018;;;
IBD;6,9;;;IBD_20;2;0,5884;0,1921;0,1018;;;
IBD;10,35;;;IBD_20;2;0,7788;0,1921;0,1018;;;
IBD;13,8;;;IBD_20;2;1,0281;0,1921;0,1018;;;
IBD;17,25;;;IBD_20;2;1,2895;0,1921;0,1018;;;
IBD;20,7;;;IBD_20;2;1,6611;0,1921;0,1018;;;
IBD;3,45;;;IBD_21;2;0,3668;0,1945;0,1031;;;
IBD;4,6;;;IBD_21;2;0,4559;0,1945;0,1031;;;
IBD;5,75;;;IBD_21;2;0,5269;0,1945;0,1031;;;
IBD;6,9;;;IBD_21;2;0,5956;0,1945;0,1031;;;
IBD;10,35;;;IBD_21;2;0,7883;0,1945;0,1031;;;
IBD;13,8;;;IBD_21;2;1,0407;0,1945;0,1031;;;
IBD;17,25;;;IBD_21;2;1,3053;0,1945;0,1031;;;
IBD;20,7;;;IBD_21;2;1,6813;0,1945;0,1031;;;
IBD;3,45;;;IBD_22;2;0,3579;0,1898;0,1006;;;
IBD;4,6;;;IBD_22;2;0,4449;0,1898;0,1006;;;
IBD;5,75;;;IBD_22;2;0,5142;0,1898;0,1006;;;
IBD;6,9;;;IBD_22;2;0,5813;0,1898;0,1006;;;
IBD;10,35;;;IBD_22;2;0,7693;0,1898;0,1006;;;
IBD;13,8;;;IBD_22;2;1,0156;0,1898;0,1006;;;
IBD;17,25;;;IBD_22;2;1,2738;0,1898;0,1006;;;
IBD;20,7;;;IBD_22;2;1,6408;0,1898;0,1006;;;
IBD;3,45;;;IBD_23;2;0,3668;0,1945;0,1031;;;
IBD;4,6;;;IBD_23;2;0,4559;0,1945;0,1031;;;
IBD;5,75;;;IBD_23;2;0,5269;0,1945;0,1031;;;
IBD;6,9;;;IBD_23;2;0,5956;0,1945;0,1031;;;
IBD;10,35;;;IBD_23;2;0,7883;0,1945;0,1031;;;
IBD;13,8;;;IBD_23;2;1,0407;0,1945;0,1031;;;
IBD;17,25;;;IBD_23;2;1,3053;0,1945;0,1031;;;
IBD;20,7;;;IBD_23;2;1,6813;0,1945;0,1031;;;
IBD;3,45;;;IBD_24;2;0,3624;0,1921;0,1018;;;
IBD;4,6;;;IBD_24;2;0,4504;0,1921;0,1018;;;
IBD;5,75;;;IBD_24;2;0,5205;0,1921;0,1018;;;
IBD;6,9;;;IBD_24;2;0,5884;0,1921;0,1018;;;
IBD;10,35;;;IBD_24;2;0,7788;0,1921;0,1018;;;
IBD;13,8;;;IBD_24;2;1,0281;0,1921;0,1018;;;
IBD;17,25;;;IBD_24;2;1,2895;0,1921;0,1018;;;
IBD;20,7;;;IBD_24;2;1,6611;0,1921;0,1018;;;
IBD;3,45;;;IBD_25;2;0,3668;0,1945;0,1031;;;
IBD;4,6;;;IBD_25;2;0,4559;0,1945;0,1031;;;
IBD;5,75;;;IBD_25;2;0,5269;0,1945;0,1031;;;
IBD;6,9;;;IBD_25;2;0,5956;0,1945;0,1031;;;
IBD;10,35;;;IBD_25;2;0,7883;0,1945;0,1031;;;
IBD;13,8;;;IBD_25;2;1,0407;0,1945;0,1031;;;
IBD;17,25;;;IBD_25;2;1,3053;0,1945;0,1031;;;
IBD;20,7;;;IBD_25;2;1,6813;0,1945;0,1031;;;
IBD;3,45;;;IBD_26;2;0,3579;0,1898;0,1006;;;
IBD;4,6;;;IBD_26;2;0,4449;0,1898;0,1006;;;
IBD;5,75;;;IBD_26;2;0,5142;0,1898;0,1006;;;
IBD;6,9;;;IBD_26;2;0,5813;0,1898;0,1006;;;
IBD;10,35;;;IBD_26;2;0,7693;0,1898;0,1006;;;
IBD;13,8;;;IBD_26;2;1,0156;0,1898;0,1006;;;
IBD;17,25;;;IBD_26;2;1,2738;0,1898;0,1006;;;
IBD;20,7;;;IBD_26;2;1,6408;0,1898;0,1006;;;
IBD;3,45;;;IBD_27;2;0,3712;0,1968;0,1043;;;
IBD;4,6;;;IBD_27;2;0,4614;0,1968;0,1043;;;
IBD;5,75;;;IBD_27;2;0,5332;0,1968;0,1043;;;
IBD;6,9;;;IBD_27;2;0,6028;0,1968;0,1043;;;
IBD;10,35;;;IBD_27;2;0,7977;0,1968;0,1043;;;
IBD;13,8;;;IBD_27;2;1,0532;0,1968;0,1043;;;
IBD;17,25;;;IBD_27;2;1,321;0,1968;0,1043;;;
IBD;20,7;;;IBD_27;2;1,7016;0,1968;0,1043;;;
IBD;3,45;;;IBD_28;2;0,3579;0,1898;0,1006;;;
IBD;4,6;;;IBD_28;2;0,4449;0,1898;0,1006;;;
IBD;5,75;;;IBD_28;2;0,5142;0,1898;0,1006;;;
IBD;6,9;;;IBD_28;2;0,5813;0,1898;0,1006;;;
IBD;10,35;;;IBD_28;2;0,7693;0,1898;0,1006;;;
IBD;13,8;;;IBD_28;2;1,0156;0,1898;0,1006;;;
IBD;17,25;;;IBD_28;2;1,2738;0,1898;0,1006;;;
IBD;20,7;;;IBD_28;2;1,6408;0,1898;0,1006;;;
IBD;3,45;;;IBD_29;2;0,3624;0,1921;0,1018;;;
IBD;4,6;;;IBD_29;2;0,4504;0,1921;0,1018;;;
IBD;5,75;;;IBD_29;2;0,5205;0,1921;0,1018;;;
IBD;6,9;;;IBD_29;2;0,5884;0,1921;0,1018;;;
IBD;10,35;;;IBD_29;2;0,7788;0,1921;0,1018;;;
IBD;13,8;;;IBD_29;2;1,0281;0,1921;0,1018;;;
IBD;17,25;;;IBD_29;2;1,2895;0,1921;0,1018;;;
IBD;20,7;;;IBD_29;2;1,6611;0,1921;0,1018;;;
IBD;3,45;;;IBD_30;2;0,3535;0,1874;0,0994;;;
IBD;4,6;;;IBD_30;2;0,4394;0,1874;0,0994;;;
IBD;5,75;;;IBD_30;2;0,5078;0,1874;0,0994;;;
IBD;6,9;;;IBD_30;2;0,5741;0,1874;0,0994;;;
IBD;10,35;;;IBD_30;2;0,7598;0,1874;0,0994;;;
IBD;13,8;;;IBD_30;2;1,003;0,1874;0,0994;;;
IBD;17,25;;;IBD_30;2;1,2581;0,1874;0,0994;;;
IBD;20,7;;;IBD_30;2;1,6206;0,1874;0,0994;;;
IBD;3,45;;;IBD_33;2;0,3491;0,1851;0,0981;;;
IBD;4,6;;;IBD_33;2;0,4339;0,1851;0,0981;;;
IBD;5,75;;;IBD_33;2;0,5015;0,1851;0,0981;;;
IBD;6,9;;;IBD_33;2;0,5669;0,1851;0,0981;;;
IBD;10,35;;;IBD_33;2;0,7503;0,1851;0,0981;;;
IBD;13,8;;;IBD_33;2;0,9905;0,1851;0,0981;;;
IBD;17,25;;;IBD_33;2;1,2424;0,1851;0,0981;;;
IBD;20,7;;;IBD_33;2;1,6003;0,1851;0,0981;;;
IBD;3,45;;;IBD_34;2;0,3447;0,1828;0,0969;;;
IBD;4,6;;;IBD_34;2;0,4285;0,1828;0,0969;;;
IBD;5,75;;;IBD_34;2;0,4951;0,1828;0,0969;;;
IBD;6,9;;;IBD_34;2;0,5597;0,1828;0,0969;;;
IBD;10,35;;;IBD_34;2;0,7408;0,1828;0,0969;;;
IBD;13,8;;;IBD_34;2;0,978;0,1828;0,0969;;;
IBD;17,25;;;IBD_34;2;1,2266;0,1828;0,0969;;;
IBD;20,7;;;IBD_34;2;1,58;0,1828;0,0969;;;
IBD;3,45;;;IBD_36;2;0,4242;0,1969;0,0746;;;
IBD;4,6;;;IBD_36;2;0,5273;0,1969;0,0746;;;
IBD;5,75;;;IBD_36;2;0,6094;0,1969;0,0746;;;
IBD;6,9;;;IBD_36;2;0,6889;0,1969;0,0746;;;
IBD;10,35;;;IBD_36;2;0,9117;0,1969;0,0746;;;
IBD;13,8;;;IBD_36;2;1,2036;0,1969;0,0746;;;
IBD;17,25;;;IBD_36;2;1,5097;0,1969;0,0746;;;
IBD;20,7;;;IBD_36;2;1,9447;0,1969;0,0746;;;
IBD;3,45;;;IBD_37;2;0,4419;0,2061;0,0791;;;
IBD;4,6;;;IBD_37;2;0,5493;0,2061;0,0791;;;
IBD;5,75;;;IBD_37;2;0,6348;0,2061;0,0791;;;
IBD;6,9;;;IBD_37;2;0,7176;0,2061;0,0791;;;
IBD;10,35;;;IBD_37;2;0,9497;0,2061;0,0791;;;
IBD;13,8;;;IBD_37;2;1,2538;0,2061;0,0791;;;
IBD;17,25;;;IBD_37;2;1,5726;0,2061;0,0791;;;
IBD;20,7;;;IBD_37;2;2,0257;0,2061;0,0791;;;
IBD;3,45;;;IBD_39;2;0,3535;0,1874;0,0994;;;
IBD;4,6;;;IBD_39;2;0,4394;0,1874;0,0994;;;
IBD;5,75;;;IBD_39;2;0,5078;0,1874;0,0994;;;
IBD;6,9;;;IBD_39;2;0,5741;0,1874;0,0994;;;
IBD;10,35;;;IBD_39;2;0,7598;0,1874;0,0994;;;
IBD;13,8;;;IBD_39;2;1,003;0,1874;0,0994;;;
IBD;17,25;;;IBD_39;2;1,2581;0,1874;0,0994;;;
IBD;20,7;;;IBD_39;2;1,6206;0,1874;0,0994;;;
IBD;3,45;;;IBD_40;2;0,269166666666667;0,2015;0,1068;;;
IBD;4,6;;;IBD_40;2;0,334616666666667;0,2015;0,1068;;;
IBD;5,75;;;IBD_40;2;0,386679166666667;0,2015;0,1068;;;
IBD;6,9;;;IBD_40;2;0,4371125;0,2015;0,1068;;;
IBD;10,35;;;IBD_40;2;0,578495833333333;0,2015;0,1068;;;
IBD;13,8;;;IBD_40;2;0,763795833333333;0,2015;0,1068;;;
IBD;17,25;;;IBD_40;2;0,95795;0,2015;0,1068;;;
IBD;20,7;;;IBD_40;2;1,2339875;0,2015;0,1068;;;
IBD;3,45;;;IBD_41;2;0,26605;0,1992;0,1056;;;
IBD;4,6;;;IBD_41;2;0,330720833333333;0,1992;0,1056;;;
IBD;5,75;;;IBD_41;2;0,382216666666667;0,1992;0,1056;;;
IBD;6,9;;;IBD_41;2;0,432083333333333;0,1992;0,1056;;;
IBD;10,35;;;IBD_41;2;0,571766666666667;0,1992;0,1056;;;
IBD;13,8;;;IBD_41;2;0,754870833333333;0,1992;0,1056;;;
IBD;17,25;;;IBD_41;2;0,946829166666667;0,1992;0,1056;;;
IBD;20,7;;;IBD_41;2;1,21960833333333;0,1992;0,1056;;;
IBD;3,45;;;IBD_42;2;0,272354166666667;0,2038;0,1081;;;
IBD;4,6;;;IBD_42;2;0,3385125;0,2038;0,1081;;;
IBD;5,75;;;IBD_42;2;0,3912125;0,2038;0,1081;;;
IBD;6,9;;;IBD_42;2;0,4422125;0,2038;0,1081;;;
IBD;10,35;;;IBD_42;2;0,585225;0,2038;0,1081;;;
IBD;13,8;;;IBD_42;2;0,77265;0,2038;0,1081;;;
IBD;17,25;;;IBD_42;2;0,969141666666667;0,2038;0,1081;;;
IBD;20,7;;;IBD_42;2;1,24836666666667;0,2038;0,1081;;;
IBD;3,45;;;IBD_43;2;0,321;0,183;0,091;;;
IBD;4,6;;;IBD_43;2;0,447;0,183;0,091;;;
IBD;5,75;;;IBD_43;2;0,533;0,183;0,091;;;
IBD;6,9;;;IBD_43;2;0,614;0,183;0,091;;;
IBD;10,35;;;IBD_43;2;0,851;0,183;0,091;;;
IBD;13,8;;;IBD_43;2;1,216;0,183;0,091;;;
IBD;17,25;;;IBD_43;2;1,542;0,183;0,091;;;
IBD;20,7;;;IBD_43;2;1,914;0,183;0,091;;;
IBD;3,45;;;IBD_44;2;0,313;0,1785;0,0888;;;
IBD;4,6;;;IBD_44;2;0,4359;0,1785;0,0888;;;
IBD;5,75;;;IBD_44;2;0,5197;0,1785;0,0888;;;
IBD;6,9;;;IBD_44;2;0,5987;0,1785;0,0888;;;
IBD;10,35;;;IBD_44;2;0,8298;0,1785;0,0888;;;
IBD;13,8;;;IBD_44;2;1,1856;0,1785;0,0888;;;
IBD;17,25;;;IBD_44;2;1,5035;0,1785;0,0888;;;
IBD;20,7;;;IBD_44;2;1,8662;0,1785;0,0888;;;
IBD;3,45;;;IBD_45;2;0,321;0,183;0,091;;;
IBD;4,6;;;IBD_45;2;0,447;0,183;0,091;;;
IBD;5,75;;;IBD_45;2;0,533;0,183;0,091;;;
IBD;6,9;;;IBD_45;2;0,614;0,183;0,091;;;
IBD;10,35;;;IBD_45;2;0,851;0,183;0,091;;;
IBD;13,8;;;IBD_45;2;1,216;0,183;0,091;;;
IBD;17,25;;;IBD_45;2;1,542;0,183;0,091;;;
IBD;20,7;;;IBD_45;2;1,914;0,183;0,091;;;
IBD;3,45;;;IBD_46;2;0,313;0,1785;0,0888;;;
IBD;4,6;;;IBD_46;2;0,4359;0,1785;0,0888;;;
IBD;5,75;;;IBD_46;2;0,5197;0,1785;0,0888;;;
IBD;6,9;;;IBD_46;2;0,5987;0,1785;0,0888;;;
IBD;10,35;;;IBD_46;2;0,8298;0,1785;0,0888;;;
IBD;13,8;;;IBD_46;2;1,1856;0,1785;0,0888;;;
IBD;17,25;;;IBD_46;2;1,5035;0,1785;0,0888;;;
IBD;20,7;;;IBD_46;2;1,8662;0,1785;0,0888;;;
IBD;3,45;;;IBD_48;2;0,4331;0,2015;0,0768;;;
IBD;4,6;;;IBD_48;2;0,5383;0,2015;0,0768;;;
IBD;5,75;;;IBD_48;2;0,6221;0,2015;0,0768;;;
IBD;6,9;;;IBD_48;2;0,7032;0,2015;0,0768;;;
IBD;10,35;;;IBD_48;2;0,9307;0,2015;0,0768;;;
IBD;13,8;;;IBD_48;2;1,2287;0,2015;0,0768;;;
IBD;17,25;;;IBD_48;2;1,5411;0,2015;0,0768;;;
IBD;20,7;;;IBD_48;2;1,9852;0,2015;0,0768;;;
IBD;3,45;;;IBD_49;2;0,4375;0,2038;0,078;;;
IBD;4,6;;;IBD_49;2;0,5438;0,2038;0,078;;;
IBD;5,75;;;IBD_49;2;0,6285;0,2038;0,078;;;
IBD;6,9;;;IBD_49;2;0,7104;0,2038;0,078;;;
IBD;10,35;;;IBD_49;2;0,9402;0,2038;0,078;;;
IBD;13,8;;;IBD_49;2;1,2413;0,2038;0,078;;;
IBD;17,25;;;IBD_49;2;1,5569;0,2038;0,078;;;
IBD;20,7;;;IBD_49;2;2,0054;0,2038;0,078;;;
IBD;3,45;;;IBD_54;2;0,4286;0,1992;0,0757;;;
IBD;4,6;;;IBD_54;2;0,5328;0,1992;0,0757;;;
IBD;5,75;;;IBD_54;2;0,6158;0,1992;0,0757;;;
IBD;6,9;;;IBD_54;2;0,6961;0,1992;0,0757;;;
IBD;10,35;;;IBD_54;2;0,9212;0,1992;0,0757;;;
IBD;13,8;;;IBD_54;2;1,2162;0,1992;0,0757;;;
IBD;17,25;;;IBD_54;2;1,5254;0,1992;0,0757;;;
IBD;20,7;;;IBD_54;2;1,9649;0,1992;0,0757;;;
IBD;3,45;;;IBD_55;2;0,4375;0,2038;0,078;;;
IBD;4,6;;;IBD_55;2;0,5438;0,2038;0,078;;;
IBD;5,75;;;IBD_55;2;0,6285;0,2038;0,078;;;
IBD;6,9;;;IBD_55;2;0,7104;0,2038;0,078;;;
IBD;10,35;;;IBD_55;2;0,9402;0,2038;0,078;;;
IBD;13,8;;;IBD_55;2;1,2413;0,2038;0,078;;;
IBD;17,25;;;IBD_55;2;1,5569;0,2038;0,078;;;
IBD;20,7;;;IBD_55;2;2,0054;0,2038;0,078;;;
IBD;3,45;;;IBD_56;2;0,4286;0,1992;0,0757;;;
IBD;4,6;;;IBD_56;2;0,5328;0,1992;0,0757;;;
IBD;5,75;;;IBD_56;2;0,6158;0,1992;0,0757;;;
IBD;6,9;;;IBD_56;2;0,6961;0,1992;0,0757;;;
IBD;10,35;;;IBD_56;2;0,9212;0,1992;0,0757;;;
IBD;13,8;;;IBD_56;2;1,2162;0,1992;0,0757;;;
IBD;17,25;;;IBD_56;2;1,5254;0,1992;0,0757;;;
IBD;20,7;;;IBD_56;2;1,9649;0,1992;0,0757;;;
IBD;3,45;;;IBD_57;2;0,4331;0,2015;0,0768;;;
IBD;4,6;;;IBD_57;2;0,5383;0,2015;0,0768;;;
IBD;5,75;;;IBD_57;2;0,6221;0,2015;0,0768;;;
IBD;6,9;;;IBD_57;2;0,7032;0,2015;0,0768;;;
IBD;10,35;;;IBD_57;2;0,9307;0,2015;0,0768;;;
IBD;13,8;;;IBD_57;2;1,2287;0,2015;0,0768;;;
IBD;17,25;;;IBD_57;2;1,5411;0,2015;0,0768;;;
IBD;20,7;;;IBD_57;2;1,9852;0,2015;0,0768;;;
IBD;3,45;;;IBD_58;2;0,4331;0,2015;0,0768;;;
IBD;4,6;;;IBD_58;2;0,5383;0,2015;0,0768;;;
IBD;5,75;;;IBD_58;2;0,6221;0,2015;0,0768;;;
IBD;6,9;;;IBD_58;2;0,7032;0,2015;0,0768;;;
IBD;10,35;;;IBD_58;2;0,9307;0,2015;0,0768;;;
IBD;13,8;;;IBD_58;2;1,2287;0,2015;0,0768;;;
IBD;17,25;;;IBD_58;2;1,5411;0,2015;0,0768;;;
IBD;20,7;;;IBD_58;2;1,9852;0,2015;0,0768;;;
IBD;3,45;;;IBD_59;2;0,4331;0,2015;0,0768;;;
IBD;4,6;;;IBD_59;2;0,5383;0,2015;0,0768;;;
IBD;5,75;;;IBD_59;2;0,6221;0,2015;0,0768;;;
IBD;6,9;;;IBD_59;2;0,7032;0,2015;0,0768;;;
IBD;10,35;;;IBD_59;2;0,9307;0,2015;0,0768;;;
IBD;13,8;;;IBD_59;2;1,2287;0,2015;0,0768;;;
IBD;17,25;;;IBD_59;2;1,5411;0,2015;0,0768;;;
IBD;20,7;;;IBD_59;2;1,9852;0,2015;0,0768;;;
IBD;3,45;;;IBD_60;2;0,4242;0,1969;0,0746;;;
IBD;4,6;;;IBD_60;2;0,5273;0,1969;0,0746;;;
IBD;5,75;;;IBD_60;2;0,6094;0,1969;0,0746;;;
IBD;6,9;;;IBD_60;2;0,6889;0,1969;0,0746;;;
IBD;10,35;;;IBD_60;2;0,9117;0,1969;0,0746;;;
IBD;13,8;;;IBD_60;2;1,2036;0,1969;0,0746;;;
IBD;17,25;;;IBD_60;2;1,5097;0,1969;0,0746;;;
IBD;20,7;;;IBD_60;2;1,9447;0,1969;0,0746;;;
IBD;3,45;;;IBD_61;2;0,4419;0,2061;0,0791;;;
IBD;4,6;;;IBD_61;2;0,5493;0,2061;0,0791;;;
IBD;5,75;;;IBD_61;2;0,6348;0,2061;0,0791;;;
IBD;6,9;;;IBD_61;2;0,7176;0,2061;0,0791;;;
IBD;10,35;;;IBD_61;2;0,9497;0,2061;0,0791;;;
IBD;13,8;;;IBD_61;2;1,2538;0,2061;0,0791;;;
IBD;17,25;;;IBD_61;2;1,5726;0,2061;0,0791;;;
IBD;20,7;;;IBD_61;2;2,0257;0,2061;0,0791;;;
IBD;27,6;;;IBD_01;3;1,2199;0,34633659;0,149467435;0,11099645;;
IBD;34,5;;;IBD_01;3;1,5249;0,34633659;0,149467435;0,11099645;;
IBD;41,4;;;IBD_01;3;1,8299;0,34633659;0,149467435;0,11099645;;
IBD;27,6;;;IBD_04;3;1,2199;0,35133659;0,154467435;0,11599645;;
IBD;34,5;;;IBD_04;3;1,5249;0,35133659;0,154467435;0,11599645;;
IBD;41,4;;;IBD_04;3;1,8299;0,35133659;0,154467435;0,11599645;;
IBD;27,6;;;IBD_32;3;1,3668;0,2553;0,1914;0,1807;;
IBD;34,5;;;IBD_32;3;1,7027;0,2553;0,1914;0,1807;;
IBD;41,4;;;IBD_32;3;2,04;0,2553;0,1914;0,1807;;
IBD;27,6;;;IBD_35;3;1,3668;0,3617;0,1595;0,1506;;
IBD;34,5;;;IBD_35;3;1,7027;0,3617;0,1595;0,1506;;
IBD;41,4;;;IBD_35;3;2,04;0,3617;0,1595;0,1506;;
IBD;27,6;;;IBD_38;3;1,3668;0,383;0,1914;0,0904;;
IBD;34,5;;;IBD_38;3;1,7027;0,383;0,1914;0,0904;;
IBD;41,4;;;IBD_38;3;2,04;0,383;0,1914;0,0904;;
IBELECTRA;1,15;1;;IBELECTRA_01;1;0,1329;0,150560865;;;;
IBELECTRA;2,3;2;;IBELECTRA_01;1;0,1858;0,150560865;;;;
IBELECTRA;3,45;3;;IBELECTRA_01;1;0,2387;0,150560865;;;;
IBELECTRA;4,6;4;;IBELECTRA_01;1;0,2916;0,150560865;;;;
IBELECTRA;5,75;;;IBELECTRA_01;1;0,3445;0,150560865;;;;
IBELECTRA;6,9;;;IBELECTRA_01;1;0,3974;0,150560865;;;;
IBELECTRA;10,35;;;IBELECTRA_01;1;0,5561;0,150560865;;;;
IBELECTRA;13,8;;;IBELECTRA_01;1;0,7148;0,150560865;;;;
IBELECTRA;17,25;;;IBELECTRA_01;1;0,8735;0,150560865;;;;
IBELECTRA;20,7;;;IBELECTRA_01;1;1,0322;0,150560865;;;;
IBELECTRA;1,15;1;;IBELECTRA_02;1;0,1079;0,1538;;;;
IBELECTRA;2,3;2;;IBELECTRA_02;1;0,1608;0,1538;;;;
IBELECTRA;3,45;3;;IBELECTRA_02;1;0,2137;0,1538;;;;
IBELECTRA;4,6;4;;IBELECTRA_02;1;0,2696;0,1538;;;;
IBELECTRA;5,75;;;IBELECTRA_02;1;0,3275;0,1538;;;;
IBELECTRA;6,9;;;IBELECTRA_02;1;0,4174;0,1538;;;;
IBELECTRA;10,35;;;IBELECTRA_02;1;0,5961;0,1538;;;;
IBELECTRA;13,8;;;IBELECTRA_02;1;0,7848;0,1538;;;;
IBELECTRA;17,25;;;IBELECTRA_02;1;0,9735;0,1538;;;;
IBELECTRA;20,7;;;IBELECTRA_02;1;1,1522;0,1538;;;;
IBELECTRA;1,15;1;;IBELECTRA_03;1;0,1729;0,152560865;;;;
IBELECTRA;2,3;2;;IBELECTRA_03;1;0,2258;0,152560865;;;;
IBELECTRA;3,45;3;;IBELECTRA_03;1;0,2787;0,152560865;;;;
IBELECTRA;4,6;4;;IBELECTRA_03;1;0,3316;0,152560865;;;;
IBELECTRA;5,75;;;IBELECTRA_03;1;0,3845;0,152560865;;;;
IBELECTRA;6,9;;;IBELECTRA_03;1;0,4374;0,152560865;;;;
IBELECTRA;10,35;;;IBELECTRA_03;1;0,5961;0,152560865;;;;
IBELECTRA;13,8;;;IBELECTRA_03;1;0,7548;0,152560865;;;;
IBELECTRA;17,25;;;IBELECTRA_03;1;0,9135;0,152560865;;;;
IBELECTRA;20,7;;;IBELECTRA_03;1;1,0722;0,152560865;;;;
IBELECTRA;1,15;1;;IBELECTRA_04;1;0,2029;0,155060865;;;;
IBELECTRA;2,3;2;;IBELECTRA_04;1;0,2558;0,155060865;;;;
IBELECTRA;3,45;3;;IBELECTRA_04;1;0,3087;0,155060865;;;;
IBELECTRA;4,6;4;;IBELECTRA_04;1;0,3616;0,155060865;;;;
IBELECTRA;5,75;;;IBELECTRA_04;1;0,4145;0,155060865;;;;
IBELECTRA;6,9;;;IBELECTRA_04;1;0,4674;0,155060865;;;;
IBELECTRA;10,35;;;IBELECTRA_04;1;0,6261;0,155060865;;;;
IBELECTRA;13,8;;;IBELECTRA_04;1;0,7848;0,155060865;;;;
IBELECTRA;17,25;;;IBELECTRA_04;1;0,9435;0,155060865;;;;
IBELECTRA;20,7;;;IBELECTRA_04;1;1,1022;0,155060865;;;;
IBELECTRA;1,15;1;;IBELECTRA_05;1;0,1029;0,148560865;;;;
IBELECTRA;2,3;2;;IBELECTRA_05;1;0,1558;0,148560865;;;;
IBELECTRA;3,45;3;;IBELECTRA_05;1;0,2087;0,148560865;;;;
IBELECTRA;4,6;4;;IBELECTRA_05;1;0,2616;0,148560865;;;;
IBELECTRA;5,75;;;IBELECTRA_05;1;0,3145;0,148560865;;;;
IBELECTRA;6,9;;;IBELECTRA_05;1;0,3674;0,148560865;;;;
IBELECTRA;10,35;;;IBELECTRA_05;1;0,5261;0,148560865;;;;
IBELECTRA;13,8;;;IBELECTRA_05;1;0,6848;0,148560865;;;;
IBELECTRA;17,25;;;IBELECTRA_05;1;0,8435;0,148560865;;;;
IBELECTRA;20,7;;;IBELECTRA_05;1;1,0022;0,148560865;;;;
IBELECTRA;1,15;1;;IBELECTRA_06;1;0,0918;0,1688;;;;
IBELECTRA;2,3;2;;IBELECTRA_06;1;0,147;0,1688;;;;
IBELECTRA;3,45;3;;IBELECTRA_06;1;0,2023;0,1688;;;;
IBELECTRA;4,6;4;;IBELECTRA_06;1;0,2628;0,1688;;;;
IBELECTRA;5,75;;;IBELECTRA_06;1;0,3233;0,1688;;;;
IBELECTRA;6,9;;;IBELECTRA_06;1;0,3837;0,1688;;;;
IBELECTRA;10,35;;;IBELECTRA_06;1;0,56;0,1688;;;;
IBELECTRA;13,8;;;IBELECTRA_06;1;0,7518;0,1688;;;;
IBELECTRA;17,25;;;IBELECTRA_06;1;0,928;0,1688;;;;
IBELECTRA;20,7;;;IBELECTRA_06;1;1,1147;0,1688;;;;
IBELECTRA;1,15;1;;IBELECTRA_07;1;0,0977;0,1796;;;;
IBELECTRA;2,3;2;;IBELECTRA_07;1;0,1564;0,1796;;;;
IBELECTRA;3,45;3;;IBELECTRA_07;1;0,2152;0,1796;;;;
IBELECTRA;4,6;4;;IBELECTRA_07;1;0,2796;0,1796;;;;
IBELECTRA;5,75;;;IBELECTRA_07;1;0,3439;0,1796;;;;
IBELECTRA;6,9;;;IBELECTRA_07;1;0,4082;0,1796;;;;
IBELECTRA;10,35;;;IBELECTRA_07;1;0,5957;0,1796;;;;
IBELECTRA;13,8;;;IBELECTRA_07;1;0,7998;0,1796;;;;
IBELECTRA;17,25;;;IBELECTRA_07;1;0,9872;0,1796;;;;
IBELECTRA;20,7;;;IBELECTRA_07;1;1,1858;0,1796;;;;
IBELECTRA;1,15;1;;IBELECTRA_08;1;0,0879;0,1616;;;;
IBELECTRA;2,3;2;;IBELECTRA_08;1;0,1408;0,1616;;;;
IBELECTRA;3,45;3;;IBELECTRA_08;1;0,1937;0,1616;;;;
IBELECTRA;4,6;4;;IBELECTRA_08;1;0,2516;0,1616;;;;
IBELECTRA;5,75;;;IBELECTRA_08;1;0,3095;0,1616;;;;
IBELECTRA;6,9;;;IBELECTRA_08;1;0,3674;0,1616;;;;
IBELECTRA;10,35;;;IBELECTRA_08;1;0,5361;0,1616;;;;
IBELECTRA;13,8;;;IBELECTRA_08;1;0,7198;0,1616;;;;
IBELECTRA;17,25;;;IBELECTRA_08;1;0,8885;0,1616;;;;
IBELECTRA;20,7;;;IBELECTRA_08;1;1,0672;0,1616;;;;
IBELECTRA;1,15;1;;IBELECTRA_09;1;0,1128;0,1609;;;;
IBELECTRA;2,3;2;;IBELECTRA_09;1;0,1681;0,1609;;;;
IBELECTRA;3,45;3;;IBELECTRA_09;1;0,2234;0,1609;;;;
IBELECTRA;4,6;4;;IBELECTRA_09;1;0,2819;0,1609;;;;
IBELECTRA;5,75;;;IBELECTRA_09;1;0,3424;0,1609;;;;
IBELECTRA;6,9;;;IBELECTRA_09;1;0,4364;0,1609;;;;
IBELECTRA;10,35;;;IBELECTRA_09;1;0,6232;0,1609;;;;
IBELECTRA;13,8;;;IBELECTRA_09;1;0,8205;0,1609;;;;
IBELECTRA;17,25;;;IBELECTRA_09;1;1,0178;0,1609;;;;
IBELECTRA;20,7;;;IBELECTRA_09;1;1,2046;0,1609;;;;
IBELECTRA;1,15;1;;IBELECTRA_10;1;0,1226;0,1749;;;;
IBELECTRA;2,3;2;;IBELECTRA_10;1;0,1827;0,1749;;;;
IBELECTRA;3,45;3;;IBELECTRA_10;1;0,2428;0,1749;;;;
IBELECTRA;4,6;4;;IBELECTRA_10;1;0,3064;0,1749;;;;
IBELECTRA;5,75;;;IBELECTRA_10;1;0,3722;0,1749;;;;
IBELECTRA;6,9;;;IBELECTRA_10;1;0,4743;0,1749;;;;
IBELECTRA;10,35;;;IBELECTRA_10;1;0,6774;0,1749;;;;
IBELECTRA;13,8;;;IBELECTRA_10;1;0,8918;0,1749;;;;
IBELECTRA;17,25;;;IBELECTRA_10;1;1,1063;0,1749;;;;
IBELECTRA;20,7;;;IBELECTRA_10;1;1,3093;0,1749;;;;
IBELECTRA;1,15;;;IBELECTRA_01;2;0,1329;0,172489125;0,106231995;;;
IBELECTRA;2,3;;;IBELECTRA_01;2;0,1858;0,172489125;0,106231995;;;
IBELECTRA;3,45;;;IBELECTRA_01;2;0,2387;0,172489125;0,106231995;;;
IBELECTRA;4,6;;;IBELECTRA_01;2;0,2916;0,172489125;0,106231995;;;
IBELECTRA;5,75;;;IBELECTRA_01;2;0,3445;0,172489125;0,106231995;;;
IBELECTRA;6,9;;;IBELECTRA_01;2;0,3974;0,172489125;0,106231995;;;
IBELECTRA;10,35;;;IBELECTRA_01;2;0,5561;0,172489125;0,106231995;;;
IBELECTRA;13,8;;;IBELECTRA_01;2;0,7148;0,172489125;0,106231995;;;
IBELECTRA;17,25;;;IBELECTRA_01;2;0,8735;0,172489125;0,106231995;;;
IBELECTRA;20,7;;;IBELECTRA_01;2;1,0322;0,172489125;0,106231995;;;
IBELECTRA;1,15;;;IBELECTRA_02;2;0,1079;0,1826;0,1128;;;
IBELECTRA;2,3;;;IBELECTRA_02;2;0,1608;0,1826;0,1128;;;
IBELECTRA;3,45;;;IBELECTRA_02;2;0,2137;0,1826;0,1128;;;
IBELECTRA;4,6;;;IBELECTRA_02;2;0,2696;0,1826;0,1128;;;
IBELECTRA;5,75;;;IBELECTRA_02;2;0,3275;0,1826;0,1128;;;
IBELECTRA;6,9;;;IBELECTRA_02;2;0,4174;0,1826;0,1128;;;
IBELECTRA;10,35;;;IBELECTRA_02;2;0,5961;0,1826;0,1128;;;
IBELECTRA;13,8;;;IBELECTRA_02;2;0,7848;0,1826;0,1128;;;
IBELECTRA;17,25;;;IBELECTRA_02;2;0,9735;0,1826;0,1128;;;
IBELECTRA;20,7;;;IBELECTRA_02;2;1,1522;0,1826;0,1128;;;
IBELECTRA;1,15;;;IBELECTRA_03;2;0,1729;0,174489125;0,108231995;;;
IBELECTRA;2,3;;;IBELECTRA_03;2;0,2258;0,174489125;0,108231995;;;
IBELECTRA;3,45;;;IBELECTRA_03;2;0,2787;0,174489125;0,108231995;;;
IBELECTRA;4,6;;;IBELECTRA_03;2;0,3316;0,174489125;0,108231995;;;
IBELECTRA;5,75;;;IBELECTRA_03;2;0,3845;0,174489125;0,108231995;;;
IBELECTRA;6,9;;;IBELECTRA_03;2;0,4374;0,174489125;0,108231995;;;
IBELECTRA;10,35;;;IBELECTRA_03;2;0,5961;0,174489125;0,108231995;;;
IBELECTRA;13,8;;;IBELECTRA_03;2;0,7548;0,174489125;0,108231995;;;
IBELECTRA;17,25;;;IBELECTRA_03;2;0,9135;0,174489125;0,108231995;;;
IBELECTRA;20,7;;;IBELECTRA_03;2;1,0722;0,174489125;0,108231995;;;
IBELECTRA;1,15;;;IBELECTRA_04;2;0,2029;0,176989125;0,110731995;;;
IBELECTRA;2,3;;;IBELECTRA_04;2;0,2558;0,176989125;0,110731995;;;
IBELECTRA;3,45;;;IBELECTRA_04;2;0,3087;0,176989125;0,110731995;;;
IBELECTRA;4,6;;;IBELECTRA_04;2;0,3616;0,176989125;0,110731995;;;
IBELECTRA;5,75;;;IBELECTRA_04;2;0,4145;0,176989125;0,110731995;;;
IBELECTRA;6,9;;;IBELECTRA_04;2;0,4674;0,176989125;0,110731995;;;
IBELECTRA;10,35;;;IBELECTRA_04;2;0,6261;0,176989125;0,110731995;;;
IBELECTRA;13,8;;;IBELECTRA_04;2;0,7848;0,176989125;0,110731995;;;
IBELECTRA;17,25;;;IBELECTRA_04;2;0,9435;0,176989125;0,110731995;;;
IBELECTRA;20,7;;;IBELECTRA_04;2;1,1022;0,176989125;0,110731995;;;
IBELECTRA;1,15;;;IBELECTRA_05;2;0,1029;0,170489125;0,104231995;;;
IBELECTRA;2,3;;;IBELECTRA_05;2;0,1558;0,170489125;0,104231995;;;
IBELECTRA;3,45;;;IBELECTRA_05;2;0,2087;0,170489125;0,104231995;;;
IBELECTRA;4,6;;;IBELECTRA_05;2;0,2616;0,170489125;0,104231995;;;
IBELECTRA;5,75;;;IBELECTRA_05;2;0,3145;0,170489125;0,104231995;;;
IBELECTRA;6,9;;;IBELECTRA_05;2;0,3674;0,170489125;0,104231995;;;
IBELECTRA;10,35;;;IBELECTRA_05;2;0,5261;0,170489125;0,104231995;;;
IBELECTRA;13,8;;;IBELECTRA_05;2;0,6848;0,170489125;0,104231995;;;
IBELECTRA;17,25;;;IBELECTRA_05;2;0,8435;0,170489125;0,104231995;;;
IBELECTRA;20,7;;;IBELECTRA_05;2;1,0022;0,170489125;0,104231995;;;
IBELECTRA;1,15;;;IBELECTRA_06;2;0,0918;0,2003;0,1243;;;
IBELECTRA;2,3;;;IBELECTRA_06;2;0,147;0,2003;0,1243;;;
IBELECTRA;3,45;;;IBELECTRA_06;2;0,2023;0,2003;0,1243;;;
IBELECTRA;4,6;;;IBELECTRA_06;2;0,2628;0,2003;0,1243;;;
IBELECTRA;5,75;;;IBELECTRA_06;2;0,3233;0,2003;0,1243;;;
IBELECTRA;6,9;;;IBELECTRA_06;2;0,3837;0,2003;0,1243;;;
IBELECTRA;10,35;;;IBELECTRA_06;2;0,56;0,2003;0,1243;;;
IBELECTRA;13,8;;;IBELECTRA_06;2;0,7518;0,2003;0,1243;;;
IBELECTRA;17,25;;;IBELECTRA_06;2;0,928;0,2003;0,1243;;;
IBELECTRA;20,7;;;IBELECTRA_06;2;1,1147;0,2003;0,1243;;;
IBELECTRA;1,15;;;IBELECTRA_07;2;0,0977;0,2131;0,1333;;;
IBELECTRA;2,3;;;IBELECTRA_07;2;0,1564;0,2131;0,1333;;;
IBELECTRA;3,45;;;IBELECTRA_07;2;0,2152;0,2131;0,1333;;;
IBELECTRA;4,6;;;IBELECTRA_07;2;0,2796;0,2131;0,1333;;;
IBELECTRA;5,75;;;IBELECTRA_07;2;0,3439;0,2131;0,1333;;;
IBELECTRA;6,9;;;IBELECTRA_07;2;0,4082;0,2131;0,1333;;;
IBELECTRA;10,35;;;IBELECTRA_07;2;0,5957;0,2131;0,1333;;;
IBELECTRA;13,8;;;IBELECTRA_07;2;0,7998;0,2131;0,1333;;;
IBELECTRA;17,25;;;IBELECTRA_07;2;0,9872;0,2131;0,1333;;;
IBELECTRA;20,7;;;IBELECTRA_07;2;1,1858;0,2131;0,1333;;;
IBELECTRA;1,15;;;IBELECTRA_08;2;0,0879;0,1918;0,12;;;
IBELECTRA;2,3;;;IBELECTRA_08;2;0,1408;0,1918;0,12;;;
IBELECTRA;3,45;;;IBELECTRA_08;2;0,1937;0,1918;0,12;;;
IBELECTRA;4,6;;;IBELECTRA_08;2;0,2516;0,1918;0,12;;;
IBELECTRA;5,75;;;IBELECTRA_08;2;0,3095;0,1918;0,12;;;
IBELECTRA;6,9;;;IBELECTRA_08;2;0,3674;0,1918;0,12;;;
IBELECTRA;10,35;;;IBELECTRA_08;2;0,5361;0,1918;0,12;;;
IBELECTRA;13,8;;;IBELECTRA_08;2;0,7198;0,1918;0,12;;;
IBELECTRA;17,25;;;IBELECTRA_08;2;0,8885;0,1918;0,12;;;
IBELECTRA;20,7;;;IBELECTRA_08;2;1,0672;0,1918;0,12;;;
IBELECTRA;1,15;;;IBELECTRA_09;2;0,1128;0,1909;0,1189;;;
IBELECTRA;2,3;;;IBELECTRA_09;2;0,1681;0,1909;0,1189;;;
IBELECTRA;3,45;;;IBELECTRA_09;2;0,2234;0,1909;0,1189;;;
IBELECTRA;4,6;;;IBELECTRA_09;2;0,2819;0,1909;0,1189;;;
IBELECTRA;5,75;;;IBELECTRA_09;2;0,3424;0,1909;0,1189;;;
IBELECTRA;6,9;;;IBELECTRA_09;2;0,4364;0,1909;0,1189;;;
IBELECTRA;10,35;;;IBELECTRA_09;2;0,6232;0,1909;0,1189;;;
IBELECTRA;13,8;;;IBELECTRA_09;2;0,8205;0,1909;0,1189;;;
IBELECTRA;17,25;;;IBELECTRA_09;2;1,0178;0,1909;0,1189;;;
IBELECTRA;20,7;;;IBELECTRA_09;2;1,2046;0,1909;0,1189;;;
IBELECTRA;1,15;;;IBELECTRA_10;2;0,1226;0,2075;0,1282;;;
IBELECTRA;2,3;;;IBELECTRA_10;2;0,1827;0,2075;0,1282;;;
IBELECTRA;3,45;;;IBELECTRA_10;2;0,2428;0,2075;0,1282;;;
IBELECTRA;4,6;;;IBELECTRA_10;2;0,3064;0,2075;0,1282;;;
IBELECTRA;5,75;;;IBELECTRA_10;2;0,3722;0,2075;0,1282;;;
IBELECTRA;6,9;;;IBELECTRA_10;2;0,4743;0,2075;0,1282;;;
IBELECTRA;10,35;;;IBELECTRA_10;2;0,6774;0,2075;0,1282;;;
IBELECTRA;13,8;;;IBELECTRA_10;2;0,8918;0,2075;0,1282;;;
IBELECTRA;17,25;;;IBELECTRA_10;2;1,1063;0,2075;0,1282;;;
IBELECTRA;20,7;;;IBELECTRA_10;2;1,3093;0,2075;0,1282;;;
IBELECTRA;1,15;;;IBELECTRA_01;3;0,1329;0,336389125;0,129896735;0,106820145;;
IBELECTRA;2,3;;;IBELECTRA_01;3;0,1858;0,336389125;0,129896735;0,106820145;;
IBELECTRA;3,45;;;IBELECTRA_01;3;0,2387;0,336389125;0,129896735;0,106820145;;
IBELECTRA;4,6;;;IBELECTRA_01;3;0,2916;0,336389125;0,129896735;0,106820145;;
IBELECTRA;5,75;;;IBELECTRA_01;3;0,3445;0,336389125;0,129896735;0,106820145;;
IBELECTRA;6,9;;;IBELECTRA_01;3;0,3974;0,336389125;0,129896735;0,106820145;;
IBELECTRA;10,35;;;IBELECTRA_01;3;0,5561;0,336389125;0,129896735;0,106820145;;
IBELECTRA;13,8;;;IBELECTRA_01;3;0,7148;0,336389125;0,129896735;0,106820145;;
IBELECTRA;17,25;;;IBELECTRA_01;3;0,8735;0,336389125;0,129896735;0,106820145;;
IBELECTRA;20,7;;;IBELECTRA_01;3;1,0322;0,336389125;0,129896735;0,106820145;;
IBELECTRA;27,6;;;IBELECTRA_01;3;1,2699;0,336289125;0,141896735;0,106020145;;
IBELECTRA;34,5;;;IBELECTRA_01;3;1,5749;0,336289125;0,141896735;0,106020145;;
IBELECTRA;41,4;;;IBELECTRA_01;3;1,8799;0,336289125;0,141896735;0,106020145;;
IBELECTRA;27,6;;;IBELECTRA_02;3;1,5399;0,3614;0,1641;0,1168;;
IBELECTRA;34,5;;;IBELECTRA_02;3;1,9249;0,3614;0,1641;0,1168;;
IBELECTRA;41,4;;;IBELECTRA_02;3;2,3499;0,3614;0,1641;0,1168;;
IBELECTRA;1,15;;;IBELECTRA_03;3;0,1729;0,338389125;0,131896735;0,108820145;;
IBELECTRA;2,3;;;IBELECTRA_03;3;0,2258;0,338389125;0,131896735;0,108820145;;
IBELECTRA;3,45;;;IBELECTRA_03;3;0,2787;0,338389125;0,131896735;0,108820145;;
IBELECTRA;4,6;;;IBELECTRA_03;3;0,3316;0,338389125;0,131896735;0,108820145;;
IBELECTRA;5,75;;;IBELECTRA_03;3;0,3845;0,338389125;0,131896735;0,108820145;;
IBELECTRA;6,9;;;IBELECTRA_03;3;0,4374;0,338389125;0,131896735;0,108820145;;
IBELECTRA;10,35;;;IBELECTRA_03;3;0,5961;0,338389125;0,131896735;0,108820145;;
IBELECTRA;13,8;;;IBELECTRA_03;3;0,7548;0,338389125;0,131896735;0,108820145;;
IBELECTRA;17,25;;;IBELECTRA_03;3;0,9135;0,338389125;0,131896735;0,108820145;;
IBELECTRA;20,7;;;IBELECTRA_03;3;1,0722;0,338389125;0,131896735;0,108820145;;
IBELECTRA;27,6;;;IBELECTRA_03;3;1,2999;0,338289125;0,143896735;0,108020145;;
IBELECTRA;34,5;;;IBELECTRA_03;3;1,6049;0,338289125;0,143896735;0,108020145;;
IBELECTRA;41,4;;;IBELECTRA_03;3;1,9099;0,338289125;0,143896735;0,108020145;;
IBELECTRA;1,15;;;IBELECTRA_04;3;0,2029;0,340889125;0,134396735;0,111320145;;
IBELECTRA;2,3;;;IBELECTRA_04;3;0,2558;0,340889125;0,134396735;0,111320145;;
IBELECTRA;3,45;;;IBELECTRA_04;3;0,3087;0,340889125;0,134396735;0,111320145;;
IBELECTRA;4,6;;;IBELECTRA_04;3;0,3616;0,340889125;0,134396735;0,111320145;;
IBELECTRA;5,75;;;IBELECTRA_04;3;0,4145;0,340889125;0,134396735;0,111320145;;
IBELECTRA;6,9;;;IBELECTRA_04;3;0,4674;0,340889125;0,134396735;0,111320145;;
IBELECTRA;10,35;;;IBELECTRA_04;3;0,6261;0,340889125;0,134396735;0,111320145;;
IBELECTRA;13,8;;;IBELECTRA_04;3;0,7848;0,340889125;0,134396735;0,111320145;;
IBELECTRA;17,25;;;IBELECTRA_04;3;0,9435;0,340889125;0,134396735;0,111320145;;
IBELECTRA;20,7;;;IBELECTRA_04;3;1,1022;0,340889125;0,134396735;0,111320145;;
IBELECTRA;27,6;;;IBELECTRA_04;3;1,3199;0,340789125;0,146396735;0,110520145;;
IBELECTRA;34,5;;;IBELECTRA_04;3;1,6249;0,340789125;0,146396735;0,110520145;;
IBELECTRA;41,4;;;IBELECTRA_04;3;1,9299;0,340789125;0,146396735;0,110520145;;
IBELECTRA;1,15;;;IBELECTRA_05;3;0,1029;0,334389125;0,127896735;0,104820145;;
IBELECTRA;2,3;;;IBELECTRA_05;3;0,1558;0,334389125;0,127896735;0,104820145;;
IBELECTRA;3,45;;;IBELECTRA_05;3;0,2087;0,334389125;0,127896735;0,104820145;;
IBELECTRA;4,6;;;IBELECTRA_05;3;0,2616;0,334389125;0,127896735;0,104820145;;
IBELECTRA;5,75;;;IBELECTRA_05;3;0,3145;0,334389125;0,127896735;0,104820145;;
IBELECTRA;6,9;;;IBELECTRA_05;3;0,3674;0,334389125;0,127896735;0,104820145;;
IBELECTRA;10,35;;;IBELECTRA_05;3;0,5261;0,334389125;0,127896735;0,104820145;;
IBELECTRA;13,8;;;IBELECTRA_05;3;0,6848;0,334389125;0,127896735;0,104820145;;
IBELECTRA;17,25;;;IBELECTRA_05;3;0,8435;0,334389125;0,127896735;0,104820145;;
IBELECTRA;20,7;;;IBELECTRA_05;3;1,0022;0,334389125;0,127896735;0,104820145;;
IBELECTRA;27,6;;;IBELECTRA_05;3;1,2399;0,334289125;0,139896735;0,104020145;;
IBELECTRA;34,5;;;IBELECTRA_05;3;1,5449;0,334289125;0,139896735;0,104020145;;
IBELECTRA;41,4;;;IBELECTRA_05;3;1,8499;0,334289125;0,139896735;0,104020145;;
IBELECTRA;27,6;;;IBELECTRA_06;3;1,4569;0,3937;0,1852;0,1345;;
IBELECTRA;34,5;;;IBELECTRA_06;3;1,8276;0,3937;0,1852;0,1345;;
IBELECTRA;41,4;;;IBELECTRA_06;3;2,188;0,3937;0,1852;0,1345;;
IBELECTRA;27,6;;;IBELECTRA_07;3;1,5499;0,4188;0,197;0,1431;;
IBELECTRA;34,5;;;IBELECTRA_07;3;1,9443;0,4188;0,197;0,1431;;
IBELECTRA;41,4;;;IBELECTRA_07;3;2,3277;0,4188;0,197;0,1431;;
IBELECTRA;27,6;;;IBELECTRA_08;3;1,3949;0,3769;0,1773;0,1288;;
IBELECTRA;34,5;;;IBELECTRA_08;3;1,7499;0,3769;0,1773;0,1288;;
IBELECTRA;41,4;;;IBELECTRA_08;3;2,0949;0,3769;0,1773;0,1288;;
IBELECTRA;27,6;;;IBELECTRA_09;3;1,6099;0,3778;0,1717;0,1221;;
IBELECTRA;34,5;;;IBELECTRA_09;3;2,0124;0,3778;0,1717;0,1221;;
IBELECTRA;41,4;;;IBELECTRA_09;3;2,4567;0,3778;0,1717;0,1221;;
IBELECTRA;27,6;;;IBELECTRA_10;3;1,7499;0,4107;0,1865;0,1327;;
IBELECTRA;34,5;;;IBELECTRA_10;3;2,1874;0,4107;0,1865;0,1327;;
IBELECTRA;41,4;;;IBELECTRA_10;3;2,6703;0,4107;0,1865;0,1327;;
JAFPLUS;1,15;1;;JAFPLUS_01;1;0,1029;0,169;;;;
JAFPLUS;2,3;2;;JAFPLUS_01;1;0,1558;0,169;;;;
JAFPLUS;3,45;3;;JAFPLUS_01;1;0,2587;0,169;;;;
JAFPLUS;4,6;4;;JAFPLUS_01;1;0,3116;0,169;;;;
JAFPLUS;5,75;;;JAFPLUS_01;1;0,4145;0,169;;;;
JAFPLUS;6,9;;;JAFPLUS_01;1;0,4674;0,169;;;;
JAFPLUS;10,35;;;JAFPLUS_01;1;0,6761;0,169;;;;
JAFPLUS;13,8;;;JAFPLUS_01;1;0,8348;0,169;;;;
JAFPLUS;17,25;;;JAFPLUS_01;1;1,0435;0,169;;;;
JAFPLUS;20,7;;;JAFPLUS_01;1;1,2022;0,169;;;;
JAFPLUS;1,15;1;;JAFPLUS_02;1;;;;;0,1142;0,137581
JAFPLUS;2,3;2;;JAFPLUS_02;1;;;;;0,1481;0,133009
JAFPLUS;3,45;3;;JAFPLUS_02;1;;;;;0,1778;0,130362
JAFPLUS;4,6;4;;JAFPLUS_02;1;;;;;0,2146;0,12921
JAFPLUS;1,15;;;JAFPLUS_01;2;0,1029;0,193;0,1234;;;
JAFPLUS;2,3;;;JAFPLUS_01;2;0,1558;0,193;0,1234;;;
JAFPLUS;3,45;;;JAFPLUS_01;2;0,2587;0,193;0,1234;;;
JAFPLUS;4,6;;;JAFPLUS_01;2;0,3116;0,193;0,1234;;;
JAFPLUS;5,75;;;JAFPLUS_01;2;0,4145;0,193;0,1234;;;
JAFPLUS;6,9;;;JAFPLUS_01;2;0,4674;0,193;0,1234;;;
JAFPLUS;10,35;;;JAFPLUS_01;2;0,6761;0,193;0,1234;;;
JAFPLUS;13,8;;;JAFPLUS_01;2;0,8348;0,193;0,1234;;;
JAFPLUS;17,25;;;JAFPLUS_01;2;1,0435;0,193;0,1234;;;
JAFPLUS;20,7;;;JAFPLUS_01;2;1,2022;0,193;0,1234;;;
JAFPLUS;27,6;;;JAFPLUS_01;3;1,5199;0,3578;0,1588;0,1236;;
JAFPLUS;34,5;;;JAFPLUS_01;3;1,8749;0,3578;0,1588;0,1236;;
JAFPLUS;41,4;;;JAFPLUS_01;3;2,2299;0,3578;0,1588;0,1236;;
LOGICA;1,15;1;;LOGICA_01;1;0,294;0,204815253;;;;
LOGICA;2,3;2;;LOGICA_01;1;0,3592;0,204815253;;;;
LOGICA;3,45;3;;LOGICA_01;1;0,4269;0,204815253;;;;
LOGICA;4,6;4;;LOGICA_01;1;0,5272;0,204815253;;;;
LOGICA;5,75;;;LOGICA_01;1;0,642;0,204815253;;;;
LOGICA;6,9;;;LOGICA_01;1;0,7519;0,204815253;;;;
LOGICA;10,35;;;LOGICA_01;1;1,0808;0,204815253;;;;
LOGICA;13,8;;;LOGICA_01;1;1,422;0,204815253;;;;
LOGICA;17,25;;;LOGICA_01;1;1,766;0,204815253;;;;
LOGICA;20,7;;;LOGICA_01;1;2,1661;0,204815253;;;;
LOGICA;1,15;1;;LOGICA_02;1;0,1477;0,204815560145;;;;
LOGICA;2,3;2;;LOGICA_02;1;0,2253;0,204815560145;;;;
LOGICA;3,45;3;;LOGICA_02;1;0,2748;0,204815560145;;;;
LOGICA;4,6;4;;LOGICA_02;1;0,3467;0,204815560145;;;;
LOGICA;5,75;;;LOGICA_02;1;0,4263;0,204815560145;;;;
LOGICA;6,9;;;LOGICA_02;1;0,497;0,204815560145;;;;
LOGICA;10,35;;;LOGICA_02;1;0,717;0,204815560145;;;;
LOGICA;13,8;;;LOGICA_02;1;0,9528;0,204815560145;;;;
LOGICA;17,25;;;LOGICA_02;1;1,1659;0,204815560145;;;;
LOGICA;20,7;;;LOGICA_02;1;1,398;0,204815560145;;;;
LOGICA;1,15;;;LOGICA_01;2;0,294;0,22786340385;0,15964864;;;
LOGICA;2,3;;;LOGICA_01;2;0,3592;0,22786340385;0,15964864;;;
LOGICA;3,45;;;LOGICA_01;2;0,4269;0,22786340385;0,15964864;;;
LOGICA;4,6;;;LOGICA_01;2;0,5272;0,22786340385;0,15964864;;;
LOGICA;5,75;;;LOGICA_01;2;0,642;0,22786340385;0,15964864;;;
LOGICA;6,9;;;LOGICA_01;2;0,7519;0,22786340385;0,15964864;;;
LOGICA;10,35;;;LOGICA_01;2;1,0808;0,22786340385;0,15964864;;;
LOGICA;13,8;;;LOGICA_01;2;1,422;0,22786340385;0,15964864;;;
LOGICA;17,25;;;LOGICA_01;2;1,766;0,22786340385;0,15964864;;;
LOGICA;20,7;;;LOGICA_01;2;2,1661;0,22786340385;0,15964864;;;
LOGICA;1,15;;;LOGICA_02;2;0,1477;0,22786350385;0,15964864;;;
LOGICA;2,3;;;LOGICA_02;2;0,2253;0,22786350385;0,15964864;;;
LOGICA;3,45;;;LOGICA_02;2;0,2748;0,22786350385;0,15964864;;;
LOGICA;4,6;;;LOGICA_02;2;0,3467;0,22786350385;0,15964864;;;
LOGICA;5,75;;;LOGICA_02;2;0,4263;0,22786350385;0,15964864;;;
LOGICA;6,9;;;LOGICA_02;2;0,497;0,22786350385;0,15964864;;;
LOGICA;10,35;;;LOGICA_02;2;0,717;0,22786350385;0,15964864;;;
LOGICA;13,8;;;LOGICA_02;2;0,9528;0,22786350385;0,15964864;;;
LOGICA;17,25;;;LOGICA_02;2;1,1659;0,22786350385;0,15964864;;;
LOGICA;20,7;;;LOGICA_02;2;1,398;0,22786350385;0,15964864;;;
LOGICA;27,6;;;LOGICA_01;3;2,6868;0,39168344175;0,19565795695;0,15884864;;
LOGICA;34,5;;;LOGICA_01;3;3,3436;0,39168344175;0,19565795695;0,15884864;;
LOGICA;41,4;;;LOGICA_01;3;3,996;0,39168344175;0,19565795695;0,15884864;;
LOGICA;27,6;;;LOGICA_02;3;1,8775;0,39168344175;0,19565795695;0,15884864;;
LOGICA;34,5;;;LOGICA_02;3;2,32;0,39168344175;0,19565795695;0,15884864;;
LOGICA;41,4;;;LOGICA_02;3;2,6749;0,39168344175;0,19565795695;0,15884864;;
LUZBOA;1,15;1;;LUZBOA_01;1;0,1859;0,14205082926891;;;;
LUZBOA;2,3;2;;LUZBOA_01;1;0,2388;0,14205082926891;;;;
LUZBOA;3,45;3;;LUZBOA_01;1;0,2917;0,14205082926891;;;;
LUZBOA;4,6;4;;LUZBOA_01;1;0,3646;0,14205082926891;;;;
LUZBOA;5,75;;;LUZBOA_01;1;0,4175;0,14205082926891;;;;
LUZBOA;6,9;;;LUZBOA_01;1;0,4704;0,14205082926891;;;;
LUZBOA;10,35;;;LUZBOA_01;1;0,6591;0,14205082926891;;;;
LUZBOA;13,8;;;LUZBOA_01;1;0,8178;0,14205082926891;;;;
LUZBOA;17,25;;;LUZBOA_01;1;0,9765;0,14205082926891;;;;
LUZBOA;20,7;;;LUZBOA_01;1;1,1852;0,14205082926891;;;;
LUZBOA;1,15;1;;LUZBOA_02;1;0,1529;0,14205082926891;;;;
LUZBOA;2,3;2;;LUZBOA_02;1;0,2058;0,14205082926891;;;;
LUZBOA;3,45;3;;LUZBOA_02;1;0,2587;0,14205082926891;;;;
LUZBOA;4,6;4;;LUZBOA_02;1;0,3316;0,14205082926891;;;;
LUZBOA;5,75;;;LUZBOA_02;1;0,3845;0,14205082926891;;;;
LUZBOA;6,9;;;LUZBOA_02;1;0,4374;0,14205082926891;;;;
LUZBOA;10,35;;;LUZBOA_02;1;0,6261;0,14205082926891;;;;
LUZBOA;13,8;;;LUZBOA_02;1;0,7848;0,14205082926891;;;;
LUZBOA;17,25;;;LUZBOA_02;1;0,9435;0,14205082926891;;;;
LUZBOA;20,7;;;LUZBOA_02;1;1,1522;0,14205082926891;;;;
LUZBOA;1,15;1;;LUZBOA_03;1;0,2529;0,14705082926891;;;;
LUZBOA;2,3;2;;LUZBOA_03;1;0,3058;0,14705082926891;;;;
LUZBOA;3,45;3;;LUZBOA_03;1;0,3587;0,14705082926891;;;;
LUZBOA;4,6;4;;LUZBOA_03;1;0,4116;0,14705082926891;;;;
LUZBOA;5,75;;;LUZBOA_03;1;0,4645;0,14705082926891;;;;
LUZBOA;6,9;;;LUZBOA_03;1;0,5174;0,14705082926891;;;;
LUZBOA;10,35;;;LUZBOA_03;1;0,6761;0,14705082926891;;;;
LUZBOA;13,8;;;LUZBOA_03;1;0,8348;0,14705082926891;;;;
LUZBOA;17,25;;;LUZBOA_03;1;0,9935;0,14705082926891;;;;
LUZBOA;20,7;;;LUZBOA_03;1;1,1522;0,14705082926891;;;;
LUZBOA;1,15;1;;LUZBOA_04;1;0,1529;0,14205082926891;;;;
LUZBOA;2,3;2;;LUZBOA_04;1;0,2058;0,14205082926891;;;;
LUZBOA;3,45;3;;LUZBOA_04;1;0,2587;0,14205082926891;;;;
LUZBOA;4,6;4;;LUZBOA_04;1;0,3316;0,14205082926891;;;;
LUZBOA;5,75;;;LUZBOA_04;1;0,3845;0,14205082926891;;;;
LUZBOA;6,9;;;LUZBOA_04;1;0,4374;0,14205082926891;;;;
LUZBOA;10,35;;;LUZBOA_04;1;0,6261;0,14205082926891;;;;
LUZBOA;13,8;;;LUZBOA_04;1;0,7848;0,14205082926891;;;;
LUZBOA;17,25;;;LUZBOA_04;1;0,9435;0,14205082926891;;;;
LUZBOA;20,7;;;LUZBOA_04;1;1,1522;0,14205082926891;;;;
LUZBOA;1,15;;;LUZBOA_01;2;0,1859;0,165659055024804;0,096099313210658;;;
LUZBOA;2,3;;;LUZBOA_01;2;0,2388;0,165659055024804;0,096099313210658;;;
LUZBOA;3,45;;;LUZBOA_01;2;0,2917;0,165659055024804;0,096099313210658;;;
LUZBOA;4,6;;;LUZBOA_01;2;0,3646;0,165659055024804;0,096099313210658;;;
LUZBOA;5,75;;;LUZBOA_01;2;0,4175;0,165659055024804;0,096099313210658;;;
LUZBOA;6,9;;;LUZBOA_01;2;0,4704;0,165659055024804;0,096099313210658;;;
LUZBOA;10,35;;;LUZBOA_01;2;0,6591;0,165659055024804;0,096099313210658;;;
LUZBOA;13,8;;;LUZBOA_01;2;0,8178;0,165659055024804;0,096099313210658;;;
LUZBOA;17,25;;;LUZBOA_01;2;0,9765;0,165659055024804;0,096099313210658;;;
LUZBOA;20,7;;;LUZBOA_01;2;1,1852;0,165659055024804;0,096099313210658;;;
LUZBOA;1,15;;;LUZBOA_02;2;0,1529;0,165659055024804;0,096099313210658;;;
LUZBOA;2,3;;;LUZBOA_02;2;0,2058;0,165659055024804;0,096099313210658;;;
LUZBOA;3,45;;;LUZBOA_02;2;0,2587;0,165659055024804;0,096099313210658;;;
LUZBOA;4,6;;;LUZBOA_02;2;0,3316;0,165659055024804;0,096099313210658;;;
LUZBOA;5,75;;;LUZBOA_02;2;0,3845;0,165659055024804;0,096099313210658;;;
LUZBOA;6,9;;;LUZBOA_02;2;0,4374;0,165659055024804;0,096099313210658;;;
LUZBOA;10,35;;;LUZBOA_02;2;0,6261;0,165659055024804;0,096099313210658;;;
LUZBOA;13,8;;;LUZBOA_02;2;0,7848;0,165659055024804;0,096099313210658;;;
LUZBOA;17,25;;;LUZBOA_02;2;0,9435;0,165659055024804;0,096099313210658;;;
LUZBOA;20,7;;;LUZBOA_02;2;1,1522;0,165659055024804;0,096099313210658;;;
LUZBOA;1,15;;;LUZBOA_03;2;0,2529;0,170659055024804;0,101099313210658;;;
LUZBOA;2,3;;;LUZBOA_03;2;0,3058;0,170659055024804;0,101099313210658;;;
LUZBOA;3,45;;;LUZBOA_03;2;0,3587;0,170659055024804;0,101099313210658;;;
LUZBOA;4,6;;;LUZBOA_03;2;0,4116;0,170659055024804;0,101099313210658;;;
LUZBOA;5,75;;;LUZBOA_03;2;0,4645;0,170659055024804;0,101099313210658;;;
LUZBOA;6,9;;;LUZBOA_03;2;0,5174;0,170659055024804;0,101099313210658;;;
LUZBOA;10,35;;;LUZBOA_03;2;0,6761;0,170659055024804;0,101099313210658;;;
LUZBOA;13,8;;;LUZBOA_03;2;0,8348;0,170659055024804;0,101099313210658;;;
LUZBOA;17,25;;;LUZBOA_03;2;0,9935;0,170659055024804;0,101099313210658;;;
LUZBOA;20,7;;;LUZBOA_03;2;1,1522;0,170659055024804;0,101099313210658;;;
LUZBOA;1,15;;;LUZBOA_04;2;0,1529;0,165659055024804;0,096099313210658;;;
LUZBOA;2,3;;;LUZBOA_04;2;0,2058;0,165659055024804;0,096099313210658;;;
LUZBOA;3,45;;;LUZBOA_04;2;0,2587;0,165659055024804;0,096099313210658;;;
LUZBOA;4,6;;;LUZBOA_04;2;0,3316;0,165659055024804;0,096099313210658;;;
LUZBOA;5,75;;;LUZBOA_04;2;0,3845;0,165659055024804;0,096099313210658;;;
LUZBOA;6,9;;;LUZBOA_04;2;0,4374;0,165659055024804;0,096099313210658;;;
LUZBOA;10,35;;;LUZBOA_04;2;0,6261;0,165659055024804;0,096099313210658;;;
LUZBOA;13,8;;;LUZBOA_04;2;0,7848;0,165659055024804;0,096099313210658;;;
LUZBOA;17,25;;;LUZBOA_04;2;0,9435;0,165659055024804;0,096099313210658;;;
LUZBOA;20,7;;;LUZBOA_04;2;1,1522;0,165659055024804;0,096099313210658;;;
LUZBOA;1,15;;;LUZBOA_01;3;0,1859;0,329962203531473;0,121297795622137;0,096099313210658;;
LUZBOA;2,3;;;LUZBOA_01;3;0,2388;0,329962203531473;0,121297795622137;0,096099313210658;;
LUZBOA;3,45;;;LUZBOA_01;3;0,2917;0,329962203531473;0,121297795622137;0,096099313210658;;
LUZBOA;4,6;;;LUZBOA_01;3;0,3646;0,329962203531473;0,121297795622137;0,096099313210658;;
LUZBOA;5,75;;;LUZBOA_01;3;0,4175;0,329962203531473;0,121297795622137;0,096099313210658;;
LUZBOA;6,9;;;LUZBOA_01;3;0,4704;0,329962203531473;0,121297795622137;0,096099313210658;;
LUZBOA;10,35;;;LUZBOA_01;3;0,6591;0,329962203531473;0,121297795622137;0,096099313210658;;
LUZBOA;13,8;;;LUZBOA_01;3;0,8178;0,329962203531473;0,121297795622137;0,096099313210658;;
LUZBOA;17,25;;;LUZBOA_01;3;0,9765;0,329962203531473;0,121297795622137;0,096099313210658;;
LUZBOA;20,7;;;LUZBOA_01;3;1,1852;0,329962203531473;0,121297795622137;0,096099313210658;;
LUZBOA;27,6;;;LUZBOA_01;3;1,5029;0,329862203531473;0,133297795622137;0,095299313210658;;
LUZBOA;34,5;;;LUZBOA_01;3;1,8329;0,329862203531473;0,133297795622137;0,095299313210658;;
LUZBOA;41,4;;;LUZBOA_01;3;2,1629;0,329862203531473;0,133297795622137;0,095299313210658;;
LUZBOA;1,15;;;LUZBOA_02;3;0,1529;0,329962203531473;0,121297795622137;0,096099313210658;;
LUZBOA;2,3;;;LUZBOA_02;3;0,2058;0,329962203531473;0,121297795622137;0,096099313210658;;
LUZBOA;3,45;;;LUZBOA_02;3;0,2587;0,329962203531473;0,121297795622137;0,096099313210658;;
LUZBOA;4,6;;;LUZBOA_02;3;0,3316;0,329962203531473;0,121297795622137;0,096099313210658;;
LUZBOA;5,75;;;LUZBOA_02;3;0,3845;0,329962203531473;0,121297795622137;0,096099313210658;;
LUZBOA;6,9;;;LUZBOA_02;3;0,4374;0,329962203531473;0,121297795622137;0,096099313210658;;
LUZBOA;10,35;;;LUZBOA_02;3;0,6261;0,329962203531473;0,121297795622137;0,096099313210658;;
LUZBOA;13,8;;;LUZBOA_02;3;0,7848;0,329962203531473;0,121297795622137;0,096099313210658;;
LUZBOA;17,25;;;LUZBOA_02;3;0,9435;0,329962203531473;0,121297795622137;0,096099313210658;;
LUZBOA;20,7;;;LUZBOA_02;3;1,1522;0,329962203531473;0,121297795622137;0,096099313210658;;
LUZBOA;27,6;;;LUZBOA_02;3;1,4699;0,329862203531473;0,133297795622137;0,095299313210658;;
LUZBOA;34,5;;;LUZBOA_02;3;1,7999;0,329862203531473;0,133297795622137;0,095299313210658;;
LUZBOA;41,4;;;LUZBOA_02;3;2,1299;0,329862203531473;0,133297795622137;0,095299313210658;;
LUZBOA;1,15;;;LUZBOA_03;3;0,2529;0,334962203531473;0,126297795622137;0,101099313210658;;
LUZBOA;2,3;;;LUZBOA_03;3;0,3058;0,334962203531473;0,126297795622137;0,101099313210658;;
LUZBOA;3,45;;;LUZBOA_03;3;0,3587;0,334962203531473;0,126297795622137;0,101099313210658;;
LUZBOA;4,6;;;LUZBOA_03;3;0,4116;0,334962203531473;0,126297795622137;0,101099313210658;;
LUZBOA;5,75;;;LUZBOA_03;3;0,4645;0,334962203531473;0,126297795622137;0,101099313210658;;
LUZBOA;6,9;;;LUZBOA_03;3;0,5174;0,334962203531473;0,126297795622137;0,101099313210658;;
LUZBOA;10,35;;;LUZBOA_03;3;0,6761;0,334962203531473;0,126297795622137;0,101099313210658;;
LUZBOA;13,8;;;LUZBOA_03;3;0,8348;0,334962203531473;0,126297795622137;0,101099313210658;;
LUZBOA;17,25;;;LUZBOA_03;3;0,9935;0,334962203531473;0,126297795622137;0,101099313210658;;
LUZBOA;20,7;;;LUZBOA_03;3;1,1522;0,334962203531473;0,126297795622137;0,101099313210658;;
LUZBOA;27,6;;;LUZBOA_03;3;1,4699;0,334862203531473;0,138297795622137;0,100299313210658;;
LUZBOA;34,5;;;LUZBOA_03;3;1,7999;0,334862203531473;0,138297795622137;0,100299313210658;;
LUZBOA;41,4;;;LUZBOA_03;3;2,1299;0,334862203531473;0,138297795622137;0,100299313210658;;
LUZBOA;1,15;;;LUZBOA_04;3;0,1529;0,329962203531473;0,121297795622137;0,096099313210658;;
LUZBOA;2,3;;;LUZBOA_04;3;0,2058;0,329962203531473;0,121297795622137;0,096099313210658;;
LUZBOA;3,45;;;LUZBOA_04;3;0,2587;0,329962203531473;0,121297795622137;0,096099313210658;;
LUZBOA;4,6;;;LUZBOA_04;3;0,3316;0,329962203531473;0,121297795622137;0,096099313210658;;
LUZBOA;5,75;;;LUZBOA_04;3;0,3845;0,329962203531473;0,121297795622137;0,096099313210658;;
LUZBOA;6,9;;;LUZBOA_04;3;0,4374;0,329962203531473;0,121297795622137;0,096099313210658;;
LUZBOA;10,35;;;LUZBOA_04;3;0,6261;0,329962203531473;0,121297795622137;0,096099313210658;;
LUZBOA;13,8;;;LUZBOA_04;3;0,7848;0,329962203531473;0,121297795622137;0,096099313210658;;
LUZBOA;17,25;;;LUZBOA_04;3;0,9435;0,329962203531473;0,121297795622137;0,096099313210658;;
LUZBOA;20,7;;;LUZBOA_04;3;1,1522;0,329962203531473;0,121297795622137;0,096099313210658;;
LUZBOA;27,6;;;LUZBOA_04;3;1,4699;0,329862203531473;0,133297795622137;0,095299313210658;;
LUZBOA;34,5;;;LUZBOA_04;3;1,7999;0,329862203531473;0,133297795622137;0,095299313210658;;
LUZBOA;41,4;;;LUZBOA_04;3;2,1299;0,329862203531473;0,133297795622137;0,095299313210658;;
LUZIGAS;1,15;1;;LUZIGAS_01;1;0,1022;0,145318905;;;;
LUZIGAS;2,3;2;;LUZIGAS_01;1;0,1551;0,145318905;;;;
LUZIGAS;3,45;3;;LUZIGAS_01;1;0,208;0,145318905;;;;
LUZIGAS;4,6;4;;LUZIGAS_01;1;0,2938;0,145318905;;;;
LUZIGAS;5,75;;;LUZIGAS_01;1;0,3467;0,145318905;;;;
LUZIGAS;6,9;;;LUZIGAS_01;1;0,4653;0,145318905;;;;
LUZIGAS;10,35;;;LUZIGAS_01;1;0,624;0,145318905;;;;
LUZIGAS;13,8;;;LUZIGAS_01;1;0,9471;0,145318905;;;;
LUZIGAS;17,25;;;LUZIGAS_01;1;1,2045;0,145318905;;;;
LUZIGAS;20,7;;;LUZIGAS_01;1;1,5933;0,145318905;;;;
LUZIGAS;1,15;1;;LUZIGAS_02;1;0,1271;0,1649;;;;
LUZIGAS;2,3;2;;LUZIGAS_02;1;0,1781;0,1649;;;;
LUZIGAS;3,45;3;;LUZIGAS_02;1;0,2318;0,1649;;;;
LUZIGAS;4,6;4;;LUZIGAS_02;1;0,2937;0,1649;;;;
LUZIGAS;5,75;;;LUZIGAS_02;1;0,3456;0,1649;;;;
LUZIGAS;6,9;;;LUZIGAS_02;1;0,4009;0,1649;;;;
LUZIGAS;10,35;;;LUZIGAS_02;1;0,5631;0,1649;;;;
LUZIGAS;13,8;;;LUZIGAS_02;1;0,7214;0,1649;;;;
LUZIGAS;17,25;;;LUZIGAS_02;1;0,8845;0,1649;;;;
LUZIGAS;20,7;;;LUZIGAS_02;1;1,0436;0,1649;;;;
LUZIGAS;1,15;1;;LUZIGAS_03;1;;;;;0,0708392405063291;0,08569817738
LUZIGAS;2,3;2;;LUZIGAS_03;1;;;;;0,102263461538462;0,08060617738
LUZIGAS;3,45;3;;LUZIGAS_03;1;;;;;0,137223170731707;0,07765717738
LUZIGAS;4,6;4;;LUZIGAS_03;1;;;;;0,1827;0,07637517738
LUZIGAS;1,15;1;;LUZIGAS_04;1;0,12504;0,156871905;;;;
LUZIGAS;2,3;2;;LUZIGAS_04;1;0,17396;0,156871905;;;;
LUZIGAS;3,45;3;;LUZIGAS_04;1;0,22558;0,156871905;;;;
LUZIGAS;4,6;4;;LUZIGAS_04;1;0,28542;0,156871905;;;;
LUZIGAS;5,75;;;LUZIGAS_04;1;0,33524;0,156871905;;;;
LUZIGAS;6,9;;;LUZIGAS_04;1;0,4009;0,156871905;;;;
LUZIGAS;10,35;;;LUZIGAS_04;1;0,5631;0,156871905;;;;
LUZIGAS;13,8;;;LUZIGAS_04;1;0,7214;0,156871905;;;;
LUZIGAS;17,25;;;LUZIGAS_04;1;0,8845;0,156871905;;;;
LUZIGAS;20,7;;;LUZIGAS_04;1;1,0436;0,156871905;;;;
LUZIGAS;1,15;;;LUZIGAS_01;2;0,1022;0,169323265;0,09911854;;;
LUZIGAS;2,3;;;LUZIGAS_01;2;0,1551;0,169323265;0,09911854;;;
LUZIGAS;3,45;;;LUZIGAS_01;2;0,208;0,169323265;0,09911854;;;
LUZIGAS;4,6;;;LUZIGAS_01;2;0,2938;0,169323265;0,09911854;;;
LUZIGAS;5,75;;;LUZIGAS_01;2;0,3467;0,169323265;0,09911854;;;
LUZIGAS;6,9;;;LUZIGAS_01;2;0,4653;0,169323265;0,09911854;;;
LUZIGAS;10,35;;;LUZIGAS_01;2;0,624;0,169323265;0,09911854;;;
LUZIGAS;13,8;;;LUZIGAS_01;2;0,9471;0,169323265;0,09911854;;;
LUZIGAS;17,25;;;LUZIGAS_01;2;1,2045;0,169323265;0,09911854;;;
LUZIGAS;20,7;;;LUZIGAS_01;2;1,5933;0,169323265;0,09911854;;;
LUZIGAS;1,15;;;LUZIGAS_02;2;0,1271;0,1892;0,1185;;;
LUZIGAS;2,3;;;LUZIGAS_02;2;0,1781;0,1892;0,1185;;;
LUZIGAS;3,45;;;LUZIGAS_02;2;0,245;0,1892;0,1185;;;
LUZIGAS;4,6;;;LUZIGAS_02;2;0,3042;0,1892;0,1185;;;
LUZIGAS;5,75;;;LUZIGAS_02;2;0,3569;0,1892;0,1185;;;
LUZIGAS;6,9;;;LUZIGAS_02;2;0,4098;0,1892;0,1185;;;
LUZIGAS;10,35;;;LUZIGAS_02;2;0,5675;0,1892;0,1185;;;
LUZIGAS;13,8;;;LUZIGAS_02;2;0,7259;0,1892;0,1185;;;
LUZIGAS;17,25;;;LUZIGAS_02;2;0,8943;0,1892;0,1185;;;
LUZIGAS;20,7;;;LUZIGAS_02;2;1,0546;0,1892;0,1185;;;
LUZIGAS;1,15;;;LUZIGAS_04;2;0,12504;0,181012265;0,11052254;;;
LUZIGAS;2,3;;;LUZIGAS_04;2;0,17396;0,181012265;0,11052254;;;
LUZIGAS;3,45;;;LUZIGAS_04;2;0,23878;0,181012265;0,11052254;;;
LUZIGAS;4,6;;;LUZIGAS_04;2;0,29592;0,181012265;0,11052254;;;
LUZIGAS;5,75;;;LUZIGAS_04;2;0,34654;0,181012265;0,11052254;;;
LUZIGAS;6,9;;;LUZIGAS_04;2;0,4098;0,181012265;0,11052254;;;
LUZIGAS;10,35;;;LUZIGAS_04;2;0,5675;0,181012265;0,11052254;;;
LUZIGAS;13,8;;;LUZIGAS_04;2;0,7259;0,181012265;0,11052254;;;
LUZIGAS;17,25;;;LUZIGAS_04;2;0,8943;0,181012265;0,11052254;;;
LUZIGAS;20,7;;;LUZIGAS_04;2;1,0546;0,181012265;0,11052254;;;
LUZIGAS;1,15;;;LUZIGAS_01;3;0,1022;0,333474355;0,125049415;0,09911854;;
LUZIGAS;2,3;;;LUZIGAS_01;3;0,1551;0,333474355;0,125049415;0,09911854;;
LUZIGAS;3,45;;;LUZIGAS_01;3;0,208;0,333474355;0,125049415;0,09911854;;
LUZIGAS;4,6;;;LUZIGAS_01;3;0,2938;0,333474355;0,125049415;0,09911854;;
LUZIGAS;5,75;;;LUZIGAS_01;3;0,3467;0,333474355;0,125049415;0,09911854;;
LUZIGAS;6,9;;;LUZIGAS_01;3;0,4653;0,333474355;0,125049415;0,09911854;;
LUZIGAS;10,35;;;LUZIGAS_01;3;0,624;0,333474355;0,125049415;0,09911854;;
LUZIGAS;13,8;;;LUZIGAS_01;3;0,9471;0,333474355;0,125049415;0,09911854;;
LUZIGAS;17,25;;;LUZIGAS_01;3;1,2045;0,333474355;0,125049415;0,09911854;;
LUZIGAS;20,7;;;LUZIGAS_01;3;1,5933;0,333474355;0,125049415;0,09911854;;
LUZIGAS;27,6;;;LUZIGAS_01;3;1,861;0,333374355;0,137049415;0,09831854;;
LUZIGAS;34,5;;;LUZIGAS_01;3;2,2646;0,333374355;0,137049415;0,09831854;;
LUZIGAS;41,4;;;LUZIGAS_01;3;2,6354;0,333374355;0,137049415;0,09831854;;
LUZIGAS;3,45;;;LUZIGAS_02;3;0,245;0,3533;0,1569;0,1177;;
LUZIGAS;4,6;;;LUZIGAS_02;3;0,3042;0,3533;0,1569;0,1177;;
LUZIGAS;5,75;;;LUZIGAS_02;3;0,3569;0,3533;0,1569;0,1177;;
LUZIGAS;6,9;;;LUZIGAS_02;3;0,4098;0,3533;0,1569;0,1177;;
LUZIGAS;10,35;;;LUZIGAS_02;3;0,5675;0,3533;0,1569;0,1177;;
LUZIGAS;13,8;;;LUZIGAS_02;3;0,7259;0,3533;0,1569;0,1177;;
LUZIGAS;17,25;;;LUZIGAS_02;3;0,8943;0,3533;0,1569;0,1177;;
LUZIGAS;20,7;;;LUZIGAS_02;3;1,0546;0,3533;0,1569;0,1177;;
LUZIGAS;27,6;;;LUZIGAS_02;3;1,3059;0,3533;0,1569;0,1177;;
LUZIGAS;34,5;;;LUZIGAS_02;3;1,6128;0,3533;0,1569;0,1177;;
LUZIGAS;41,4;;;LUZIGAS_02;3;1,9211;0,3533;0,1569;0,1177;;
LUZIGAS;1,15;;;LUZIGAS_04;3;0,12504;0,345197355;0,136728415;0,11052254;;
LUZIGAS;2,3;;;LUZIGAS_04;3;0,17396;0,345197355;0,136728415;0,11052254;;
LUZIGAS;3,45;;;LUZIGAS_04;3;0,23878;0,345197355;0,136728415;0,11052254;;
LUZIGAS;4,6;;;LUZIGAS_04;3;0,29592;0,345197355;0,136728415;0,11052254;;
LUZIGAS;5,75;;;LUZIGAS_04;3;0,34654;0,345197355;0,136728415;0,11052254;;
LUZIGAS;6,9;;;LUZIGAS_04;3;0,4098;0,345197355;0,136728415;0,11052254;;
LUZIGAS;10,35;;;LUZIGAS_04;3;0,5675;0,345197355;0,136728415;0,11052254;;
LUZIGAS;13,8;;;LUZIGAS_04;3;0,7259;0,345197355;0,136728415;0,11052254;;
LUZIGAS;17,25;;;LUZIGAS_04;3;0,8943;0,345197355;0,136728415;0,11052254;;
LUZIGAS;20,7;;;LUZIGAS_04;3;1,0546;0,345197355;0,136728415;0,11052254;;
LUZIGAS;27,6;;;LUZIGAS_04;3;1,3059;0,345097355;0,148728415;0,10972254;;
LUZIGAS;34,5;;;LUZIGAS_04;3;1,6128;0,345097355;0,148728415;0,10972254;;
LUZIGAS;41,4;;;LUZIGAS_04;3;1,9211;0,345097355;0,148728415;0,10972254;;
MEOENERGIA;1,15;1;;MEOENERGIA_02;1;0,15;0,1499;;;;
MEOENERGIA;2,3;2;;MEOENERGIA_02;1;0,2;0,1499;;;;
MEOENERGIA;3,45;3;;MEOENERGIA_02;1;0,27;0,1499;;;;
MEOENERGIA;4,6;4;;MEOENERGIA_02;1;0,38;0,1499;;;;
MEOENERGIA;5,75;;;MEOENERGIA_02;1;0,47;0,1499;;;;
MEOENERGIA;6,9;;;MEOENERGIA_02;1;0,55;0,1499;;;;
MEOENERGIA;10,35;;;MEOENERGIA_02;1;0,65;0,1499;;;;
MEOENERGIA;13,8;;;MEOENERGIA_02;1;0,8;0,1499;;;;
MEOENERGIA;17,25;;;MEOENERGIA_02;1;0,99;0,1499;;;;
MEOENERGIA;20,7;;;MEOENERGIA_02;1;1,15;0,1499;;;;
MEOENERGIA;1,15;1;;MEOENERGIA_03;1;0,15;0,1699;;;;
MEOENERGIA;2,3;2;;MEOENERGIA_03;1;0,2;0,1699;;;;
MEOENERGIA;3,45;3;;MEOENERGIA_03;1;0,27;0,1699;;;;
MEOENERGIA;4,6;4;;MEOENERGIA_03;1;0,38;0,1699;;;;
MEOENERGIA;5,75;;;MEOENERGIA_03;1;0,47;0,1699;;;;
MEOENERGIA;6,9;;;MEOENERGIA_03;1;0,55;0,1699;;;;
MEOENERGIA;10,35;;;MEOENERGIA_03;1;0,65;0,1699;;;;
MEOENERGIA;13,8;;;MEOENERGIA_03;1;0,8;0,1699;;;;
MEOENERGIA;17,25;;;MEOENERGIA_03;1;0,99;0,1699;;;;
MEOENERGIA;20,7;;;MEOENERGIA_03;1;1,15;0,1699;;;;
MEOENERGIA;3,45;;;MEOENERGIA_02;2;0,27;0,1799;0,0999;;;
MEOENERGIA;4,6;;;MEOENERGIA_02;2;0,38;0,1799;0,0999;;;
MEOENERGIA;5,75;;;MEOENERGIA_02;2;0,47;0,1799;0,0999;;;
MEOENERGIA;6,9;;;MEOENERGIA_02;2;0,55;0,1799;0,0999;;;
MEOENERGIA;10,35;;;MEOENERGIA_02;2;0,65;0,1799;0,0999;;;
MEOENERGIA;13,8;;;MEOENERGIA_02;2;0,8;0,1799;0,0999;;;
MEOENERGIA;17,25;;;MEOENERGIA_02;2;0,99;0,1799;0,0999;;;
MEOENERGIA;20,7;;;MEOENERGIA_02;2;1,15;0,1799;0,0999;;;
MEOENERGIA;3,45;;;MEOENERGIA_03;2;0,27;0,1999;0,1199;;;
MEOENERGIA;4,6;;;MEOENERGIA_03;2;0,38;0,1999;0,1199;;;
MEOENERGIA;5,75;;;MEOENERGIA_03;2;0,47;0,1999;0,1199;;;
MEOENERGIA;6,9;;;MEOENERGIA_03;2;0,55;0,1999;0,1199;;;
MEOENERGIA;10,35;;;MEOENERGIA_03;2;0,65;0,1999;0,1199;;;
MEOENERGIA;13,8;;;MEOENERGIA_03;2;0,8;0,1999;0,1199;;;
MEOENERGIA;17,25;;;MEOENERGIA_03;2;0,99;0,1999;0,1199;;;
MEOENERGIA;20,7;;;MEOENERGIA_03;2;1,15;0,1999;0,1199;;;
MEOENERGIA;27,6;;;MEOENERGIA_02;3;1,5;0,3299;0,1499;0,0999;;
MEOENERGIA;34,5;;;MEOENERGIA_02;3;2;0,3299;0,1499;0,0999;;
MEOENERGIA;41,4;;;MEOENERGIA_02;3;2,5;0,3299;0,1499;0,0999;;
MEOENERGIA;27,6;;;MEOENERGIA_03;3;1,5;0,3499;0,1699;0,1199;;
MEOENERGIA;34,5;;;MEOENERGIA_03;3;2;0,3499;0,1699;0,1199;;
MEOENERGIA;41,4;;;MEOENERGIA_03;3;2,5;0,3499;0,1699;0,1199;;
MOEVE;1,15;1;;MOEVE_01;1;0,0529;0,170342195696636;;;;
MOEVE;2,3;2;;MOEVE_01;1;0,1058;0,170342195696636;;;;
MOEVE;3,45;3;;MOEVE_01;1;0,1587;0,170342195696636;;;;
MOEVE;4,6;4;;MOEVE_01;1;0,2116;0,170342195696636;;;;
MOEVE;5,75;;;MOEVE_01;1;0,2645;0,170342195696636;;;;
MOEVE;6,9;;;MOEVE_01;1;0,3174;0,170342195696636;;;;
MOEVE;10,35;;;MOEVE_01;1;0,4761;0,170342195696636;;;;
MOEVE;13,8;;;MOEVE_01;1;0,6348;0,170342195696636;;;;
MOEVE;17,25;;;MOEVE_01;1;0,7935;0,170342195696636;;;;
MOEVE;20,7;;;MOEVE_01;1;0,9522;0,170342195696636;;;;
MOEVE;1,15;;;MOEVE_01;2;0,0529;0,198071908976;0,127142198161;;;
MOEVE;2,3;;;MOEVE_01;2;0,1058;0,198071908976;0,127142198161;;;
MOEVE;3,45;;;MOEVE_01;2;0,1587;0,198071908976;0,127142198161;;;
MOEVE;4,6;;;MOEVE_01;2;0,2116;0,198071908976;0,127142198161;;;
MOEVE;5,75;;;MOEVE_01;2;0,2645;0,198071908976;0,127142198161;;;
MOEVE;6,9;;;MOEVE_01;2;0,3174;0,198071908976;0,127142198161;;;
MOEVE;10,35;;;MOEVE_01;2;0,4761;0,198071908976;0,127142198161;;;
MOEVE;13,8;;;MOEVE_01;2;0,6348;0,198071908976;0,127142198161;;;
MOEVE;17,25;;;MOEVE_01;2;0,7935;0,198071908976;0,127142198161;;;
MOEVE;20,7;;;MOEVE_01;2;0,9522;0,198071908976;0,127142198161;;;
MOEVE;1,15;;;MOEVE_01;3;0,0529;0,35732224951;0,1523718976834;0,12714194661;;
MOEVE;2,3;;;MOEVE_01;3;0,1058;0,35732224951;0,1523718976834;0,12714194661;;
MOEVE;3,45;;;MOEVE_01;3;0,1587;0,35732224951;0,1523718976834;0,12714194661;;
MOEVE;4,6;;;MOEVE_01;3;0,2116;0,35732224951;0,1523718976834;0,12714194661;;
MOEVE;5,75;;;MOEVE_01;3;0,2645;0,35732224951;0,1523718976834;0,12714194661;;
MOEVE;6,9;;;MOEVE_01;3;0,3174;0,35732224951;0,1523718976834;0,12714194661;;
MOEVE;10,35;;;MOEVE_01;3;0,4761;0,35732224951;0,1523718976834;0,12714194661;;
MOEVE;13,8;;;MOEVE_01;3;0,6348;0,35732224951;0,1523718976834;0,12714194661;;
MOEVE;17,25;;;MOEVE_01;3;0,7935;0,35732224951;0,1523718976834;0,12714194661;;
MOEVE;20,7;;;MOEVE_01;3;0,9522;0,35732224951;0,1523718976834;0,12714194661;;
MOEVE;27,6;;;MOEVE_01;3;1,2199;0,35722224951;0,1643718976834;0,12634194661;;
MOEVE;34,5;;;MOEVE_01;3;1,5249;0,35722224951;0,1643718976834;0,12634194661;;
MOEVE;41,4;;;MOEVE_01;3;1,8299;0,35722224951;0,1643718976834;0,12634194661;;
MUON;1,15;1;;MUON_01;1;0,165;0,159;;;;
MUON;2,3;2;;MUON_01;1;0,2257;0,159;;;;
MUON;3,45;3;;MUON_01;1;0,2819;0,159;;;;
MUON;4,6;4;;MUON_01;1;0,3795;0,159;;;;
MUON;5,75;;;MUON_01;1;0,4503;0,159;;;;
MUON;6,9;;;MUON_01;1;0,5389;0,159;;;;
MUON;10,35;;;MUON_01;1;0,6882;0,159;;;;
MUON;13,8;;;MUON_01;1;0,8995;0,159;;;;
MUON;17,25;;;MUON_01;1;1,1124;0,159;;;;
MUON;20,7;;;MUON_01;1;1,3191;0,159;;;;
MUON;1,15;1;;MUON_02;1;0,165;0,159;;;;
MUON;2,3;2;;MUON_02;1;0,2257;0,159;;;;
MUON;3,45;3;;MUON_02;1;0,2819;0,159;;;;
MUON;4,6;4;;MUON_02;1;0,3795;0,159;;;;
MUON;5,75;;;MUON_02;1;0,4503;0,159;;;;
MUON;6,9;;;MUON_02;1;0,5389;0,159;;;;
MUON;10,35;;;MUON_02;1;0,6882;0,159;;;;
MUON;13,8;;;MUON_02;1;0,8995;0,159;;;;
MUON;17,25;;;MUON_02;1;1,1124;0,159;;;;
MUON;20,7;;;MUON_02;1;1,3191;0,159;;;;
MUON;1,15;1;;MUON_03;1;0,1194;0,1540701762;;;;
MUON;2,3;2;;MUON_03;1;0,1916;0,1540701762;;;;
MUON;3,45;3;;MUON_03;1;0,2273;0,1540701762;;;;
MUON;4,6;4;;MUON_03;1;0,2968;0,1540701762;;;;
MUON;5,75;;;MUON_03;1;0,3724;0,1540701762;;;;
MUON;6,9;;;MUON_03;1;0,4528;0,1540701762;;;;
MUON;10,35;;;MUON_03;1;0,6725;0,1540701762;;;;
MUON;13,8;;;MUON_03;1;0,8876;0,1540701762;;;;
MUON;17,25;;;MUON_03;1;1,1449;0,1540701762;;;;
MUON;20,7;;;MUON_03;1;1,3475;0,1540701762;;;;
MUON;1,15;1;;MUON_04;1;0,1194;0,1540701762;;;;
MUON;2,3;2;;MUON_04;1;0,1916;0,1540701762;;;;
MUON;3,45;3;;MUON_04;1;0,2273;0,1540701762;;;;
MUON;4,6;4;;MUON_04;1;0,2968;0,1540701762;;;;
MUON;5,75;;;MUON_04;1;0,3724;0,1540701762;;;;
MUON;6,9;;;MUON_04;1;0,4528;0,1540701762;;;;
MUON;10,35;;;MUON_04;1;0,6725;0,1540701762;;;;
MUON;13,8;;;MUON_04;1;0,8876;0,1540701762;;;;
MUON;17,25;;;MUON_04;1;1,1449;0,1540701762;;;;
MUON;20,7;;;MUON_04;1;1,3475;0,1540701762;;;;
MUON;3,45;;;MUON_01;2;0,2819;0,1863;0,1096;;;
MUON;4,6;;;MUON_01;2;0,3795;0,1863;0,1096;;;
MUON;5,75;;;MUON_01;2;0,4503;0,1863;0,1096;;;
MUON;6,9;;;MUON_01;2;0,5389;0,1863;0,1096;;;
MUON;10,35;;;MUON_01;2;0,6882;0,1863;0,1096;;;
MUON;13,8;;;MUON_01;2;0,8995;0,1863;0,1096;;;
MUON;17,25;;;MUON_01;2;1,1124;0,1863;0,1096;;;
MUON;20,7;;;MUON_01;2;1,3191;0,1863;0,1096;;;
MUON;3,45;;;MUON_02;2;0,2819;0,1863;0,1096;;;
MUON;4,6;;;MUON_02;2;0,3795;0,1863;0,1096;;;
MUON;5,75;;;MUON_02;2;0,4503;0,1863;0,1096;;;
MUON;6,9;;;MUON_02;2;0,5389;0,1863;0,1096;;;
MUON;10,35;;;MUON_02;2;0,6882;0,1863;0,1096;;;
MUON;13,8;;;MUON_02;2;0,8995;0,1863;0,1096;;;
MUON;17,25;;;MUON_02;2;1,1124;0,1863;0,1096;;;
MUON;20,7;;;MUON_02;2;1,3191;0,1863;0,1096;;;
MUON;1,15;;;MUON_03;2;0,1194;0,1778021858;0,1079505914;;;
MUON;2,3;;;MUON_03;2;0,1916;0,1778021858;0,1079505914;;;
MUON;3,45;;;MUON_03;2;0,2273;0,1778021858;0,1079505914;;;
MUON;4,6;;;MUON_03;2;0,2968;0,1778021858;0,1079505914;;;
MUON;5,75;;;MUON_03;2;0,3724;0,1778021858;0,1079505914;;;
MUON;6,9;;;MUON_03;2;0,4528;0,1778021858;0,1079505914;;;
MUON;10,35;;;MUON_03;2;0,6725;0,1778021858;0,1079505914;;;
MUON;13,8;;;MUON_03;2;0,8876;0,1778021858;0,1079505914;;;
MUON;17,25;;;MUON_03;2;1,1449;0,1778021858;0,1079505914;;;
MUON;20,7;;;MUON_03;2;1,3475;0,1778021858;0,1079505914;;;
MUON;1,15;;;MUON_04;2;0,1194;0,1778021858;0,1079505914;;;
MUON;2,3;;;MUON_04;2;0,1916;0,1778021858;0,1079505914;;;
MUON;3,45;;;MUON_04;2;0,2273;0,1778021858;0,1079505914;;;
MUON;4,6;;;MUON_04;2;0,2968;0,1778021858;0,1079505914;;;
MUON;5,75;;;MUON_04;2;0,3724;0,1778021858;0,1079505914;;;
MUON;6,9;;;MUON_04;2;0,4528;0,1778021858;0,1079505914;;;
MUON;10,35;;;MUON_04;2;0,6725;0,1778021858;0,1079505914;;;
MUON;13,8;;;MUON_04;2;0,8876;0,1778021858;0,1079505914;;;
MUON;17,25;;;MUON_04;2;1,1449;0,1778021858;0,1079505914;;;
MUON;20,7;;;MUON_04;2;1,3475;0,1778021858;0,1079505914;;;
MUON;3,45;;;MUON_01;3;0,2819;0,3534;0,1389;0,1096;;
MUON;4,6;;;MUON_01;3;0,3795;0,3534;0,1389;0,1096;;
MUON;5,75;;;MUON_01;3;0,4503;0,3534;0,1389;0,1096;;
MUON;6,9;;;MUON_01;3;0,5389;0,3534;0,1389;0,1096;;
MUON;10,35;;;MUON_01;3;0,6882;0,3534;0,1389;0,1096;;
MUON;13,8;;;MUON_01;3;0,8995;0,3534;0,1389;0,1096;;
MUON;17,25;;;MUON_01;3;1,1124;0,3534;0,1389;0,1096;;
MUON;20,7;;;MUON_01;3;1,3191;0,3534;0,1389;0,1096;;
MUON;27,6;;;MUON_01;3;1,5976;0,3533;0,1509;0,1088;;
MUON;34,5;;;MUON_01;3;1,9646;0,3533;0,1509;0,1088;;
MUON;41,4;;;MUON_01;3;2,3278;0,3533;0,1509;0,1088;;
MUON;3,45;;;MUON_02;3;0,2819;0,3534;0,1389;0,1096;;
MUON;4,6;;;MUON_02;3;0,3795;0,3534;0,1389;0,1096;;
MUON;5,75;;;MUON_02;3;0,4503;0,3534;0,1389;0,1096;;
MUON;6,9;;;MUON_02;3;0,5389;0,3534;0,1389;0,1096;;
MUON;10,35;;;MUON_02;3;0,6882;0,3534;0,1389;0,1096;;
MUON;13,8;;;MUON_02;3;0,8995;0,3534;0,1389;0,1096;;
MUON;17,25;;;MUON_02;3;1,1124;0,3534;0,1389;0,1096;;
MUON;20,7;;;MUON_02;3;1,3191;0,3534;0,1389;0,1096;;
MUON;27,6;;;MUON_02;3;1,5976;0,3533;0,1509;0,1088;;
MUON;34,5;;;MUON_02;3;1,9646;0,3533;0,1509;0,1088;;
MUON;41,4;;;MUON_02;3;2,3278;0,3533;0,1509;0,1088;;
MUON;1,15;;;MUON_03;3;0,1194;0,342087798;0,1334126476;0,1079505914;;
MUON;2,3;;;MUON_03;3;0,1916;0,342087798;0,1334126476;0,1079505914;;
MUON;3,45;;;MUON_03;3;0,2273;0,342087798;0,1334126476;0,1079505914;;
MUON;4,6;;;MUON_03;3;0,2968;0,342087798;0,1334126476;0,1079505914;;
MUON;5,75;;;MUON_03;3;0,3724;0,342087798;0,1334126476;0,1079505914;;
MUON;6,9;;;MUON_03;3;0,4528;0,342087798;0,1334126476;0,1079505914;;
MUON;10,35;;;MUON_03;3;0,6725;0,342087798;0,1334126476;0,1079505914;;
MUON;13,8;;;MUON_03;3;0,8876;0,342087798;0,1334126476;0,1079505914;;
MUON;17,25;;;MUON_03;3;1,1449;0,342087798;0,1334126476;0,1079505914;;
MUON;20,7;;;MUON_03;3;1,3475;0,342087798;0,1334126476;0,1079505914;;
MUON;27,6;;;MUON_03;3;1,7468;0,341987798;0,1454126476;0,1071505914;;
MUON;34,5;;;MUON_03;3;2,1932;0,341987798;0,1454126476;0,1071505914;;
MUON;41,4;;;MUON_03;3;2,6238;0,341987798;0,1454126476;0,1071505914;;
MUON;1,15;;;MUON_04;3;0,1194;0,342087798;0,1334126476;0,1079505914;;
MUON;2,3;;;MUON_04;3;0,1916;0,342087798;0,1334126476;0,1079505914;;
MUON;3,45;;;MUON_04;3;0,2273;0,342087798;0,1334126476;0,1079505914;;
MUON;4,6;;;MUON_04;3;0,2968;0,342087798;0,1334126476;0,1079505914;;
MUON;5,75;;;MUON_04;3;0,3724;0,342087798;0,1334126476;0,1079505914;;
MUON;6,9;;;MUON_04;3;0,4528;0,342087798;0,1334126476;0,1079505914;;
MUON;10,35;;;MUON_04;3;0,6725;0,342087798;0,1334126476;0,1079505914;;
MUON;13,8;;;MUON_04;3;0,8876;0,342087798;0,1334126476;0,1079505914;;
MUON;17,25;;;MUON_04;3;1,1449;0,342087798;0,1334126476;0,1079505914;;
MUON;20,7;;;MUON_04;3;1,3475;0,342087798;0,1334126476;0,1079505914;;
MUON;27,6;;;MUON_04;3;1,7468;0,341987798;0,1454126476;0,1071505914;;
MUON;34,5;;;MUON_04;3;2,1932;0,341987798;0,1454126476;0,1071505914;;
MUON;41,4;;;MUON_04;3;2,6238;0,341987798;0,1454126476;0,1071505914;;
NABALIAENERGIA;1,15;1;;NABALIAENERGIA_01;1;0,0529;0,16709;;;;
NABALIAENERGIA;2,3;2;;NABALIAENERGIA_01;1;0,1058;0,16709;;;;
NABALIAENERGIA;3,45;3;;NABALIAENERGIA_01;1;0,1587;0,16709;;;;
NABALIAENERGIA;4,6;4;;NABALIAENERGIA_01;1;0,2116;0,16709;;;;
NABALIAENERGIA;5,75;;;NABALIAENERGIA_01;1;0,2645;0,16709;;;;
NABALIAENERGIA;6,9;;;NABALIAENERGIA_01;1;0,3174;0,16709;;;;
NABALIAENERGIA;10,35;;;NABALIAENERGIA_01;1;0,4761;0,16709;;;;
NABALIAENERGIA;13,8;;;NABALIAENERGIA_01;1;0,6348;0,16709;;;;
NABALIAENERGIA;17,25;;;NABALIAENERGIA_01;1;0,7935;0,16709;;;;
NABALIAENERGIA;20,7;;;NABALIAENERGIA_01;1;0,9522;0,16709;;;;
NABALIAENERGIA;1,15;1;;NABALIAENERGIA_02;1;0,0529;0,1658;;;;
NABALIAENERGIA;2,3;2;;NABALIAENERGIA_02;1;0,1058;0,1658;;;;
NABALIAENERGIA;3,45;3;;NABALIAENERGIA_02;1;0,1587;0,1658;;;;
NABALIAENERGIA;4,6;4;;NABALIAENERGIA_02;1;0,2116;0,1658;;;;
NABALIAENERGIA;5,75;;;NABALIAENERGIA_02;1;0,2645;0,1658;;;;
NABALIAENERGIA;6,9;;;NABALIAENERGIA_02;1;0,3174;0,1658;;;;
NABALIAENERGIA;10,35;;;NABALIAENERGIA_02;1;0,4761;0,1658;;;;
NABALIAENERGIA;13,8;;;NABALIAENERGIA_02;1;0,6348;0,1658;;;;
NABALIAENERGIA;17,25;;;NABALIAENERGIA_02;1;0,7935;0,1658;;;;
NABALIAENERGIA;20,7;;;NABALIAENERGIA_02;1;0,9522;0,1658;;;;
NABALIAENERGIA;1,15;1;;NABALIAENERGIA_03;1;0,0529;0,16709;;;;
NABALIAENERGIA;2,3;2;;NABALIAENERGIA_03;1;0,1058;0,16709;;;;
NABALIAENERGIA;3,45;3;;NABALIAENERGIA_03;1;0,1587;0,16709;;;;
NABALIAENERGIA;4,6;4;;NABALIAENERGIA_03;1;0,2116;0,16709;;;;
NABALIAENERGIA;5,75;;;NABALIAENERGIA_03;1;0,2645;0,16709;;;;
NABALIAENERGIA;6,9;;;NABALIAENERGIA_03;1;0,3174;0,16709;;;;
NABALIAENERGIA;10,35;;;NABALIAENERGIA_03;1;0,4761;0,16709;;;;
NABALIAENERGIA;13,8;;;NABALIAENERGIA_03;1;0,6348;0,16709;;;;
NABALIAENERGIA;17,25;;;NABALIAENERGIA_03;1;0,7935;0,16709;;;;
NABALIAENERGIA;20,7;;;NABALIAENERGIA_03;1;0,9522;0,16709;;;;
NABALIAENERGIA;1,15;1;;NABALIAENERGIA_04;1;0,0529;0,1658;;;;
NABALIAENERGIA;2,3;2;;NABALIAENERGIA_04;1;0,1058;0,1658;;;;
NABALIAENERGIA;3,45;3;;NABALIAENERGIA_04;1;0,1587;0,1658;;;;
NABALIAENERGIA;4,6;4;;NABALIAENERGIA_04;1;0,2116;0,1658;;;;
NABALIAENERGIA;5,75;;;NABALIAENERGIA_04;1;0,2645;0,1658;;;;
NABALIAENERGIA;6,9;;;NABALIAENERGIA_04;1;0,3174;0,1658;;;;
NABALIAENERGIA;10,35;;;NABALIAENERGIA_04;1;0,4761;0,1658;;;;
NABALIAENERGIA;13,8;;;NABALIAENERGIA_04;1;0,6348;0,1658;;;;
NABALIAENERGIA;17,25;;;NABALIAENERGIA_04;1;0,7935;0,1658;;;;
NABALIAENERGIA;20,7;;;NABALIAENERGIA_04;1;0,9522;0,1658;;;;
NABALIAENERGIA;1,15;1;;NABALIAENERGIA_05;1;0,0529;0,16769;;;;
NABALIAENERGIA;2,3;2;;NABALIAENERGIA_05;1;0,1058;0,16769;;;;
NABALIAENERGIA;3,45;3;;NABALIAENERGIA_05;1;0,1587;0,16769;;;;
NABALIAENERGIA;4,6;4;;NABALIAENERGIA_05;1;0,2116;0,16769;;;;
NABALIAENERGIA;5,75;;;NABALIAENERGIA_05;1;0,2645;0,16769;;;;
NABALIAENERGIA;6,9;;;NABALIAENERGIA_05;1;0,3174;0,16769;;;;
NABALIAENERGIA;10,35;;;NABALIAENERGIA_05;1;0,4761;0,16769;;;;
NABALIAENERGIA;13,8;;;NABALIAENERGIA_05;1;0,6348;0,16769;;;;
NABALIAENERGIA;17,25;;;NABALIAENERGIA_05;1;0,7935;0,16769;;;;
NABALIAENERGIA;20,7;;;NABALIAENERGIA_05;1;0,9522;0,16769;;;;
NABALIAENERGIA;1,15;1;;NABALIAENERGIA_06;1;0,0529;0,1562628255;;;;
NABALIAENERGIA;2,3;2;;NABALIAENERGIA_06;1;0,1058;0,1562628255;;;;
NABALIAENERGIA;3,45;3;;NABALIAENERGIA_06;1;0,1587;0,1562628255;;;;
NABALIAENERGIA;4,6;4;;NABALIAENERGIA_06;1;0,2116;0,1562628255;;;;
NABALIAENERGIA;5,75;;;NABALIAENERGIA_06;1;0,2645;0,1562628255;;;;
NABALIAENERGIA;6,9;;;NABALIAENERGIA_06;1;0,3174;0,1562628255;;;;
NABALIAENERGIA;10,35;;;NABALIAENERGIA_06;1;0,4761;0,1562628255;;;;
NABALIAENERGIA;13,8;;;NABALIAENERGIA_06;1;0,6348;0,1562628255;;;;
NABALIAENERGIA;17,25;;;NABALIAENERGIA_06;1;0,7935;0,1562628255;;;;
NABALIAENERGIA;20,7;;;NABALIAENERGIA_06;1;0,9522;0,1562628255;;;;
NABALIAENERGIA;1,15;1;;NABALIAENERGIA_07;1;0,0529;0,1565628255;;;;
NABALIAENERGIA;2,3;2;;NABALIAENERGIA_07;1;0,1058;0,1565628255;;;;
NABALIAENERGIA;3,45;3;;NABALIAENERGIA_07;1;0,1587;0,1565628255;;;;
NABALIAENERGIA;4,6;4;;NABALIAENERGIA_07;1;0,2116;0,1565628255;;;;
NABALIAENERGIA;5,75;;;NABALIAENERGIA_07;1;0,2645;0,1565628255;;;;
NABALIAENERGIA;6,9;;;NABALIAENERGIA_07;1;0,3174;0,1565628255;;;;
NABALIAENERGIA;10,35;;;NABALIAENERGIA_07;1;0,4761;0,1565628255;;;;
NABALIAENERGIA;13,8;;;NABALIAENERGIA_07;1;0,6348;0,1565628255;;;;
NABALIAENERGIA;17,25;;;NABALIAENERGIA_07;1;0,7935;0,1565628255;;;;
NABALIAENERGIA;20,7;;;NABALIAENERGIA_07;1;0,9522;0,1565628255;;;;
NABALIAENERGIA;1,15;1;;NABALIAENERGIA_08;1;0,0529;0,1664;;;;
NABALIAENERGIA;2,3;2;;NABALIAENERGIA_08;1;0,1058;0,1664;;;;
NABALIAENERGIA;3,45;3;;NABALIAENERGIA_08;1;0,1587;0,1664;;;;
NABALIAENERGIA;4,6;4;;NABALIAENERGIA_08;1;0,2116;0,1664;;;;
NABALIAENERGIA;5,75;;;NABALIAENERGIA_08;1;0,2645;0,1664;;;;
NABALIAENERGIA;6,9;;;NABALIAENERGIA_08;1;0,3174;0,1664;;;;
NABALIAENERGIA;10,35;;;NABALIAENERGIA_08;1;0,4761;0,1664;;;;
NABALIAENERGIA;13,8;;;NABALIAENERGIA_08;1;0,6348;0,1664;;;;
NABALIAENERGIA;17,25;;;NABALIAENERGIA_08;1;0,7935;0,1664;;;;
NABALIAENERGIA;20,7;;;NABALIAENERGIA_08;1;0,9522;0,1664;;;;
NABALIAENERGIA;1,15;1;;NABALIAENERGIA_09;1;0,39;0,16305;;;;
NABALIAENERGIA;2,3;2;;NABALIAENERGIA_09;1;0,4729;0,16305;;;;
NABALIAENERGIA;3,45;3;;NABALIAENERGIA_09;1;0,5557;0,16305;;;;
NABALIAENERGIA;4,6;4;;NABALIAENERGIA_09;1;0,6386;0,16305;;;;
NABALIAENERGIA;5,75;;;NABALIAENERGIA_09;1;0,7214;0,16305;;;;
NABALIAENERGIA;6,9;;;NABALIAENERGIA_09;1;0,8043;0,16305;;;;
NABALIAENERGIA;10,35;;;NABALIAENERGIA_09;1;1,3528;0,16305;;;;
NABALIAENERGIA;13,8;;;NABALIAENERGIA_09;1;1,6013;0,16305;;;;
NABALIAENERGIA;17,25;;;NABALIAENERGIA_09;1;1,8499;0,16305;;;;
NABALIAENERGIA;20,7;;;NABALIAENERGIA_09;1;2,0984;0,16305;;;;
NABALIAENERGIA;3,45;;;NABALIAENERGIA_01;2;0,1587;0,18536;0,13113;;;
NABALIAENERGIA;4,6;;;NABALIAENERGIA_01;2;0,2116;0,18536;0,13113;;;
NABALIAENERGIA;5,75;;;NABALIAENERGIA_01;2;0,2645;0,18536;0,13113;;;
NABALIAENERGIA;6,9;;;NABALIAENERGIA_01;2;0,3174;0,18536;0,13113;;;
NABALIAENERGIA;10,35;;;NABALIAENERGIA_01;2;0,4761;0,18536;0,13113;;;
NABALIAENERGIA;13,8;;;NABALIAENERGIA_01;2;0,6348;0,18536;0,13113;;;
NABALIAENERGIA;17,25;;;NABALIAENERGIA_01;2;0,7935;0,18536;0,13113;;;
NABALIAENERGIA;20,7;;;NABALIAENERGIA_01;2;0,9522;0,18536;0,13113;;;
NABALIAENERGIA;3,45;;;NABALIAENERGIA_02;2;0,1587;0,18405;0,12986;;;
NABALIAENERGIA;4,6;;;NABALIAENERGIA_02;2;0,2116;0,18405;0,12986;;;
NABALIAENERGIA;5,75;;;NABALIAENERGIA_02;2;0,2645;0,18405;0,12986;;;
NABALIAENERGIA;6,9;;;NABALIAENERGIA_02;2;0,3174;0,18405;0,12986;;;
NABALIAENERGIA;10,35;;;NABALIAENERGIA_02;2;0,4761;0,18405;0,12986;;;
NABALIAENERGIA;13,8;;;NABALIAENERGIA_02;2;0,6348;0,18405;0,12986;;;
NABALIAENERGIA;17,25;;;NABALIAENERGIA_02;2;0,7935;0,18405;0,12986;;;
NABALIAENERGIA;20,7;;;NABALIAENERGIA_02;2;0,9522;0,18405;0,12986;;;
NABALIAENERGIA;3,45;;;NABALIAENERGIA_03;2;0,1587;0,18536;0,13113;;;
NABALIAENERGIA;4,6;;;NABALIAENERGIA_03;2;0,2116;0,18536;0,13113;;;
NABALIAENERGIA;5,75;;;NABALIAENERGIA_03;2;0,2645;0,18536;0,13113;;;
NABALIAENERGIA;6,9;;;NABALIAENERGIA_03;2;0,3174;0,18536;0,13113;;;
NABALIAENERGIA;10,35;;;NABALIAENERGIA_03;2;0,4761;0,18536;0,13113;;;
NABALIAENERGIA;13,8;;;NABALIAENERGIA_03;2;0,6348;0,18536;0,13113;;;
NABALIAENERGIA;17,25;;;NABALIAENERGIA_03;2;0,7935;0,18536;0,13113;;;
NABALIAENERGIA;20,7;;;NABALIAENERGIA_03;2;0,9522;0,18536;0,13113;;;
NABALIAENERGIA;3,45;;;NABALIAENERGIA_04;2;0,1587;0,18405;0,12986;;;
NABALIAENERGIA;4,6;;;NABALIAENERGIA_04;2;0,2116;0,18405;0,12986;;;
NABALIAENERGIA;5,75;;;NABALIAENERGIA_04;2;0,2645;0,18405;0,12986;;;
NABALIAENERGIA;6,9;;;NABALIAENERGIA_04;2;0,3174;0,18405;0,12986;;;
NABALIAENERGIA;10,35;;;NABALIAENERGIA_04;2;0,4761;0,18405;0,12986;;;
NABALIAENERGIA;13,8;;;NABALIAENERGIA_04;2;0,6348;0,18405;0,12986;;;
NABALIAENERGIA;17,25;;;NABALIAENERGIA_04;2;0,7935;0,18405;0,12986;;;
NABALIAENERGIA;20,7;;;NABALIAENERGIA_04;2;0,9522;0,18405;0,12986;;;
NABALIAENERGIA;3,45;;;NABALIAENERGIA_05;2;0,1587;0,18718;0,12996;;;
NABALIAENERGIA;4,6;;;NABALIAENERGIA_05;2;0,2116;0,18718;0,12996;;;
NABALIAENERGIA;5,75;;;NABALIAENERGIA_05;2;0,2645;0,18718;0,12996;;;
NABALIAENERGIA;6,9;;;NABALIAENERGIA_05;2;0,3174;0,18718;0,12996;;;
NABALIAENERGIA;10,35;;;NABALIAENERGIA_05;2;0,4761;0,18718;0,12996;;;
NABALIAENERGIA;13,8;;;NABALIAENERGIA_05;2;0,6348;0,18718;0,12996;;;
NABALIAENERGIA;17,25;;;NABALIAENERGIA_05;2;0,7935;0,18718;0,12996;;;
NABALIAENERGIA;20,7;;;NABALIAENERGIA_05;2;0,9522;0,18718;0,12996;;;
NABALIAENERGIA;1,15;;;NABALIAENERGIA_06;2;0,0529;0,1792628255;0,1111628255;;;
NABALIAENERGIA;2,3;;;NABALIAENERGIA_06;2;0,1058;0,1792628255;0,1111628255;;;
NABALIAENERGIA;3,45;;;NABALIAENERGIA_06;2;0,1587;0,1792628255;0,1111628255;;;
NABALIAENERGIA;4,6;;;NABALIAENERGIA_06;2;0,2116;0,1792628255;0,1111628255;;;
NABALIAENERGIA;5,75;;;NABALIAENERGIA_06;2;0,2645;0,1792628255;0,1111628255;;;
NABALIAENERGIA;6,9;;;NABALIAENERGIA_06;2;0,3174;0,1792628255;0,1111628255;;;
NABALIAENERGIA;10,35;;;NABALIAENERGIA_06;2;0,4761;0,1792628255;0,1111628255;;;
NABALIAENERGIA;13,8;;;NABALIAENERGIA_06;2;0,6348;0,1792628255;0,1111628255;;;
NABALIAENERGIA;17,25;;;NABALIAENERGIA_06;2;0,7935;0,1792628255;0,1111628255;;;
NABALIAENERGIA;20,7;;;NABALIAENERGIA_06;2;0,9522;0,1792628255;0,1111628255;;;
NABALIAENERGIA;1,15;;;NABALIAENERGIA_07;2;0,0529;0,1795628255;0,1114628255;;;
NABALIAENERGIA;2,3;;;NABALIAENERGIA_07;2;0,1058;0,1795628255;0,1114628255;;;
NABALIAENERGIA;3,45;;;NABALIAENERGIA_07;2;0,1587;0,1795628255;0,1114628255;;;
NABALIAENERGIA;4,6;;;NABALIAENERGIA_07;2;0,2116;0,1795628255;0,1114628255;;;
NABALIAENERGIA;5,75;;;NABALIAENERGIA_07;2;0,2645;0,1795628255;0,1114628255;;;
NABALIAENERGIA;6,9;;;NABALIAENERGIA_07;2;0,3174;0,1795628255;0,1114628255;;;
NABALIAENERGIA;10,35;;;NABALIAENERGIA_07;2;0,4761;0,1795628255;0,1114628255;;;
NABALIAENERGIA;13,8;;;NABALIAENERGIA_07;2;0,6348;0,1795628255;0,1114628255;;;
NABALIAENERGIA;17,25;;;NABALIAENERGIA_07;2;0,7935;0,1795628255;0,1114628255;;;
NABALIAENERGIA;20,7;;;NABALIAENERGIA_07;2;0,9522;0,1795628255;0,1114628255;;;
NABALIAENERGIA;3,45;;;NABALIAENERGIA_08;2;0,1587;0,18587;0,12869;;;
NABALIAENERGIA;4,6;;;NABALIAENERGIA_08;2;0,2116;0,18587;0,12869;;;
NABALIAENERGIA;5,75;;;NABALIAENERGIA_08;2;0,2645;0,18587;0,12869;;;
NABALIAENERGIA;6,9;;;NABALIAENERGIA_08;2;0,3174;0,18587;0,12869;;;
NABALIAENERGIA;10,35;;;NABALIAENERGIA_08;2;0,4761;0,18587;0,12869;;;
NABALIAENERGIA;13,8;;;NABALIAENERGIA_08;2;0,6348;0,18587;0,12869;;;
NABALIAENERGIA;17,25;;;NABALIAENERGIA_08;2;0,7935;0,18587;0,12869;;;
NABALIAENERGIA;20,7;;;NABALIAENERGIA_08;2;0,9522;0,18587;0,12869;;;
NABALIAENERGIA;3,45;;;NABALIAENERGIA_09;2;0,5557;0,18048;0,11238;;;
NABALIAENERGIA;4,6;;;NABALIAENERGIA_09;2;0,6386;0,18048;0,11238;;;
NABALIAENERGIA;5,75;;;NABALIAENERGIA_09;2;0,7214;0,18048;0,11238;;;
NABALIAENERGIA;6,9;;;NABALIAENERGIA_09;2;0,8043;0,18048;0,11238;;;
NABALIAENERGIA;10,35;;;NABALIAENERGIA_09;2;1,3528;0,18048;0,11238;;;
NABALIAENERGIA;13,8;;;NABALIAENERGIA_09;2;1,6013;0,18048;0,11238;;;
NABALIAENERGIA;17,25;;;NABALIAENERGIA_09;2;1,8499;0,18048;0,11238;;;
NABALIAENERGIA;20,7;;;NABALIAENERGIA_09;2;2,0984;0,18048;0,11238;;;
NABALIAENERGIA;3,45;;;NABALIAENERGIA_01;3;0,1587;0,36111;0,13753;0,12966;;
NABALIAENERGIA;4,6;;;NABALIAENERGIA_01;3;0,2116;0,36111;0,13753;0,12966;;
NABALIAENERGIA;5,75;;;NABALIAENERGIA_01;3;0,2645;0,36111;0,13753;0,12966;;
NABALIAENERGIA;6,9;;;NABALIAENERGIA_01;3;0,3174;0,36111;0,13753;0,12966;;
NABALIAENERGIA;10,35;;;NABALIAENERGIA_01;3;0,4761;0,36111;0,13753;0,12966;;
NABALIAENERGIA;13,8;;;NABALIAENERGIA_01;3;0,6348;0,36111;0,13753;0,12966;;
NABALIAENERGIA;17,25;;;NABALIAENERGIA_01;3;0,7935;0,36111;0,13753;0,12966;;
NABALIAENERGIA;20,7;;;NABALIAENERGIA_01;3;0,9522;0,36111;0,13753;0,12966;;
NABALIAENERGIA;27,6;;;NABALIAENERGIA_01;3;1,2199;0,35182;0,14266;0,12503;;
NABALIAENERGIA;34,5;;;NABALIAENERGIA_01;3;1,5249;0,35182;0,14266;0,12503;;
NABALIAENERGIA;41,4;;;NABALIAENERGIA_01;3;1,8299;0,35182;0,14266;0,12503;;
NABALIAENERGIA;3,45;;;NABALIAENERGIA_02;3;0,1587;0,3598;0,13623;0,12839;;
NABALIAENERGIA;4,6;;;NABALIAENERGIA_02;3;0,2116;0,3598;0,13623;0,12839;;
NABALIAENERGIA;5,75;;;NABALIAENERGIA_02;3;0,2645;0,3598;0,13623;0,12839;;
NABALIAENERGIA;6,9;;;NABALIAENERGIA_02;3;0,3174;0,3598;0,13623;0,12839;;
NABALIAENERGIA;10,35;;;NABALIAENERGIA_02;3;0,4761;0,3598;0,13623;0,12839;;
NABALIAENERGIA;13,8;;;NABALIAENERGIA_02;3;0,6348;0,3598;0,13623;0,12839;;
NABALIAENERGIA;17,25;;;NABALIAENERGIA_02;3;0,7935;0,3598;0,13623;0,12839;;
NABALIAENERGIA;20,7;;;NABALIAENERGIA_02;3;0,9522;0,3598;0,13623;0,12839;;
NABALIAENERGIA;27,6;;;NABALIAENERGIA_02;3;1,2199;0,35051;0,14136;0,12376;;
NABALIAENERGIA;34,5;;;NABALIAENERGIA_02;3;1,5249;0,35051;0,14136;0,12376;;
NABALIAENERGIA;41,4;;;NABALIAENERGIA_02;3;1,8299;0,35051;0,14136;0,12376;;
NABALIAENERGIA;3,45;;;NABALIAENERGIA_03;3;0,1587;0,36111;0,13753;0,12966;;
NABALIAENERGIA;4,6;;;NABALIAENERGIA_03;3;0,2116;0,36111;0,13753;0,12966;;
NABALIAENERGIA;5,75;;;NABALIAENERGIA_03;3;0,2645;0,36111;0,13753;0,12966;;
NABALIAENERGIA;6,9;;;NABALIAENERGIA_03;3;0,3174;0,36111;0,13753;0,12966;;
NABALIAENERGIA;10,35;;;NABALIAENERGIA_03;3;0,4761;0,36111;0,13753;0,12966;;
NABALIAENERGIA;13,8;;;NABALIAENERGIA_03;3;0,6348;0,36111;0,13753;0,12966;;
NABALIAENERGIA;17,25;;;NABALIAENERGIA_03;3;0,7935;0,36111;0,13753;0,12966;;
NABALIAENERGIA;20,7;;;NABALIAENERGIA_03;3;0,9522;0,36111;0,13753;0,12966;;
NABALIAENERGIA;27,6;;;NABALIAENERGIA_03;3;1,2199;0,35182;0,14266;0,12503;;
NABALIAENERGIA;34,5;;;NABALIAENERGIA_03;3;1,5249;0,35182;0,14266;0,12503;;
NABALIAENERGIA;41,4;;;NABALIAENERGIA_03;3;1,8299;0,35182;0,14266;0,12503;;
NABALIAENERGIA;3,45;;;NABALIAENERGIA_04;3;0,1587;0,3598;0,13623;0,12839;;
NABALIAENERGIA;4,6;;;NABALIAENERGIA_04;3;0,2116;0,3598;0,13623;0,12839;;
NABALIAENERGIA;5,75;;;NABALIAENERGIA_04;3;0,2645;0,3598;0,13623;0,12839;;
NABALIAENERGIA;6,9;;;NABALIAENERGIA_04;3;0,3174;0,3598;0,13623;0,12839;;
NABALIAENERGIA;10,35;;;NABALIAENERGIA_04;3;0,4761;0,3598;0,13623;0,12839;;
NABALIAENERGIA;13,8;;;NABALIAENERGIA_04;3;0,6348;0,3598;0,13623;0,12839;;
NABALIAENERGIA;17,25;;;NABALIAENERGIA_04;3;0,7935;0,3598;0,13623;0,12839;;
NABALIAENERGIA;20,7;;;NABALIAENERGIA_04;3;0,9522;0,3598;0,13623;0,12839;;
NABALIAENERGIA;27,6;;;NABALIAENERGIA_04;3;1,2199;0,35051;0,14136;0,12376;;
NABALIAENERGIA;34,5;;;NABALIAENERGIA_04;3;1,5249;0,35051;0,14136;0,12376;;
NABALIAENERGIA;41,4;;;NABALIAENERGIA_04;3;1,8299;0,35051;0,14136;0,12376;;
NABALIAENERGIA;3,45;;;NABALIAENERGIA_05;3;0,1587;0,35984;0,14031;0,12947;;
NABALIAENERGIA;4,6;;;NABALIAENERGIA_05;3;0,2116;0,35984;0,14031;0,12947;;
NABALIAENERGIA;5,75;;;NABALIAENERGIA_05;3;0,2645;0,35984;0,14031;0,12947;;
NABALIAENERGIA;6,9;;;NABALIAENERGIA_05;3;0,3174;0,35984;0,14031;0,12947;;
NABALIAENERGIA;10,35;;;NABALIAENERGIA_05;3;0,4761;0,35984;0,14031;0,12947;;
NABALIAENERGIA;13,8;;;NABALIAENERGIA_05;3;0,6348;0,35984;0,14031;0,12947;;
NABALIAENERGIA;17,25;;;NABALIAENERGIA_05;3;0,7935;0,35984;0,14031;0,12947;;
NABALIAENERGIA;20,7;;;NABALIAENERGIA_05;3;0,9522;0,35984;0,14031;0,12947;;
NABALIAENERGIA;27,6;;;NABALIAENERGIA_05;3;1,2199;0,35208;0,14109;0,12807;;
NABALIAENERGIA;34,5;;;NABALIAENERGIA_05;3;1,5249;0,35208;0,14109;0,12807;;
NABALIAENERGIA;41,4;;;NABALIAENERGIA_05;3;1,8299;0,35208;0,14109;0,12807;;
NABALIAENERGIA;1,15;;;NABALIAENERGIA_06;3;0,0529;0,3431628255;0,1350628255;0,1111628255;;
NABALIAENERGIA;2,3;;;NABALIAENERGIA_06;3;0,1058;0,3431628255;0,1350628255;0,1111628255;;
NABALIAENERGIA;3,45;;;NABALIAENERGIA_06;3;0,1587;0,3431628255;0,1350628255;0,1111628255;;
NABALIAENERGIA;4,6;;;NABALIAENERGIA_06;3;0,2116;0,3431628255;0,1350628255;0,1111628255;;
NABALIAENERGIA;5,75;;;NABALIAENERGIA_06;3;0,2645;0,3431628255;0,1350628255;0,1111628255;;
NABALIAENERGIA;6,9;;;NABALIAENERGIA_06;3;0,3174;0,3431628255;0,1350628255;0,1111628255;;
NABALIAENERGIA;10,35;;;NABALIAENERGIA_06;3;0,4761;0,3431628255;0,1350628255;0,1111628255;;
NABALIAENERGIA;13,8;;;NABALIAENERGIA_06;3;0,6348;0,3431628255;0,1350628255;0,1111628255;;
NABALIAENERGIA;17,25;;;NABALIAENERGIA_06;3;0,7935;0,3431628255;0,1350628255;0,1111628255;;
NABALIAENERGIA;20,7;;;NABALIAENERGIA_06;3;0,9522;0,3431628255;0,1350628255;0,1111628255;;
NABALIAENERGIA;27,6;;;NABALIAENERGIA_06;3;1,2199;0,3430628255;0,1470628255;0,1103628255;;
NABALIAENERGIA;34,5;;;NABALIAENERGIA_06;3;1,5249;0,3430628255;0,1470628255;0,1103628255;;
NABALIAENERGIA;41,4;;;NABALIAENERGIA_06;3;1,8299;0,3430628255;0,1470628255;0,1103628255;;
NABALIAENERGIA;1,15;;;NABALIAENERGIA_07;3;0,0529;0,3434628255;0,1353628255;0,1114628255;;
NABALIAENERGIA;2,3;;;NABALIAENERGIA_07;3;0,1058;0,3434628255;0,1353628255;0,1114628255;;
NABALIAENERGIA;3,45;;;NABALIAENERGIA_07;3;0,1587;0,3434628255;0,1353628255;0,1114628255;;
NABALIAENERGIA;4,6;;;NABALIAENERGIA_07;3;0,2116;0,3434628255;0,1353628255;0,1114628255;;
NABALIAENERGIA;5,75;;;NABALIAENERGIA_07;3;0,2645;0,3434628255;0,1353628255;0,1114628255;;
NABALIAENERGIA;6,9;;;NABALIAENERGIA_07;3;0,3174;0,3434628255;0,1353628255;0,1114628255;;
NABALIAENERGIA;10,35;;;NABALIAENERGIA_07;3;0,4761;0,3434628255;0,1353628255;0,1114628255;;
NABALIAENERGIA;13,8;;;NABALIAENERGIA_07;3;0,6348;0,3434628255;0,1353628255;0,1114628255;;
NABALIAENERGIA;17,25;;;NABALIAENERGIA_07;3;0,7935;0,3434628255;0,1353628255;0,1114628255;;
NABALIAENERGIA;20,7;;;NABALIAENERGIA_07;3;0,9522;0,3434628255;0,1353628255;0,1114628255;;
NABALIAENERGIA;27,6;;;NABALIAENERGIA_07;3;1,2199;0,3433628255;0,1473628255;0,1106628255;;
NABALIAENERGIA;34,5;;;NABALIAENERGIA_07;3;1,5249;0,3433628255;0,1473628255;0,1106628255;;
NABALIAENERGIA;41,4;;;NABALIAENERGIA_07;3;1,8299;0,3433628255;0,1473628255;0,1106628255;;
NABALIAENERGIA;3,45;;;NABALIAENERGIA_08;3;0,1587;0,35853;0,13901;0,1282;;
NABALIAENERGIA;4,6;;;NABALIAENERGIA_08;3;0,2116;0,35853;0,13901;0,1282;;
NABALIAENERGIA;5,75;;;NABALIAENERGIA_08;3;0,2645;0,35853;0,13901;0,1282;;
NABALIAENERGIA;6,9;;;NABALIAENERGIA_08;3;0,3174;0,35853;0,13901;0,1282;;
NABALIAENERGIA;10,35;;;NABALIAENERGIA_08;3;0,4761;0,35853;0,13901;0,1282;;
NABALIAENERGIA;13,8;;;NABALIAENERGIA_08;3;0,6348;0,35853;0,13901;0,1282;;
NABALIAENERGIA;17,25;;;NABALIAENERGIA_08;3;0,7935;0,35853;0,13901;0,1282;;
NABALIAENERGIA;20,7;;;NABALIAENERGIA_08;3;0,9522;0,35853;0,13901;0,1282;;
NABALIAENERGIA;27,6;;;NABALIAENERGIA_08;3;1,2199;0,35077;0,13979;0,1268;;
NABALIAENERGIA;34,5;;;NABALIAENERGIA_08;3;1,5249;0,35077;0,13979;0,1268;;
NABALIAENERGIA;41,4;;;NABALIAENERGIA_08;3;1,8299;0,35077;0,13979;0,1268;;
NABALIAENERGIA;3,45;;;NABALIAENERGIA_09;3;0,5557;0,34554;0,13744;0,11354;;
NABALIAENERGIA;4,6;;;NABALIAENERGIA_09;3;0,6386;0,34554;0,13744;0,11354;;
NABALIAENERGIA;5,75;;;NABALIAENERGIA_09;3;0,7214;0,34554;0,13744;0,11354;;
NABALIAENERGIA;6,9;;;NABALIAENERGIA_09;3;0,8043;0,34554;0,13744;0,11354;;
NABALIAENERGIA;10,35;;;NABALIAENERGIA_09;3;1,3528;0,34554;0,13744;0,11354;;
NABALIAENERGIA;13,8;;;NABALIAENERGIA_09;3;1,6013;0,34554;0,13744;0,11354;;
NABALIAENERGIA;17,25;;;NABALIAENERGIA_09;3;1,8499;0,34554;0,13744;0,11354;;
NABALIAENERGIA;20,7;;;NABALIAENERGIA_09;3;2,0984;0,34554;0,13744;0,11354;;
NABALIAENERGIA;27,6;;;NABALIAENERGIA_09;3;2,7958;0,34201;0,14601;0,10931;;
NABALIAENERGIA;34,5;;;NABALIAENERGIA_09;3;3,2804;0,34201;0,14601;0,10931;;
NABALIAENERGIA;41,4;;;NABALIAENERGIA_09;3;3,7651;0,34201;0,14601;0,10931;;
NOSSAENERGIA;1,15;1;;NOSSAENERGIA_01;1;0,160947368421053;0,191368421052632;;;;
NOSSAENERGIA;2,3;2;;NOSSAENERGIA_01;1;0,216631578947368;0,191368421052632;;;;
NOSSAENERGIA;3,45;3;;NOSSAENERGIA_01;1;0,272315789473684;0,191368421052632;;;;
NOSSAENERGIA;4,6;4;;NOSSAENERGIA_01;1;0,328;0,191368421052632;;;;
NOSSAENERGIA;5,75;;;NOSSAENERGIA_01;1;0,383684210526316;0,191368421052632;;;;
NOSSAENERGIA;6,9;;;NOSSAENERGIA_01;1;0,439368421052632;0,191368421052632;;;;
NOSSAENERGIA;10,35;;;NOSSAENERGIA_01;1;0,606421052631579;0,191368421052632;;;;
NOSSAENERGIA;13,8;;;NOSSAENERGIA_01;1;0,773473684210526;0,191368421052632;;;;
NOSSAENERGIA;17,25;;;NOSSAENERGIA_01;1;0,940526315789474;0,191368421052632;;;;
NOSSAENERGIA;20,7;;;NOSSAENERGIA_01;1;1,10757894736842;0,191368421052632;;;;
NOSSAENERGIA;1,15;1;;NOSSAENERGIA_02;1;0,2138;0,192184397360614;;;;
NOSSAENERGIA;2,3;2;;NOSSAENERGIA_02;1;0,3224;0,192184397360614;;;;
NOSSAENERGIA;3,45;3;;NOSSAENERGIA_02;1;0,431;0,192184397360614;;;;
NOSSAENERGIA;4,6;4;;NOSSAENERGIA_02;1;0,5396;0,192184397360614;;;;
NOSSAENERGIA;5,75;;;NOSSAENERGIA_02;1;0,6482;0,192184397360614;;;;
NOSSAENERGIA;6,9;;;NOSSAENERGIA_02;1;0,7568;0,192184397360614;;;;
NOSSAENERGIA;10,35;;;NOSSAENERGIA_02;1;1,0825;0,192184397360614;;;;
NOSSAENERGIA;13,8;;;NOSSAENERGIA_02;1;1,4083;0,192184397360614;;;;
NOSSAENERGIA;17,25;;;NOSSAENERGIA_02;1;1,734;0,192184397360614;;;;
NOSSAENERGIA;20,7;;;NOSSAENERGIA_02;1;2,0598;0,192184397360614;;;;
NOSSAENERGIA;3,45;;;NOSSAENERGIA_01;2;0,272315789473684;0,208526315789474;0,146526315789474;;;
NOSSAENERGIA;4,6;;;NOSSAENERGIA_01;2;0,328;0,208526315789474;0,146526315789474;;;
NOSSAENERGIA;5,75;;;NOSSAENERGIA_01;2;0,383684210526316;0,208526315789474;0,146526315789474;;;
NOSSAENERGIA;6,9;;;NOSSAENERGIA_01;2;0,439368421052632;0,208526315789474;0,146526315789474;;;
NOSSAENERGIA;10,35;;;NOSSAENERGIA_01;2;0,606421052631579;0,208526315789474;0,146526315789474;;;
NOSSAENERGIA;13,8;;;NOSSAENERGIA_01;2;0,773473684210526;0,208526315789474;0,146526315789474;;;
NOSSAENERGIA;17,25;;;NOSSAENERGIA_01;2;0,940526315789474;0,208526315789474;0,146526315789474;;;
NOSSAENERGIA;20,7;;;NOSSAENERGIA_01;2;1,10757894736842;0,208526315789474;0,146526315789474;;;
NOSSAENERGIA;1,15;;;NOSSAENERGIA_02;2;0,2138;0,217035596495097;0,14523319822613;;;
NOSSAENERGIA;2,3;;;NOSSAENERGIA_02;2;0,3224;0,217035596495097;0,14523319822613;;;
NOSSAENERGIA;3,45;;;NOSSAENERGIA_02;2;0,431;0,217035596495097;0,14523319822613;;;
NOSSAENERGIA;4,6;;;NOSSAENERGIA_02;2;0,5396;0,217035596495097;0,14523319822613;;;
NOSSAENERGIA;5,75;;;NOSSAENERGIA_02;2;0,6482;0,217035596495097;0,14523319822613;;;
NOSSAENERGIA;6,9;;;NOSSAENERGIA_02;2;0,7568;0,217035596495097;0,14523319822613;;;
NOSSAENERGIA;10,35;;;NOSSAENERGIA_02;2;1,0825;0,217035596495097;0,14523319822613;;;
NOSSAENERGIA;13,8;;;NOSSAENERGIA_02;2;1,4083;0,217035596495097;0,14523319822613;;;
NOSSAENERGIA;17,25;;;NOSSAENERGIA_02;2;1,734;0,217035596495097;0,14523319822613;;;
NOSSAENERGIA;20,7;;;NOSSAENERGIA_02;2;2,0598;0,217035596495097;0,14523319822613;;;
NOSSAENERGIA;3,45;;;NOSSAENERGIA_01;3;0,272315789473684;0,390210526315789;0,152947368421053;0,150631578947368;;
NOSSAENERGIA;4,6;;;NOSSAENERGIA_01;3;0,328;0,390210526315789;0,152947368421053;0,150631578947368;;
NOSSAENERGIA;5,75;;;NOSSAENERGIA_01;3;0,383684210526316;0,390210526315789;0,152947368421053;0,150631578947368;;
NOSSAENERGIA;6,9;;;NOSSAENERGIA_01;3;0,439368421052632;0,390210526315789;0,152947368421053;0,150631578947368;;
NOSSAENERGIA;10,35;;;NOSSAENERGIA_01;3;0,606421052631579;0,390210526315789;0,152947368421053;0,150631578947368;;
NOSSAENERGIA;13,8;;;NOSSAENERGIA_01;3;0,773473684210526;0,390210526315789;0,152947368421053;0,150631578947368;;
NOSSAENERGIA;17,25;;;NOSSAENERGIA_01;3;0,940526315789474;0,390210526315789;0,152947368421053;0,150631578947368;;
NOSSAENERGIA;20,7;;;NOSSAENERGIA_01;3;1,10757894736842;0,390210526315789;0,152947368421053;0,150631578947368;;
NOSSAENERGIA;27,6;;;NOSSAENERGIA_01;3;1,38936842105263;0,390105263157895;0,165578947368421;0,149789473684211;;
NOSSAENERGIA;34,5;;;NOSSAENERGIA_01;3;1,71042105263158;0,390105263157895;0,165578947368421;0,149789473684211;;
NOSSAENERGIA;41,4;;;NOSSAENERGIA_01;3;2,03147368421053;0,390105263157895;0,165578947368421;0,149789473684211;;
NOSSAENERGIA;1,15;;;NOSSAENERGIA_02;3;0,2138;0,381633960121216;0,172137232868978;0,14523319822613;;
NOSSAENERGIA;2,3;;;NOSSAENERGIA_02;3;0,3224;0,381633960121216;0,172137232868978;0,14523319822613;;
NOSSAENERGIA;3,45;;;NOSSAENERGIA_02;3;0,431;0,381633960121216;0,172137232868978;0,14523319822613;;
NOSSAENERGIA;4,6;;;NOSSAENERGIA_02;3;0,5396;0,381633960121216;0,172137232868978;0,14523319822613;;
NOSSAENERGIA;5,75;;;NOSSAENERGIA_02;3;0,6482;0,381633960121216;0,172137232868978;0,14523319822613;;
NOSSAENERGIA;6,9;;;NOSSAENERGIA_02;3;0,7568;0,381633960121216;0,172137232868978;0,14523319822613;;
NOSSAENERGIA;10,35;;;NOSSAENERGIA_02;3;1,0825;0,381633960121216;0,172137232868978;0,14523319822613;;
NOSSAENERGIA;13,8;;;NOSSAENERGIA_02;3;1,4083;0,381633960121216;0,172137232868978;0,14523319822613;;
NOSSAENERGIA;17,25;;;NOSSAENERGIA_02;3;1,734;0,381633960121216;0,172137232868978;0,14523319822613;;
NOSSAENERGIA;20,7;;;NOSSAENERGIA_02;3;2,0598;0,381633960121216;0,172137232868978;0,14523319822613;;
NOSSAENERGIA;27,6;;;NOSSAENERGIA_02;3;2,6093;0,381533960121216;0,184137232868978;0,14443319822613;;
NOSSAENERGIA;34,5;;;NOSSAENERGIA_02;3;3,2353;0,381533960121216;0,184137232868978;0,14443319822613;;
NOSSAENERGIA;41,4;;;NOSSAENERGIA_02;3;3,8614;0,381533960121216;0,184137232868978;0,14443319822613;;
OENEO;1,15;1;;OENEO_01;1;0,135091780821918;0,154;;;;
OENEO;2,3;2;;OENEO_01;1;0,190731506849315;0,154;;;;
OENEO;3,45;3;;OENEO_01;1;0,240891780821918;0,154;;;;
OENEO;4,6;4;;OENEO_01;1;0,30201095890411;0,154;;;;
OENEO;5,75;;;OENEO_01;1;0,365869863013699;0,154;;;;
OENEO;6,9;;;OENEO_01;1;0,443427397260274;0,154;;;;
OENEO;10,35;;;OENEO_01;1;0,621305479452055;0,154;;;;
OENEO;13,8;;;OENEO_01;1;0,810142465753425;0,154;;;;
OENEO;17,25;;;OENEO_01;1;1,00445890410959;0,154;;;;
OENEO;20,7;;;OENEO_01;1;1,20973424657534;0,154;;;;
OENEO;1,15;1;;OENEO_02;1;0,1077;0,154560865;;;;
OENEO;2,3;2;;OENEO_02;1;0,1606;0,154560865;;;;
OENEO;3,45;3;;OENEO_02;1;0,2272;0,154560865;;;;
OENEO;4,6;4;;OENEO_02;1;0,2801;0,154560865;;;;
OENEO;5,75;;;OENEO_02;1;0,333;0,154560865;;;;
OENEO;6,9;;;OENEO_02;1;0,3996;0,154560865;;;;
OENEO;10,35;;;OENEO_02;1;0,572;0,154560865;;;;
OENEO;13,8;;;OENEO_02;1;0,7444;0,154560865;;;;
OENEO;17,25;;;OENEO_02;1;0,9168;0,154560865;;;;
OENEO;20,7;;;OENEO_02;1;1,0892;0,154560865;;;;
OENEO;1,15;;;OENEO_01;2;0,135091780821918;0,186;0,116;;;
OENEO;2,3;;;OENEO_01;2;0,190731506849315;0,186;0,116;;;
OENEO;3,45;;;OENEO_01;2;0,240891780821918;0,186;0,116;;;
OENEO;4,6;;;OENEO_01;2;0,30201095890411;0,186;0,116;;;
OENEO;5,75;;;OENEO_01;2;0,365869863013699;0,186;0,116;;;
OENEO;6,9;;;OENEO_01;2;0,443427397260274;0,186;0,116;;;
OENEO;10,35;;;OENEO_01;2;0,621305479452055;0,186;0,116;;;
OENEO;13,8;;;OENEO_01;2;0,810142465753425;0,186;0,116;;;
OENEO;17,25;;;OENEO_01;2;1,00445890410959;0,186;0,116;;;
OENEO;20,7;;;OENEO_01;2;1,20973424657534;0,186;0,116;;;
OENEO;1,15;;;OENEO_02;2;0,1077;0,177560865;0,109460865;;;
OENEO;2,3;;;OENEO_02;2;0,1606;0,177560865;0,109460865;;;
OENEO;3,45;;;OENEO_02;2;0,2272;0,177560865;0,109460865;;;
OENEO;4,6;;;OENEO_02;2;0,2801;0,177560865;0,109460865;;;
OENEO;5,75;;;OENEO_02;2;0,333;0,177560865;0,109460865;;;
OENEO;6,9;;;OENEO_02;2;0,3996;0,177560865;0,109460865;;;
OENEO;10,35;;;OENEO_02;2;0,572;0,177560865;0,109460865;;;
OENEO;13,8;;;OENEO_02;2;0,7444;0,177560865;0,109460865;;;
OENEO;17,25;;;OENEO_02;2;0,9168;0,177560865;0,109460865;;;
OENEO;20,7;;;OENEO_02;2;1,0892;0,177560865;0,109460865;;;
OENEO;1,15;;;OENEO_01;3;0,135091780821918;0,362;0,162;0,118;;
OENEO;2,3;;;OENEO_01;3;0,190731506849315;0,362;0,162;0,118;;
OENEO;3,45;;;OENEO_01;3;0,240891780821918;0,362;0,162;0,118;;
OENEO;4,6;;;OENEO_01;3;0,30201095890411;0,362;0,162;0,118;;
OENEO;5,75;;;OENEO_01;3;0,365869863013699;0,362;0,162;0,118;;
OENEO;6,9;;;OENEO_01;3;0,443427397260274;0,362;0,162;0,118;;
OENEO;10,35;;;OENEO_01;3;0,621305479452055;0,362;0,162;0,118;;
OENEO;13,8;;;OENEO_01;3;0,810142465753425;0,362;0,162;0,118;;
OENEO;17,25;;;OENEO_01;3;1,00445890410959;0,362;0,162;0,118;;
OENEO;20,7;;;OENEO_01;3;1,20973424657534;0,362;0,162;0,118;;
OENEO;27,6;;;OENEO_01;3;1,39798219178082;0,371;0,172;0,122;;
OENEO;34,5;;;OENEO_01;3;1,74407808219178;0,371;0,172;0,122;;
OENEO;41,4;;;OENEO_01;3;2,07647534246575;0,371;0,172;0,122;;
OENEO;1,15;;;OENEO_02;3;0,1077;0,341460865;0,133360865;0,109460865;;
OENEO;2,3;;;OENEO_02;3;0,1606;0,341460865;0,133360865;0,109460865;;
OENEO;3,45;;;OENEO_02;3;0,2272;0,341460865;0,133360865;0,109460865;;
OENEO;4,6;;;OENEO_02;3;0,2801;0,341460865;0,133360865;0,109460865;;
OENEO;5,75;;;OENEO_02;3;0,333;0,341460865;0,133360865;0,109460865;;
OENEO;6,9;;;OENEO_02;3;0,3996;0,341460865;0,133360865;0,109460865;;
OENEO;10,35;;;OENEO_02;3;0,572;0,341460865;0,133360865;0,109460865;;
OENEO;13,8;;;OENEO_02;3;0,7444;0,341460865;0,133360865;0,109460865;;
OENEO;17,25;;;OENEO_02;3;0,9168;0,341460865;0,133360865;0,109460865;;
OENEO;20,7;;;OENEO_02;3;1,0892;0,341460865;0,133360865;0,109460865;;
OENEO;27,6;;;OENEO_02;3;1,3843;0,341360865;0,145360865;0,108660865;;
OENEO;34,5;;;OENEO_02;3;1,7167;0,341360865;0,145360865;0,108660865;;
OENEO;41,4;;;OENEO_02;3;2,0491;0,341360865;0,145360865;0,108660865;;
PORTULOGOS;1,15;1;;PORTULOGOS_01;1;0,107694520547945;0,19564722715;;;;
PORTULOGOS;2,3;2;;PORTULOGOS_01;1;0,160594520547945;0,19564722715;;;;
PORTULOGOS;3,45;3;;PORTULOGOS_01;1;0,213494520547945;0,19564722715;;;;
PORTULOGOS;4,6;4;;PORTULOGOS_01;1;0,266394520547945;0,19564722715;;;;
PORTULOGOS;5,75;;;PORTULOGOS_01;1;0,319294520547945;0,19564722715;;;;
PORTULOGOS;6,9;;;PORTULOGOS_01;1;0,372194520547945;0,19564722715;;;;
PORTULOGOS;10,35;;;PORTULOGOS_01;1;0,530894520547945;0,19564722715;;;;
PORTULOGOS;13,8;;;PORTULOGOS_01;1;0,689594520547945;0,19564722715;;;;
PORTULOGOS;17,25;;;PORTULOGOS_01;1;0,848294520547945;0,19564722715;;;;
PORTULOGOS;20,7;;;PORTULOGOS_01;1;1,00699452054795;0,19564722715;;;;
PORTULOGOS;1,15;1;;PORTULOGOS_02;1;0,107694520547945;0,191486055605257;;;0,0293;0,123412
PORTULOGOS;2,3;2;;PORTULOGOS_02;1;0,160594520547945;0,191486055605257;;;0,0634;0,11832
PORTULOGOS;3,45;3;;PORTULOGOS_02;1;0,213494520547945;0,191486055605257;;;0,0964;0,111871
PORTULOGOS;4,6;4;;PORTULOGOS_02;1;0,266394520547945;0,191486055605257;;;0,1501;0,108589
PORTULOGOS;5,75;;;PORTULOGOS_02;1;0,319294520547945;0,191486055605257;;;;
PORTULOGOS;6,9;;;PORTULOGOS_02;1;0,372194520547945;0,191486055605257;;;;
PORTULOGOS;10,35;;;PORTULOGOS_02;1;0,530894520547945;0,191486055605257;;;;
PORTULOGOS;13,8;;;PORTULOGOS_02;1;0,689594520547945;0,191486055605257;;;;
PORTULOGOS;17,25;;;PORTULOGOS_02;1;0,848294520547945;0,191486055605257;;;;
PORTULOGOS;20,7;;;PORTULOGOS_02;1;1,00699452054795;0,191486055605257;;;;
PORTULOGOS;1,15;;;PORTULOGOS_01;2;0,107694520547945;0,2195991806;0,14091244263165;;;
PORTULOGOS;2,3;;;PORTULOGOS_01;2;0,160594520547945;0,2195991806;0,14091244263165;;;
PORTULOGOS;3,45;;;PORTULOGOS_01;2;0,213494520547945;0,2195991806;0,14091244263165;;;
PORTULOGOS;4,6;;;PORTULOGOS_01;2;0,266394520547945;0,2195991806;0,14091244263165;;;
PORTULOGOS;5,75;;;PORTULOGOS_01;2;0,319294520547945;0,2195991806;0,14091244263165;;;
PORTULOGOS;6,9;;;PORTULOGOS_01;2;0,372194520547945;0,2195991806;0,14091244263165;;;
PORTULOGOS;10,35;;;PORTULOGOS_01;2;0,530894520547945;0,2195991806;0,14091244263165;;;
PORTULOGOS;13,8;;;PORTULOGOS_01;2;0,689594520547945;0,2195991806;0,14091244263165;;;
PORTULOGOS;17,25;;;PORTULOGOS_01;2;0,848294520547945;0,2195991806;0,14091244263165;;;
PORTULOGOS;20,7;;;PORTULOGOS_01;2;1,00699452054795;0,2195991806;0,14091244263165;;;
PORTULOGOS;1,15;;;PORTULOGOS_02;2;0,107694520547945;0,222236716694036;0,14030546290692;;;
PORTULOGOS;2,3;;;PORTULOGOS_02;2;0,160594520547945;0,222236716694036;0,14030546290692;;;
PORTULOGOS;3,45;;;PORTULOGOS_02;2;0,213494520547945;0,222236716694036;0,14030546290692;;;
PORTULOGOS;4,6;;;PORTULOGOS_02;2;0,266394520547945;0,222236716694036;0,14030546290692;;;
PORTULOGOS;5,75;;;PORTULOGOS_02;2;0,319294520547945;0,222236716694036;0,14030546290692;;;
PORTULOGOS;6,9;;;PORTULOGOS_02;2;0,372194520547945;0,222236716694036;0,14030546290692;;;
PORTULOGOS;10,35;;;PORTULOGOS_02;2;0,530894520547945;0,222236716694036;0,14030546290692;;;
PORTULOGOS;13,8;;;PORTULOGOS_02;2;0,689594520547945;0,222236716694036;0,14030546290692;;;
PORTULOGOS;17,25;;;PORTULOGOS_02;2;0,848294520547945;0,222236716694036;0,14030546290692;;;
PORTULOGOS;20,7;;;PORTULOGOS_02;2;1,00699452054795;0,222236716694036;0,14030546290692;;;
PORTULOGOS;1,15;;;PORTULOGOS_01;3;0,107694520547945;0,3837749098945;0,1752686113;0,1492144139;;
PORTULOGOS;2,3;;;PORTULOGOS_01;3;0,160594520547945;0,3837749098945;0,1752686113;0,1492144139;;
PORTULOGOS;3,45;;;PORTULOGOS_01;3;0,213494520547945;0,3837749098945;0,1752686113;0,1492144139;;
PORTULOGOS;4,6;;;PORTULOGOS_01;3;0,266394520547945;0,3837749098945;0,1752686113;0,1492144139;;
PORTULOGOS;5,75;;;PORTULOGOS_01;3;0,319294520547945;0,3837749098945;0,1752686113;0,1492144139;;
PORTULOGOS;6,9;;;PORTULOGOS_01;3;0,372194520547945;0,3837749098945;0,1752686113;0,1492144139;;
PORTULOGOS;10,35;;;PORTULOGOS_01;3;0,530894520547945;0,3837749098945;0,1752686113;0,1492144139;;
PORTULOGOS;13,8;;;PORTULOGOS_01;3;0,689594520547945;0,3837749098945;0,1752686113;0,1492144139;;
PORTULOGOS;17,25;;;PORTULOGOS_01;3;0,848294520547945;0,3837749098945;0,1752686113;0,1492144139;;
PORTULOGOS;20,7;;;PORTULOGOS_01;3;1,00699452054795;0,3837749098945;0,1752686113;0,1492144139;;
PORTULOGOS;27,6;;;PORTULOGOS_01;3;1,27469452054795;0,3836749098945;0,1872686113;0,1484144139;;
PORTULOGOS;34,5;;;PORTULOGOS_01;3;1,57969452054795;0,3836749098945;0,1872686113;0,1484144139;;
PORTULOGOS;41,4;;;PORTULOGOS_01;3;1,88469452054795;0,3836749098945;0,1872686113;0,1484144139;;
PORTULOGOS;1,15;;;PORTULOGOS_02;3;0,107694520547945;0,389184672307697;0,171886308042627;0,149927761054302;;
PORTULOGOS;2,3;;;PORTULOGOS_02;3;0,160594520547945;0,389184672307697;0,171886308042627;0,149927761054302;;
PORTULOGOS;3,45;;;PORTULOGOS_02;3;0,213494520547945;0,389184672307697;0,171886308042627;0,149927761054302;;
PORTULOGOS;4,6;;;PORTULOGOS_02;3;0,266394520547945;0,389184672307697;0,171886308042627;0,149927761054302;;
PORTULOGOS;5,75;;;PORTULOGOS_02;3;0,319294520547945;0,389184672307697;0,171886308042627;0,149927761054302;;
PORTULOGOS;6,9;;;PORTULOGOS_02;3;0,372194520547945;0,389184672307697;0,171886308042627;0,149927761054302;;
PORTULOGOS;10,35;;;PORTULOGOS_02;3;0,530894520547945;0,389184672307697;0,171886308042627;0,149927761054302;;
PORTULOGOS;13,8;;;PORTULOGOS_02;3;0,689594520547945;0,389184672307697;0,171886308042627;0,149927761054302;;
PORTULOGOS;17,25;;;PORTULOGOS_02;3;0,848294520547945;0,389184672307697;0,171886308042627;0,149927761054302;;
PORTULOGOS;20,7;;;PORTULOGOS_02;3;1,00699452054795;0,389184672307697;0,171886308042627;0,149927761054302;;
PORTULOGOS;27,6;;;PORTULOGOS_02;3;1,27469452054795;0,389084672307697;0,180443334523692;0,147586514048461;;
PORTULOGOS;34,5;;;PORTULOGOS_02;3;1,57969452054795;0,389084672307697;0,180443334523692;0,147586514048461;;
PORTULOGOS;41,4;;;PORTULOGOS_02;3;1,88469452054795;0,389084672307697;0,180443334523692;0,147586514048461;;
REPSOL;1,15;1;;REPSOL_01;1;0,2329;0,1859535;;;0,1746;0,103799
REPSOL;2,3;2;;REPSOL_01;1;0,2858;0,1859535;;;0,2087;0,10003436
REPSOL;3,45;3;;REPSOL_01;1;0,3387;0,1859535;;;0,2627;0,09824128
REPSOL;4,6;4;;REPSOL_01;1;0,3916;0,1859535;;;0,3164;0,09798184
REPSOL;5,75;;;REPSOL_01;1;0,4445;0,1859535;;;;
REPSOL;6,9;;;REPSOL_01;1;0,4974;0,1859535;;;;
REPSOL;10,35;;;REPSOL_01;1;0,7161;0,1859535;;;;
REPSOL;13,8;;;REPSOL_01;1;0,8748;0,1859535;;;;
REPSOL;17,25;;;REPSOL_01;1;1,0335;0,1859535;;;;
REPSOL;20,7;;;REPSOL_01;1;1,1922;0,1859535;;;;
REPSOL;1,15;1;;REPSOL_02;1;0,2329;0,1859535;;;0,1746;0,10492725
REPSOL;2,3;2;;REPSOL_02;1;0,2858;0,1859535;;;0,2087;0,10112169
REPSOL;3,45;3;;REPSOL_02;1;0,3387;0,1859535;;;0,2627;0,09930912
REPSOL;4,6;4;;REPSOL_02;1;0,3916;0,1859535;;;0,3164;0,09904686
REPSOL;5,75;;;REPSOL_02;1;0,4445;0,1859535;;;;
REPSOL;6,9;;;REPSOL_02;1;0,4974;0,1859535;;;;
REPSOL;10,35;;;REPSOL_02;1;0,7161;0,1859535;;;;
REPSOL;13,8;;;REPSOL_02;1;0,8748;0,1859535;;;;
REPSOL;17,25;;;REPSOL_02;1;1,0335;0,1859535;;;;
REPSOL;20,7;;;REPSOL_02;1;1,1922;0,1859535;;;;
REPSOL;1,15;1;;REPSOL_03;1;0,2329;0,175956;;;0,1746;0,099286
REPSOL;2,3;2;;REPSOL_03;1;0,2858;0,175956;;;0,2087;0,09568504
REPSOL;3,45;3;;REPSOL_03;1;0,3387;0,175956;;;0,2627;0,09396992
REPSOL;4,6;4;;REPSOL_03;1;0,3916;0,175956;;;0,3164;0,09372176
REPSOL;5,75;;;REPSOL_03;1;0,4445;0,175956;;;;
REPSOL;6,9;;;REPSOL_03;1;0,4974;0,175956;;;;
REPSOL;10,35;;;REPSOL_03;1;0,7161;0,175956;;;;
REPSOL;13,8;;;REPSOL_03;1;0,8748;0,175956;;;;
REPSOL;17,25;;;REPSOL_03;1;1,0335;0,175956;;;;
REPSOL;20,7;;;REPSOL_03;1;1,1922;0,175956;;;;
REPSOL;1,15;1;;REPSOL_04;1;0,2329;0,179955;;;0,1746;0,1015425
REPSOL;2,3;2;;REPSOL_04;1;0,2858;0,179955;;;0,2087;0,0978597
REPSOL;3,45;3;;REPSOL_04;1;0,3387;0,179955;;;0,2627;0,0961056
REPSOL;4,6;4;;REPSOL_04;1;0,3916;0,179955;;;0,3164;0,0958518
REPSOL;5,75;;;REPSOL_04;1;0,4445;0,179955;;;;
REPSOL;6,9;;;REPSOL_04;1;0,4974;0,179955;;;;
REPSOL;10,35;;;REPSOL_04;1;0,7161;0,179955;;;;
REPSOL;13,8;;;REPSOL_04;1;0,8748;0,179955;;;;
REPSOL;17,25;;;REPSOL_04;1;1,0335;0,179955;;;;
REPSOL;20,7;;;REPSOL_04;1;1,1922;0,179955;;;;
REPSOL;1,15;1;;REPSOL_05;1;0,2329;0,1899525;;;0,1746;0,10718375
REPSOL;2,3;2;;REPSOL_05;1;0,2858;0,1899525;;;0,2087;0,10329635
REPSOL;3,45;3;;REPSOL_05;1;0,3387;0,1899525;;;0,2627;0,1014448
REPSOL;4,6;4;;REPSOL_05;1;0,3916;0,1899525;;;0,3164;0,1011769
REPSOL;5,75;;;REPSOL_05;1;0,4445;0,1899525;;;;
REPSOL;6,9;;;REPSOL_05;1;0,4974;0,1899525;;;;
REPSOL;10,35;;;REPSOL_05;1;0,7161;0,1899525;;;;
REPSOL;13,8;;;REPSOL_05;1;0,8748;0,1899525;;;;
REPSOL;17,25;;;REPSOL_05;1;1,0335;0,1899525;;;;
REPSOL;20,7;;;REPSOL_05;1;1,1922;0,1899525;;;;
REPSOL;1,15;1;;REPSOL_06;1;0,2329;0,1539615;;;0,1746;0,08687525
REPSOL;2,3;2;;REPSOL_06;1;0,2858;0,1539615;;;0,2087;0,08372441
REPSOL;3,45;3;;REPSOL_06;1;0,3387;0,1539615;;;0,2627;0,08222368
REPSOL;4,6;4;;REPSOL_06;1;0,3916;0,1539615;;;0,3164;0,08200654
REPSOL;5,75;;;REPSOL_06;1;0,4445;0,1539615;;;;
REPSOL;6,9;;;REPSOL_06;1;0,4974;0,1539615;;;;
REPSOL;10,35;;;REPSOL_06;1;0,7161;0,1539615;;;;
REPSOL;13,8;;;REPSOL_06;1;0,8748;0,1539615;;;;
REPSOL;17,25;;;REPSOL_06;1;1,0335;0,1539615;;;;
REPSOL;20,7;;;REPSOL_06;1;1,1922;0,1539615;;;;
REPSOL;1,15;1;;REPSOL_07;1;0,2329;0,1579605;;;0,1746;0,08913175
REPSOL;2,3;2;;REPSOL_07;1;0,2858;0,1579605;;;0,2087;0,08589907
REPSOL;3,45;3;;REPSOL_07;1;0,3387;0,1579605;;;0,2627;0,08435936
REPSOL;4,6;4;;REPSOL_07;1;0,3916;0,1579605;;;0,3164;0,08413658
REPSOL;5,75;;;REPSOL_07;1;0,4445;0,1579605;;;;
REPSOL;6,9;;;REPSOL_07;1;0,4974;0,1579605;;;;
REPSOL;10,35;;;REPSOL_07;1;0,7161;0,1579605;;;;
REPSOL;13,8;;;REPSOL_07;1;0,8748;0,1579605;;;;
REPSOL;17,25;;;REPSOL_07;1;1,0335;0,1579605;;;;
REPSOL;20,7;;;REPSOL_07;1;1,1922;0,1579605;;;;
REPSOL;1,15;1;;REPSOL_08;1;0,2329;0,1539615;;;0,1746;0,08687525
REPSOL;2,3;2;;REPSOL_08;1;0,2858;0,1539615;;;0,2087;0,08372441
REPSOL;3,45;3;;REPSOL_08;1;0,3387;0,1539615;;;0,2627;0,08222368
REPSOL;4,6;4;;REPSOL_08;1;0,3916;0,1539615;;;0,3164;0,08200654
REPSOL;5,75;;;REPSOL_08;1;0,4445;0,1539615;;;;
REPSOL;6,9;;;REPSOL_08;1;0,4974;0,1539615;;;;
REPSOL;10,35;;;REPSOL_08;1;0,7161;0,1539615;;;;
REPSOL;13,8;;;REPSOL_08;1;0,8748;0,1539615;;;;
REPSOL;17,25;;;REPSOL_08;1;1,0335;0,1539615;;;;
REPSOL;20,7;;;REPSOL_08;1;1,1922;0,1539615;;;;
REPSOL;1,15;1;;REPSOL_09;1;0,2329;0,1539615;;;0,1746;0,08687525
REPSOL;2,3;2;;REPSOL_09;1;0,2858;0,1539615;;;0,2087;0,08372441
REPSOL;3,45;3;;REPSOL_09;1;0,3387;0,1539615;;;0,2627;0,08222368
REPSOL;4,6;4;;REPSOL_09;1;0,3916;0,1539615;;;0,3164;0,08200654
REPSOL;5,75;;;REPSOL_09;1;0,4445;0,1539615;;;;
REPSOL;6,9;;;REPSOL_09;1;0,4974;0,1539615;;;;
REPSOL;10,35;;;REPSOL_09;1;0,7161;0,1539615;;;;
REPSOL;13,8;;;REPSOL_09;1;0,8748;0,1539615;;;;
REPSOL;17,25;;;REPSOL_09;1;1,0335;0,1539615;;;;
REPSOL;20,7;;;REPSOL_09;1;1,1922;0,1539615;;;;
REPSOL;1,15;1;;REPSOL_10;1;0,2329;0,163959;;;0,1746;0,09026
REPSOL;2,3;2;;REPSOL_10;1;0,2858;0,163959;;;0,2087;0,0869864
REPSOL;3,45;3;;REPSOL_10;1;0,3387;0,163959;;;0,2627;0,0854272
REPSOL;4,6;4;;REPSOL_10;1;0,3916;0,163959;;;0,3164;0,0852016
REPSOL;5,75;;;REPSOL_10;1;0,4445;0,163959;;;;
REPSOL;6,9;;;REPSOL_10;1;0,4974;0,163959;;;;
REPSOL;10,35;;;REPSOL_10;1;0,7161;0,163959;;;;
REPSOL;13,8;;;REPSOL_10;1;0,8748;0,163959;;;;
REPSOL;17,25;;;REPSOL_10;1;1,0335;0,163959;;;;
REPSOL;20,7;;;REPSOL_10;1;1,1922;0,163959;;;;
REPSOL;1,15;1;;REPSOL_100;1;0,2779;0,158497075;;;;
REPSOL;2,3;2;;REPSOL_100;1;0,3308;0,158497075;;;;
REPSOL;3,45;3;;REPSOL_100;1;0,3837;0,158497075;;;;
REPSOL;4,6;4;;REPSOL_100;1;0,3866;0,158497075;;;;
REPSOL;5,75;;;REPSOL_100;1;0,4395;0,158497075;;;;
REPSOL;6,9;;;REPSOL_100;1;0,4924;0,158497075;;;;
REPSOL;10,35;;;REPSOL_100;1;0,6511;0,158497075;;;;
REPSOL;13,8;;;REPSOL_100;1;0,8098;0,158497075;;;;
REPSOL;17,25;;;REPSOL_100;1;0,9685;0,158497075;;;;
REPSOL;20,7;;;REPSOL_100;1;1,1272;0,158497075;;;;
REPSOL;1,15;1;;REPSOL_101;1;0,1729;0,16493146;;;;
REPSOL;2,3;2;;REPSOL_101;1;0,2258;0,16493146;;;;
REPSOL;3,45;3;;REPSOL_101;1;0,2787;0,16493146;;;;
REPSOL;4,6;4;;REPSOL_101;1;0,3316;0,16493146;;;;
REPSOL;5,75;;;REPSOL_101;1;0,3845;0,16493146;;;;
REPSOL;6,9;;;REPSOL_101;1;0,4374;0,16493146;;;;
REPSOL;10,35;;;REPSOL_101;1;0,5961;0,16493146;;;;
REPSOL;13,8;;;REPSOL_101;1;0,7548;0,16493146;;;;
REPSOL;17,25;;;REPSOL_101;1;0,9135;0,16493146;;;;
REPSOL;20,7;;;REPSOL_101;1;1,0722;0,16493146;;;;
REPSOL;1,15;1;;REPSOL_102;1;0,1729;0,16668605;;;;
REPSOL;2,3;2;;REPSOL_102;1;0,2258;0,16668605;;;;
REPSOL;3,45;3;;REPSOL_102;1;0,2787;0,16668605;;;;
REPSOL;4,6;4;;REPSOL_102;1;0,3316;0,16668605;;;;
REPSOL;5,75;;;REPSOL_102;1;0,3845;0,16668605;;;;
REPSOL;6,9;;;REPSOL_102;1;0,4374;0,16668605;;;;
REPSOL;10,35;;;REPSOL_102;1;0,5961;0,16668605;;;;
REPSOL;13,8;;;REPSOL_102;1;0,7548;0,16668605;;;;
REPSOL;17,25;;;REPSOL_102;1;0,9135;0,16668605;;;;
REPSOL;20,7;;;REPSOL_102;1;1,0722;0,16668605;;;;
REPSOL;1,15;1;;REPSOL_103;1;0,1729;0,16493146;;;;
REPSOL;2,3;2;;REPSOL_103;1;0,2258;0,16493146;;;;
REPSOL;3,45;3;;REPSOL_103;1;0,2787;0,16493146;;;;
REPSOL;4,6;4;;REPSOL_103;1;0,3316;0,16493146;;;;
REPSOL;5,75;;;REPSOL_103;1;0,3845;0,16493146;;;;
REPSOL;6,9;;;REPSOL_103;1;0,4374;0,16493146;;;;
REPSOL;10,35;;;REPSOL_103;1;0,5961;0,16493146;;;;
REPSOL;13,8;;;REPSOL_103;1;0,7548;0,16493146;;;;
REPSOL;17,25;;;REPSOL_103;1;0,9135;0,16493146;;;;
REPSOL;20,7;;;REPSOL_103;1;1,0722;0,16493146;;;;
REPSOL;1,15;1;;REPSOL_104;1;0,1729;0,16493146;;;;
REPSOL;2,3;2;;REPSOL_104;1;0,2258;0,16493146;;;;
REPSOL;3,45;3;;REPSOL_104;1;0,2787;0,16493146;;;;
REPSOL;4,6;4;;REPSOL_104;1;0,3316;0,16493146;;;;
REPSOL;5,75;;;REPSOL_104;1;0,3845;0,16493146;;;;
REPSOL;6,9;;;REPSOL_104;1;0,4374;0,16493146;;;;
REPSOL;10,35;;;REPSOL_104;1;0,5961;0,16493146;;;;
REPSOL;13,8;;;REPSOL_104;1;0,7548;0,16493146;;;;
REPSOL;17,25;;;REPSOL_104;1;0,9135;0,16493146;;;;
REPSOL;20,7;;;REPSOL_104;1;1,0722;0,16493146;;;;
REPSOL;1,15;1;;REPSOL_105;1;0,1729;0,16668605;;;;
REPSOL;2,3;2;;REPSOL_105;1;0,2258;0,16668605;;;;
REPSOL;3,45;3;;REPSOL_105;1;0,2787;0,16668605;;;;
REPSOL;4,6;4;;REPSOL_105;1;0,3316;0,16668605;;;;
REPSOL;5,75;;;REPSOL_105;1;0,3845;0,16668605;;;;
REPSOL;6,9;;;REPSOL_105;1;0,4374;0,16668605;;;;
REPSOL;10,35;;;REPSOL_105;1;0,5961;0,16668605;;;;
REPSOL;13,8;;;REPSOL_105;1;0,7548;0,16668605;;;;
REPSOL;17,25;;;REPSOL_105;1;0,9135;0,16668605;;;;
REPSOL;20,7;;;REPSOL_105;1;1,0722;0,16668605;;;;
REPSOL;1,15;1;;REPSOL_106;1;0,1729;0,16844064;;;;
REPSOL;2,3;2;;REPSOL_106;1;0,2258;0,16844064;;;;
REPSOL;3,45;3;;REPSOL_106;1;0,2787;0,16844064;;;;
REPSOL;4,6;4;;REPSOL_106;1;0,3316;0,16844064;;;;
REPSOL;5,75;;;REPSOL_106;1;0,3845;0,16844064;;;;
REPSOL;6,9;;;REPSOL_106;1;0,4374;0,16844064;;;;
REPSOL;10,35;;;REPSOL_106;1;0,5961;0,16844064;;;;
REPSOL;13,8;;;REPSOL_106;1;0,7548;0,16844064;;;;
REPSOL;17,25;;;REPSOL_106;1;0,9135;0,16844064;;;;
REPSOL;20,7;;;REPSOL_106;1;1,0722;0,16844064;;;;
REPSOL;1,15;1;;REPSOL_107;1;0,1529;0,152197075;;;0,1156;0,0870555986666667
REPSOL;2,3;2;;REPSOL_107;1;0,2058;0,152197075;;;0,1497;0,0819635986666667
REPSOL;3,45;3;;REPSOL_107;1;0,2587;0,152197075;;;0,1827;0,0790145986666667
REPSOL;4,6;4;;REPSOL_107;1;0,3116;0,152197075;;;0,2364;0,0777325986666667
REPSOL;5,75;;;REPSOL_107;1;0,3645;0,152197075;;;;
REPSOL;6,9;;;REPSOL_107;1;0,4174;0,152197075;;;;
REPSOL;10,35;;;REPSOL_107;1;0,5761;0,152197075;;;;
REPSOL;13,8;;;REPSOL_107;1;0,7348;0,152197075;;;;
REPSOL;17,25;;;REPSOL_107;1;0,8935;0,152197075;;;;
REPSOL;20,7;;;REPSOL_107;1;1,0522;0,152197075;;;;
REPSOL;1,15;1;;REPSOL_108;1;0,1729;0,16668605;;;;
REPSOL;2,3;2;;REPSOL_108;1;0,2258;0,16668605;;;;
REPSOL;3,45;3;;REPSOL_108;1;0,2787;0,16668605;;;;
REPSOL;4,6;4;;REPSOL_108;1;0,3316;0,16668605;;;;
REPSOL;5,75;;;REPSOL_108;1;0,3845;0,16668605;;;;
REPSOL;6,9;;;REPSOL_108;1;0,4374;0,16668605;;;;
REPSOL;10,35;;;REPSOL_108;1;0,5961;0,16668605;;;;
REPSOL;13,8;;;REPSOL_108;1;0,7548;0,16668605;;;;
REPSOL;17,25;;;REPSOL_108;1;0,9135;0,16668605;;;;
REPSOL;20,7;;;REPSOL_108;1;1,0722;0,16668605;;;;
REPSOL;1,15;1;;REPSOL_109;1;0,1729;0,16668605;;;;
REPSOL;2,3;2;;REPSOL_109;1;0,2258;0,16668605;;;;
REPSOL;3,45;3;;REPSOL_109;1;0,2787;0,16668605;;;;
REPSOL;4,6;4;;REPSOL_109;1;0,3316;0,16668605;;;;
REPSOL;5,75;;;REPSOL_109;1;0,3845;0,16668605;;;;
REPSOL;6,9;;;REPSOL_109;1;0,4374;0,16668605;;;;
REPSOL;10,35;;;REPSOL_109;1;0,5961;0,16668605;;;;
REPSOL;13,8;;;REPSOL_109;1;0,7548;0,16668605;;;;
REPSOL;17,25;;;REPSOL_109;1;0,9135;0,16668605;;;;
REPSOL;20,7;;;REPSOL_109;1;1,0722;0,16668605;;;;
REPSOL;1,15;1;;REPSOL_11;1;0,2329;0,1659585;;;0,1746;0,09364475
REPSOL;2,3;2;;REPSOL_11;1;0,2858;0,1659585;;;0,2087;0,09024839
REPSOL;3,45;3;;REPSOL_11;1;0,3387;0,1659585;;;0,2627;0,08863072
REPSOL;4,6;4;;REPSOL_11;1;0,3916;0,1659585;;;0,3164;0,08839666
REPSOL;5,75;;;REPSOL_11;1;0,4445;0,1659585;;;;
REPSOL;6,9;;;REPSOL_11;1;0,4974;0,1659585;;;;
REPSOL;10,35;;;REPSOL_11;1;0,7161;0,1659585;;;;
REPSOL;13,8;;;REPSOL_11;1;0,8748;0,1659585;;;;
REPSOL;17,25;;;REPSOL_11;1;1,0335;0,1659585;;;;
REPSOL;20,7;;;REPSOL_11;1;1,1922;0,1659585;;;;
REPSOL;1,15;1;;REPSOL_110;1;0,1729;0,16142228;;;0,1356;0,09331008
REPSOL;2,3;2;;REPSOL_110;1;0,2258;0,16142228;;;0,1697;0,08824456
REPSOL;3,45;3;;REPSOL_110;1;0,2787;0,16142228;;;0,2027;0,08531068
REPSOL;4,6;4;;REPSOL_110;1;0,3316;0,16142228;;;0,2564;0,08403464
REPSOL;5,75;;;REPSOL_110;1;0,3845;0,16142228;;;;
REPSOL;6,9;;;REPSOL_110;1;0,4374;0,16142228;;;;
REPSOL;10,35;;;REPSOL_110;1;0,5961;0,16142228;;;;
REPSOL;13,8;;;REPSOL_110;1;0,7548;0,16142228;;;;
REPSOL;17,25;;;REPSOL_110;1;0,9135;0,16142228;;;;
REPSOL;20,7;;;REPSOL_110;1;1,0722;0,16142228;;;;
REPSOL;1,15;1;;REPSOL_111;1;0,2329;0,1659585;;;;
REPSOL;2,3;2;;REPSOL_111;1;0,2858;0,1659585;;;;
REPSOL;3,45;3;;REPSOL_111;1;0,3387;0,1659585;;;;
REPSOL;4,6;4;;REPSOL_111;1;0,3916;0,1659585;;;;
REPSOL;5,75;;;REPSOL_111;1;0,4445;0,1659585;;;;
REPSOL;6,9;;;REPSOL_111;1;0,4974;0,1659585;;;;
REPSOL;10,35;;;REPSOL_111;1;0,7161;0,1659585;;;;
REPSOL;13,8;;;REPSOL_111;1;0,8748;0,1659585;;;;
REPSOL;17,25;;;REPSOL_111;1;1,0335;0,1659585;;;;
REPSOL;20,7;;;REPSOL_111;1;1,1922;0,1659585;;;;
REPSOL;1,15;1;;REPSOL_112;1;0,2329;0,1699575;;;;
REPSOL;2,3;2;;REPSOL_112;1;0,2858;0,1699575;;;;
REPSOL;3,45;3;;REPSOL_112;1;0,3387;0,1699575;;;;
REPSOL;4,6;4;;REPSOL_112;1;0,3916;0,1699575;;;;
REPSOL;5,75;;;REPSOL_112;1;0,4445;0,1699575;;;;
REPSOL;6,9;;;REPSOL_112;1;0,4974;0,1699575;;;;
REPSOL;10,35;;;REPSOL_112;1;0,7161;0,1699575;;;;
REPSOL;13,8;;;REPSOL_112;1;0,8748;0,1699575;;;;
REPSOL;17,25;;;REPSOL_112;1;1,0335;0,1699575;;;;
REPSOL;20,7;;;REPSOL_112;1;1,1922;0,1699575;;;;
REPSOL;1,15;1;;REPSOL_113;1;0,2329;0,15996;;;;
REPSOL;2,3;2;;REPSOL_113;1;0,2858;0,15996;;;;
REPSOL;3,45;3;;REPSOL_113;1;0,3387;0,15996;;;;
REPSOL;4,6;4;;REPSOL_113;1;0,3916;0,15996;;;;
REPSOL;5,75;;;REPSOL_113;1;0,4445;0,15996;;;;
REPSOL;6,9;;;REPSOL_113;1;0,4974;0,15996;;;;
REPSOL;10,35;;;REPSOL_113;1;0,7161;0,15996;;;;
REPSOL;13,8;;;REPSOL_113;1;0,8748;0,15996;;;;
REPSOL;17,25;;;REPSOL_113;1;1,0335;0,15996;;;;
REPSOL;20,7;;;REPSOL_113;1;1,1922;0,15996;;;;
REPSOL;1,15;1;;REPSOL_114;1;0,2329;0,163959;;;;
REPSOL;2,3;2;;REPSOL_114;1;0,2858;0,163959;;;;
REPSOL;3,45;3;;REPSOL_114;1;0,3387;0,163959;;;;
REPSOL;4,6;4;;REPSOL_114;1;0,3916;0,163959;;;;
REPSOL;5,75;;;REPSOL_114;1;0,4445;0,163959;;;;
REPSOL;6,9;;;REPSOL_114;1;0,4974;0,163959;;;;
REPSOL;10,35;;;REPSOL_114;1;0,7161;0,163959;;;;
REPSOL;13,8;;;REPSOL_114;1;0,8748;0,163959;;;;
REPSOL;17,25;;;REPSOL_114;1;1,0335;0,163959;;;;
REPSOL;20,7;;;REPSOL_114;1;1,1922;0,163959;;;;
REPSOL;1,15;1;;REPSOL_115;1;0,2329;0,175956;;;;
REPSOL;2,3;2;;REPSOL_115;1;0,2858;0,175956;;;;
REPSOL;3,45;3;;REPSOL_115;1;0,3387;0,175956;;;;
REPSOL;4,6;4;;REPSOL_115;1;0,3916;0,175956;;;;
REPSOL;5,75;;;REPSOL_115;1;0,4445;0,175956;;;;
REPSOL;6,9;;;REPSOL_115;1;0,4974;0,175956;;;;
REPSOL;10,35;;;REPSOL_115;1;0,7161;0,175956;;;;
REPSOL;13,8;;;REPSOL_115;1;0,8748;0,175956;;;;
REPSOL;17,25;;;REPSOL_115;1;1,0335;0,175956;;;;
REPSOL;20,7;;;REPSOL_115;1;1,1922;0,175956;;;;
REPSOL;1,15;1;;REPSOL_116;1;0,2329;0,1859535;;;;
REPSOL;2,3;2;;REPSOL_116;1;0,2858;0,1859535;;;;
REPSOL;3,45;3;;REPSOL_116;1;0,3387;0,1859535;;;;
REPSOL;4,6;4;;REPSOL_116;1;0,3916;0,1859535;;;;
REPSOL;5,75;;;REPSOL_116;1;0,4445;0,1859535;;;;
REPSOL;6,9;;;REPSOL_116;1;0,4974;0,1859535;;;;
REPSOL;10,35;;;REPSOL_116;1;0,7161;0,1859535;;;;
REPSOL;13,8;;;REPSOL_116;1;0,8748;0,1859535;;;;
REPSOL;17,25;;;REPSOL_116;1;1,0335;0,1859535;;;;
REPSOL;20,7;;;REPSOL_116;1;1,1922;0,1859535;;;;
REPSOL;1,15;1;;REPSOL_117;1;0,2329;0,1899525;;;;
REPSOL;2,3;2;;REPSOL_117;1;0,2858;0,1899525;;;;
REPSOL;3,45;3;;REPSOL_117;1;0,3387;0,1899525;;;;
REPSOL;4,6;4;;REPSOL_117;1;0,3916;0,1899525;;;;
REPSOL;5,75;;;REPSOL_117;1;0,4445;0,1899525;;;;
REPSOL;6,9;;;REPSOL_117;1;0,4974;0,1899525;;;;
REPSOL;10,35;;;REPSOL_117;1;0,7161;0,1899525;;;;
REPSOL;13,8;;;REPSOL_117;1;0,8748;0,1899525;;;;
REPSOL;17,25;;;REPSOL_117;1;1,0335;0,1899525;;;;
REPSOL;20,7;;;REPSOL_117;1;1,1922;0,1899525;;;;
REPSOL;1,15;1;;REPSOL_118;1;0,2329;0,179955;;;;
REPSOL;2,3;2;;REPSOL_118;1;0,2858;0,179955;;;;
REPSOL;3,45;3;;REPSOL_118;1;0,3387;0,179955;;;;
REPSOL;4,6;4;;REPSOL_118;1;0,3916;0,179955;;;;
REPSOL;5,75;;;REPSOL_118;1;0,4445;0,179955;;;;
REPSOL;6,9;;;REPSOL_118;1;0,4974;0,179955;;;;
REPSOL;10,35;;;REPSOL_118;1;0,7161;0,179955;;;;
REPSOL;13,8;;;REPSOL_118;1;0,8748;0,179955;;;;
REPSOL;17,25;;;REPSOL_118;1;1,0335;0,179955;;;;
REPSOL;20,7;;;REPSOL_118;1;1,1922;0,179955;;;;
REPSOL;1,15;1;;REPSOL_119;1;0,2329;0,1859535;;;;
REPSOL;2,3;2;;REPSOL_119;1;0,2858;0,1859535;;;;
REPSOL;3,45;3;;REPSOL_119;1;0,3387;0,1859535;;;;
REPSOL;4,6;4;;REPSOL_119;1;0,3916;0,1859535;;;;
REPSOL;5,75;;;REPSOL_119;1;0,4445;0,1859535;;;;
REPSOL;6,9;;;REPSOL_119;1;0,4974;0,1859535;;;;
REPSOL;10,35;;;REPSOL_119;1;0,7161;0,1859535;;;;
REPSOL;13,8;;;REPSOL_119;1;0,8748;0,1859535;;;;
REPSOL;17,25;;;REPSOL_119;1;1,0335;0,1859535;;;;
REPSOL;20,7;;;REPSOL_119;1;1,1922;0,1859535;;;;
REPSOL;1,15;1;;REPSOL_12;1;0,2329;0,1539615;;;0,1746;0,08687525
REPSOL;2,3;2;;REPSOL_12;1;0,2858;0,1539615;;;0,2087;0,08372441
REPSOL;3,45;3;;REPSOL_12;1;0,3387;0,1539615;;;0,2627;0,08222368
REPSOL;4,6;4;;REPSOL_12;1;0,3916;0,1539615;;;0,3164;0,08200654
REPSOL;5,75;;;REPSOL_12;1;0,4445;0,1539615;;;;
REPSOL;6,9;;;REPSOL_12;1;0,4974;0,1539615;;;;
REPSOL;10,35;;;REPSOL_12;1;0,7161;0,1539615;;;;
REPSOL;13,8;;;REPSOL_12;1;0,8748;0,1539615;;;;
REPSOL;17,25;;;REPSOL_12;1;1,0335;0,1539615;;;;
REPSOL;20,7;;;REPSOL_12;1;1,1922;0,1539615;;;;
REPSOL;1,15;1;;REPSOL_120;1;0,2329;0,175956;;;0,1746;0,099286
REPSOL;2,3;2;;REPSOL_120;1;0,2858;0,175956;;;0,2087;0,09568504
REPSOL;3,45;3;;REPSOL_120;1;0,3387;0,175956;;;0,2627;0,09396992
REPSOL;4,6;4;;REPSOL_120;1;0,3916;0,175956;;;0,3164;0,09372176
REPSOL;5,75;;;REPSOL_120;1;0,4445;0,175956;;;;
REPSOL;6,9;;;REPSOL_120;1;0,4974;0,175956;;;;
REPSOL;10,35;;;REPSOL_120;1;0,7161;0,175956;;;;
REPSOL;13,8;;;REPSOL_120;1;0,8748;0,175956;;;;
REPSOL;17,25;;;REPSOL_120;1;1,0335;0,175956;;;;
REPSOL;20,7;;;REPSOL_120;1;1,1922;0,175956;;;;
REPSOL;1,15;1;;REPSOL_121;1;0,2329;0,179955;;;0,1746;0,1015425
REPSOL;2,3;2;;REPSOL_121;1;0,2858;0,179955;;;0,2087;0,0978597
REPSOL;3,45;3;;REPSOL_121;1;0,3387;0,179955;;;0,2627;0,0961056
REPSOL;4,6;4;;REPSOL_121;1;0,3916;0,179955;;;0,3164;0,0958518
REPSOL;5,75;;;REPSOL_121;1;0,4445;0,179955;;;;
REPSOL;6,9;;;REPSOL_121;1;0,4974;0,179955;;;;
REPSOL;10,35;;;REPSOL_121;1;0,7161;0,179955;;;;
REPSOL;13,8;;;REPSOL_121;1;0,8748;0,179955;;;;
REPSOL;17,25;;;REPSOL_121;1;1,0335;0,179955;;;;
REPSOL;20,7;;;REPSOL_121;1;1,1922;0,179955;;;;
REPSOL;1,15;1;;REPSOL_122;1;0,2329;0,175956;;;0,1746;0,099286
REPSOL;2,3;2;;REPSOL_122;1;0,2858;0,175956;;;0,2087;0,09568504
REPSOL;3,45;3;;REPSOL_122;1;0,3387;0,175956;;;0,2627;0,09396992
REPSOL;4,6;4;;REPSOL_122;1;0,3916;0,175956;;;0,3164;0,09372176
REPSOL;5,75;;;REPSOL_122;1;0,4445;0,175956;;;;
REPSOL;6,9;;;REPSOL_122;1;0,4974;0,175956;;;;
REPSOL;10,35;;;REPSOL_122;1;0,7161;0,175956;;;;
REPSOL;13,8;;;REPSOL_122;1;0,8748;0,175956;;;;
REPSOL;17,25;;;REPSOL_122;1;1,0335;0,175956;;;;
REPSOL;20,7;;;REPSOL_122;1;1,1922;0,175956;;;;
REPSOL;1,15;1;;REPSOL_123;1;0,2329;0,175956;;;0,1746;0,099286
REPSOL;2,3;2;;REPSOL_123;1;0,2858;0,175956;;;0,2087;0,09568504
REPSOL;3,45;3;;REPSOL_123;1;0,3387;0,175956;;;0,2627;0,09396992
REPSOL;4,6;4;;REPSOL_123;1;0,3916;0,175956;;;0,3164;0,09372176
REPSOL;5,75;;;REPSOL_123;1;0,4445;0,175956;;;;
REPSOL;6,9;;;REPSOL_123;1;0,4974;0,175956;;;;
REPSOL;10,35;;;REPSOL_123;1;0,7161;0,175956;;;;
REPSOL;13,8;;;REPSOL_123;1;0,8748;0,175956;;;;
REPSOL;17,25;;;REPSOL_123;1;1,0335;0,175956;;;;
REPSOL;20,7;;;REPSOL_123;1;1,1922;0,175956;;;;
REPSOL;1,15;1;;REPSOL_124;1;0,2329;0,179955;;;0,1746;0,1015425
REPSOL;2,3;2;;REPSOL_124;1;0,2858;0,179955;;;0,2087;0,0978597
REPSOL;3,45;3;;REPSOL_124;1;0,3387;0,179955;;;0,2627;0,0961056
REPSOL;4,6;4;;REPSOL_124;1;0,3916;0,179955;;;0,3164;0,0958518
REPSOL;5,75;;;REPSOL_124;1;0,4445;0,179955;;;;
REPSOL;6,9;;;REPSOL_124;1;0,4974;0,179955;;;;
REPSOL;10,35;;;REPSOL_124;1;0,7161;0,179955;;;;
REPSOL;13,8;;;REPSOL_124;1;0,8748;0,179955;;;;
REPSOL;17,25;;;REPSOL_124;1;1,0335;0,179955;;;;
REPSOL;20,7;;;REPSOL_124;1;1,1922;0,179955;;;;
REPSOL;1,15;1;;REPSOL_125;1;0,2329;0,1499625;;;;
REPSOL;2,3;2;;REPSOL_125;1;0,2858;0,1499625;;;;
REPSOL;3,45;3;;REPSOL_125;1;0,3387;0,1499625;;;;
REPSOL;4,6;4;;REPSOL_125;1;0,3916;0,1499625;;;;
REPSOL;5,75;;;REPSOL_125;1;0,4445;0,1499625;;;;
REPSOL;6,9;;;REPSOL_125;1;0,4974;0,1499625;;;;
REPSOL;10,35;;;REPSOL_125;1;0,7161;0,1499625;;;;
REPSOL;13,8;;;REPSOL_125;1;0,8748;0,1499625;;;;
REPSOL;17,25;;;REPSOL_125;1;1,0335;0,1499625;;;;
REPSOL;20,7;;;REPSOL_125;1;1,1922;0,1499625;;;;
REPSOL;1,15;1;;REPSOL_126;1;0,2329;0,1539615;;;;
REPSOL;2,3;2;;REPSOL_126;1;0,2858;0,1539615;;;;
REPSOL;3,45;3;;REPSOL_126;1;0,3387;0,1539615;;;;
REPSOL;4,6;4;;REPSOL_126;1;0,3916;0,1539615;;;;
REPSOL;5,75;;;REPSOL_126;1;0,4445;0,1539615;;;;
REPSOL;6,9;;;REPSOL_126;1;0,4974;0,1539615;;;;
REPSOL;10,35;;;REPSOL_126;1;0,7161;0,1539615;;;;
REPSOL;13,8;;;REPSOL_126;1;0,8748;0,1539615;;;;
REPSOL;17,25;;;REPSOL_126;1;1,0335;0,1539615;;;;
REPSOL;20,7;;;REPSOL_126;1;1,1922;0,1539615;;;;
REPSOL;1,15;1;;REPSOL_127;1;0,2329;0,179955;;;0,1746;0,1015425
REPSOL;2,3;2;;REPSOL_127;1;0,2858;0,179955;;;0,2087;0,0978597
REPSOL;3,45;3;;REPSOL_127;1;0,3387;0,179955;;;0,2627;0,0961056
REPSOL;4,6;4;;REPSOL_127;1;0,3916;0,179955;;;0,3164;0,0958518
REPSOL;5,75;;;REPSOL_127;1;0,4445;0,179955;;;;
REPSOL;6,9;;;REPSOL_127;1;0,4974;0,179955;;;;
REPSOL;10,35;;;REPSOL_127;1;0,7161;0,179955;;;;
REPSOL;13,8;;;REPSOL_127;1;0,8748;0,179955;;;;
REPSOL;17,25;;;REPSOL_127;1;1,0335;0,179955;;;;
REPSOL;20,7;;;REPSOL_127;1;1,1922;0,179955;;;;
REPSOL;1,15;1;;REPSOL_128;1;0,2329;0,179955;;;0,1746;0,1015425
REPSOL;2,3;2;;REPSOL_128;1;0,2858;0,179955;;;0,2087;0,0978597
REPSOL;3,45;3;;REPSOL_128;1;0,3387;0,179955;;;0,2627;0,0961056
REPSOL;4,6;4;;REPSOL_128;1;0,3916;0,179955;;;0,3164;0,0958518
REPSOL;5,75;;;REPSOL_128;1;0,4445;0,179955;;;;
REPSOL;6,9;;;REPSOL_128;1;0,4974;0,179955;;;;
REPSOL;10,35;;;REPSOL_128;1;0,7161;0,179955;;;;
REPSOL;13,8;;;REPSOL_128;1;0,8748;0,179955;;;;
REPSOL;17,25;;;REPSOL_128;1;1,0335;0,179955;;;;
REPSOL;20,7;;;REPSOL_128;1;1,1922;0,179955;;;;
REPSOL;1,15;1;;REPSOL_129;1;0,2329;0,179955;;;;
REPSOL;2,3;2;;REPSOL_129;1;0,2858;0,179955;;;;
REPSOL;3,45;3;;REPSOL_129;1;0,3387;0,179955;;;;
REPSOL;4,6;4;;REPSOL_129;1;0,3916;0,179955;;;;
REPSOL;5,75;;;REPSOL_129;1;0,4445;0,179955;;;;
REPSOL;6,9;;;REPSOL_129;1;0,4974;0,179955;;;;
REPSOL;10,35;;;REPSOL_129;1;0,7161;0,179955;;;;
REPSOL;13,8;;;REPSOL_129;1;0,8748;0,179955;;;;
REPSOL;17,25;;;REPSOL_129;1;1,0335;0,179955;;;;
REPSOL;20,7;;;REPSOL_129;1;1,1922;0,179955;;;;
REPSOL;1,15;1;;REPSOL_13;1;0,2329;0,15996;;;0,1746;0,09026
REPSOL;2,3;2;;REPSOL_13;1;0,2858;0,15996;;;0,2087;0,0869864
REPSOL;3,45;3;;REPSOL_13;1;0,3387;0,15996;;;0,2627;0,0854272
REPSOL;4,6;4;;REPSOL_13;1;0,3916;0,15996;;;0,3164;0,0852016
REPSOL;5,75;;;REPSOL_13;1;0,4445;0,15996;;;;
REPSOL;6,9;;;REPSOL_13;1;0,4974;0,15996;;;;
REPSOL;10,35;;;REPSOL_13;1;0,7161;0,15996;;;;
REPSOL;13,8;;;REPSOL_13;1;0,8748;0,15996;;;;
REPSOL;17,25;;;REPSOL_13;1;1,0335;0,15996;;;;
REPSOL;20,7;;;REPSOL_13;1;1,1922;0,15996;;;;
REPSOL;1,15;1;;REPSOL_130;1;0,2329;0,179955;;;;
REPSOL;2,3;2;;REPSOL_130;1;0,2858;0,179955;;;;
REPSOL;3,45;3;;REPSOL_130;1;0,3387;0,179955;;;;
REPSOL;4,6;4;;REPSOL_130;1;0,3916;0,179955;;;;
REPSOL;5,75;;;REPSOL_130;1;0,4445;0,179955;;;;
REPSOL;6,9;;;REPSOL_130;1;0,4974;0,179955;;;;
REPSOL;10,35;;;REPSOL_130;1;0,7161;0,179955;;;;
REPSOL;13,8;;;REPSOL_130;1;0,8748;0,179955;;;;
REPSOL;17,25;;;REPSOL_130;1;1,0335;0,179955;;;;
REPSOL;20,7;;;REPSOL_130;1;1,1922;0,179955;;;;
REPSOL;1,15;1;;REPSOL_131;1;0,2329;0,1739565;;;;
REPSOL;2,3;2;;REPSOL_131;1;0,2858;0,1739565;;;;
REPSOL;3,45;3;;REPSOL_131;1;0,3387;0,1739565;;;;
REPSOL;4,6;4;;REPSOL_131;1;0,3916;0,1739565;;;;
REPSOL;5,75;;;REPSOL_131;1;0,4445;0,1739565;;;;
REPSOL;6,9;;;REPSOL_131;1;0,4974;0,1739565;;;;
REPSOL;10,35;;;REPSOL_131;1;0,7161;0,1739565;;;;
REPSOL;13,8;;;REPSOL_131;1;0,8748;0,1739565;;;;
REPSOL;17,25;;;REPSOL_131;1;1,0335;0,1739565;;;;
REPSOL;20,7;;;REPSOL_131;1;1,1922;0,1739565;;;;
REPSOL;1,15;1;;REPSOL_132;1;0,2329;0,175956;;;;
REPSOL;2,3;2;;REPSOL_132;1;0,2858;0,175956;;;;
REPSOL;3,45;3;;REPSOL_132;1;0,3387;0,175956;;;;
REPSOL;4,6;4;;REPSOL_132;1;0,3916;0,175956;;;;
REPSOL;5,75;;;REPSOL_132;1;0,4445;0,175956;;;;
REPSOL;6,9;;;REPSOL_132;1;0,4974;0,175956;;;;
REPSOL;10,35;;;REPSOL_132;1;0,7161;0,175956;;;;
REPSOL;13,8;;;REPSOL_132;1;0,8748;0,175956;;;;
REPSOL;17,25;;;REPSOL_132;1;1,0335;0,175956;;;;
REPSOL;20,7;;;REPSOL_132;1;1,1922;0,175956;;;;
REPSOL;1,15;1;;REPSOL_133;1;0,1729;0,15966769;;;0,1356;0,09229584
REPSOL;2,3;2;;REPSOL_133;1;0,2258;0,15966769;;;0,1697;0,08728538
REPSOL;3,45;3;;REPSOL_133;1;0,2787;0,15966769;;;0,2027;0,08438339
REPSOL;4,6;4;;REPSOL_133;1;0,3316;0,15966769;;;0,2564;0,08312122
REPSOL;5,75;;;REPSOL_133;1;0,3845;0,15966769;;;;
REPSOL;6,9;;;REPSOL_133;1;0,4374;0,15966769;;;;
REPSOL;10,35;;;REPSOL_133;1;0,5961;0,15966769;;;;
REPSOL;13,8;;;REPSOL_133;1;0,7548;0,15966769;;;;
REPSOL;17,25;;;REPSOL_133;1;0,9135;0,15966769;;;;
REPSOL;20,7;;;REPSOL_133;1;1,0722;0,15966769;;;;
REPSOL;1,15;1;;REPSOL_134;1;0,1729;0,15966769;;;0,1356;0,09229584
REPSOL;2,3;2;;REPSOL_134;1;0,2258;0,15966769;;;0,1697;0,08728538
REPSOL;3,45;3;;REPSOL_134;1;0,2787;0,15966769;;;0,2027;0,08438339
REPSOL;4,6;4;;REPSOL_134;1;0,3316;0,15966769;;;0,2564;0,08312122
REPSOL;5,75;;;REPSOL_134;1;0,3845;0,15966769;;;;
REPSOL;6,9;;;REPSOL_134;1;0,4374;0,15966769;;;;
REPSOL;10,35;;;REPSOL_134;1;0,5961;0,15966769;;;;
REPSOL;13,8;;;REPSOL_134;1;0,7548;0,15966769;;;;
REPSOL;17,25;;;REPSOL_134;1;0,9135;0,15966769;;;;
REPSOL;20,7;;;REPSOL_134;1;1,0722;0,15966769;;;;
REPSOL;1,15;1;;REPSOL_135;1;0,1729;0,16142228;;;0,1356;0,09331008
REPSOL;2,3;2;;REPSOL_135;1;0,2258;0,16142228;;;0,1697;0,08824456
REPSOL;3,45;3;;REPSOL_135;1;0,2787;0,16142228;;;0,2027;0,08531068
REPSOL;4,6;4;;REPSOL_135;1;0,3316;0,16142228;;;0,2564;0,08403464
REPSOL;5,75;;;REPSOL_135;1;0,3845;0,16142228;;;;
REPSOL;6,9;;;REPSOL_135;1;0,4374;0,16142228;;;;
REPSOL;10,35;;;REPSOL_135;1;0,5961;0,16142228;;;;
REPSOL;13,8;;;REPSOL_135;1;0,7548;0,16142228;;;;
REPSOL;17,25;;;REPSOL_135;1;0,9135;0,16142228;;;;
REPSOL;20,7;;;REPSOL_135;1;1,0722;0,16142228;;;;
REPSOL;1,15;1;;REPSOL_136;1;0,1729;0,15966769;;;0,1356;0,09229584
REPSOL;2,3;2;;REPSOL_136;1;0,2258;0,15966769;;;0,1697;0,08728538
REPSOL;3,45;3;;REPSOL_136;1;0,2787;0,15966769;;;0,2027;0,08438339
REPSOL;4,6;4;;REPSOL_136;1;0,3316;0,15966769;;;0,2564;0,08312122
REPSOL;5,75;;;REPSOL_136;1;0,3845;0,15966769;;;;
REPSOL;6,9;;;REPSOL_136;1;0,4374;0,15966769;;;;
REPSOL;10,35;;;REPSOL_136;1;0,5961;0,15966769;;;;
REPSOL;13,8;;;REPSOL_136;1;0,7548;0,15966769;;;;
REPSOL;17,25;;;REPSOL_136;1;0,9135;0,15966769;;;;
REPSOL;20,7;;;REPSOL_136;1;1,0722;0,15966769;;;;
REPSOL;1,15;1;;REPSOL_137;1;0,1729;0,15966769;;;0,1356;0,09229584
REPSOL;2,3;2;;REPSOL_137;1;0,2258;0,15966769;;;0,1697;0,08728538
REPSOL;3,45;3;;REPSOL_137;1;0,2787;0,15966769;;;0,2027;0,08438339
REPSOL;4,6;4;;REPSOL_137;1;0,3316;0,15966769;;;0,2564;0,08312122
REPSOL;5,75;;;REPSOL_137;1;0,3845;0,15966769;;;;
REPSOL;6,9;;;REPSOL_137;1;0,4374;0,15966769;;;;
REPSOL;10,35;;;REPSOL_137;1;0,5961;0,15966769;;;;
REPSOL;13,8;;;REPSOL_137;1;0,7548;0,15966769;;;;
REPSOL;17,25;;;REPSOL_137;1;0,9135;0,15966769;;;;
REPSOL;20,7;;;REPSOL_137;1;1,0722;0,15966769;;;;
REPSOL;1,15;1;;REPSOL_138;1;0,2329;0,15996;;;;
REPSOL;2,3;2;;REPSOL_138;1;0,2858;0,15996;;;;
REPSOL;3,45;3;;REPSOL_138;1;0,3387;0,15996;;;;
REPSOL;4,6;4;;REPSOL_138;1;0,3916;0,15996;;;;
REPSOL;5,75;;;REPSOL_138;1;0,4445;0,15996;;;;
REPSOL;6,9;;;REPSOL_138;1;0,4974;0,15996;;;;
REPSOL;10,35;;;REPSOL_138;1;0,7161;0,15996;;;;
REPSOL;13,8;;;REPSOL_138;1;0,8748;0,15996;;;;
REPSOL;17,25;;;REPSOL_138;1;1,0335;0,15996;;;;
REPSOL;20,7;;;REPSOL_138;1;1,1922;0,15996;;;;
REPSOL;1,15;1;;REPSOL_139;1;0,2329;0,163959;;;;
REPSOL;2,3;2;;REPSOL_139;1;0,2858;0,163959;;;;
REPSOL;3,45;3;;REPSOL_139;1;0,3387;0,163959;;;;
REPSOL;4,6;4;;REPSOL_139;1;0,3916;0,163959;;;;
REPSOL;5,75;;;REPSOL_139;1;0,4445;0,163959;;;;
REPSOL;6,9;;;REPSOL_139;1;0,4974;0,163959;;;;
REPSOL;10,35;;;REPSOL_139;1;0,7161;0,163959;;;;
REPSOL;13,8;;;REPSOL_139;1;0,8748;0,163959;;;;
REPSOL;17,25;;;REPSOL_139;1;1,0335;0,163959;;;;
REPSOL;20,7;;;REPSOL_139;1;1,1922;0,163959;;;;
REPSOL;1,15;1;;REPSOL_14;1;0,2329;0,1659585;;;0,1746;0,09364475
REPSOL;2,3;2;;REPSOL_14;1;0,2858;0,1659585;;;0,2087;0,09024839
REPSOL;3,45;3;;REPSOL_14;1;0,3387;0,1659585;;;0,2627;0,08863072
REPSOL;4,6;4;;REPSOL_14;1;0,3916;0,1659585;;;0,3164;0,08839666
REPSOL;5,75;;;REPSOL_14;1;0,4445;0,1659585;;;;
REPSOL;6,9;;;REPSOL_14;1;0,4974;0,1659585;;;;
REPSOL;10,35;;;REPSOL_14;1;0,7161;0,1659585;;;;
REPSOL;13,8;;;REPSOL_14;1;0,8748;0,1659585;;;;
REPSOL;17,25;;;REPSOL_14;1;1,0335;0,1659585;;;;
REPSOL;20,7;;;REPSOL_14;1;1,1922;0,1659585;;;;
REPSOL;1,15;1;;REPSOL_140;1;0,2329;0,1539615;;;;
REPSOL;2,3;2;;REPSOL_140;1;0,2858;0,1539615;;;;
REPSOL;3,45;3;;REPSOL_140;1;0,3387;0,1539615;;;;
REPSOL;4,6;4;;REPSOL_140;1;0,3916;0,1539615;;;;
REPSOL;5,75;;;REPSOL_140;1;0,4445;0,1539615;;;;
REPSOL;6,9;;;REPSOL_140;1;0,4974;0,1539615;;;;
REPSOL;10,35;;;REPSOL_140;1;0,7161;0,1539615;;;;
REPSOL;13,8;;;REPSOL_140;1;0,8748;0,1539615;;;;
REPSOL;17,25;;;REPSOL_140;1;1,0335;0,1539615;;;;
REPSOL;20,7;;;REPSOL_140;1;1,1922;0,1539615;;;;
REPSOL;1,15;1;;REPSOL_141;1;0,2329;0,1579605;;;;
REPSOL;2,3;2;;REPSOL_141;1;0,2858;0,1579605;;;;
REPSOL;3,45;3;;REPSOL_141;1;0,3387;0,1579605;;;;
REPSOL;4,6;4;;REPSOL_141;1;0,3916;0,1579605;;;;
REPSOL;5,75;;;REPSOL_141;1;0,4445;0,1579605;;;;
REPSOL;6,9;;;REPSOL_141;1;0,4974;0,1579605;;;;
REPSOL;10,35;;;REPSOL_141;1;0,7161;0,1579605;;;;
REPSOL;13,8;;;REPSOL_141;1;0,8748;0,1579605;;;;
REPSOL;17,25;;;REPSOL_141;1;1,0335;0,1579605;;;;
REPSOL;20,7;;;REPSOL_141;1;1,1922;0,1579605;;;;
REPSOL;1,15;1;;REPSOL_142;1;0,2329;0,163959;;;;
REPSOL;2,3;2;;REPSOL_142;1;0,2858;0,163959;;;;
REPSOL;3,45;3;;REPSOL_142;1;0,3387;0,163959;;;;
REPSOL;4,6;4;;REPSOL_142;1;0,3916;0,163959;;;;
REPSOL;5,75;;;REPSOL_142;1;0,4445;0,163959;;;;
REPSOL;6,9;;;REPSOL_142;1;0,4974;0,163959;;;;
REPSOL;10,35;;;REPSOL_142;1;0,7161;0,163959;;;;
REPSOL;13,8;;;REPSOL_142;1;0,8748;0,163959;;;;
REPSOL;17,25;;;REPSOL_142;1;1,0335;0,163959;;;;
REPSOL;20,7;;;REPSOL_142;1;1,1922;0,163959;;;;
REPSOL;1,15;1;;REPSOL_143;1;0,2329;0,1699575;;;;
REPSOL;2,3;2;;REPSOL_143;1;0,2858;0,1699575;;;;
REPSOL;3,45;3;;REPSOL_143;1;0,3387;0,1699575;;;;
REPSOL;4,6;4;;REPSOL_143;1;0,3916;0,1699575;;;;
REPSOL;5,75;;;REPSOL_143;1;0,4445;0,1699575;;;;
REPSOL;6,9;;;REPSOL_143;1;0,4974;0,1699575;;;;
REPSOL;10,35;;;REPSOL_143;1;0,7161;0,1699575;;;;
REPSOL;13,8;;;REPSOL_143;1;0,8748;0,1699575;;;;
REPSOL;17,25;;;REPSOL_143;1;1,0335;0,1699575;;;;
REPSOL;20,7;;;REPSOL_143;1;1,1922;0,1699575;;;;
REPSOL;1,15;1;;REPSOL_144;1;0,2329;0,1739565;;;;
REPSOL;2,3;2;;REPSOL_144;1;0,2858;0,1739565;;;;
REPSOL;3,45;3;;REPSOL_144;1;0,3387;0,1739565;;;;
REPSOL;4,6;4;;REPSOL_144;1;0,3916;0,1739565;;;;
REPSOL;5,75;;;REPSOL_144;1;0,4445;0,1739565;;;;
REPSOL;6,9;;;REPSOL_144;1;0,4974;0,1739565;;;;
REPSOL;10,35;;;REPSOL_144;1;0,7161;0,1739565;;;;
REPSOL;13,8;;;REPSOL_144;1;0,8748;0,1739565;;;;
REPSOL;17,25;;;REPSOL_144;1;1,0335;0,1739565;;;;
REPSOL;20,7;;;REPSOL_144;1;1,1922;0,1739565;;;;
REPSOL;1,15;1;;REPSOL_145;1;0,2329;0,167958;;;;
REPSOL;2,3;2;;REPSOL_145;1;0,2858;0,167958;;;;
REPSOL;3,45;3;;REPSOL_145;1;0,3387;0,167958;;;;
REPSOL;4,6;4;;REPSOL_145;1;0,3916;0,167958;;;;
REPSOL;5,75;;;REPSOL_145;1;0,4445;0,167958;;;;
REPSOL;6,9;;;REPSOL_145;1;0,4974;0,167958;;;;
REPSOL;10,35;;;REPSOL_145;1;0,7161;0,167958;;;;
REPSOL;13,8;;;REPSOL_145;1;0,8748;0,167958;;;;
REPSOL;17,25;;;REPSOL_145;1;1,0335;0,167958;;;;
REPSOL;20,7;;;REPSOL_145;1;1,1922;0,167958;;;;
REPSOL;1,15;1;;REPSOL_146;1;0,2329;0,1699575;;;;
REPSOL;2,3;2;;REPSOL_146;1;0,2858;0,1699575;;;;
REPSOL;3,45;3;;REPSOL_146;1;0,3387;0,1699575;;;;
REPSOL;4,6;4;;REPSOL_146;1;0,3916;0,1699575;;;;
REPSOL;5,75;;;REPSOL_146;1;0,4445;0,1699575;;;;
REPSOL;6,9;;;REPSOL_146;1;0,4974;0,1699575;;;;
REPSOL;10,35;;;REPSOL_146;1;0,7161;0,1699575;;;;
REPSOL;13,8;;;REPSOL_146;1;0,8748;0,1699575;;;;
REPSOL;17,25;;;REPSOL_146;1;1,0335;0,1699575;;;;
REPSOL;20,7;;;REPSOL_146;1;1,1922;0,1699575;;;;
REPSOL;1,15;1;;REPSOL_15;1;0,2329;0,1699575;;;0,1746;0,09590125
REPSOL;2,3;2;;REPSOL_15;1;0,2858;0,1699575;;;0,2087;0,09242305
REPSOL;3,45;3;;REPSOL_15;1;0,3387;0,1699575;;;0,2627;0,0907664
REPSOL;4,6;4;;REPSOL_15;1;0,3916;0,1699575;;;0,3164;0,0905267
REPSOL;5,75;;;REPSOL_15;1;0,4445;0,1699575;;;;
REPSOL;6,9;;;REPSOL_15;1;0,4974;0,1699575;;;;
REPSOL;10,35;;;REPSOL_15;1;0,7161;0,1699575;;;;
REPSOL;13,8;;;REPSOL_15;1;0,8748;0,1699575;;;;
REPSOL;17,25;;;REPSOL_15;1;1,0335;0,1699575;;;;
REPSOL;20,7;;;REPSOL_15;1;1,1922;0,1699575;;;;
REPSOL;1,15;1;;REPSOL_16;1;0,2329;0,1699575;;;0,1746;0,09590125
REPSOL;2,3;2;;REPSOL_16;1;0,2858;0,1699575;;;0,2087;0,09242305
REPSOL;3,45;3;;REPSOL_16;1;0,3387;0,1699575;;;0,2627;0,0907664
REPSOL;4,6;4;;REPSOL_16;1;0,3916;0,1699575;;;0,3164;0,0905267
REPSOL;5,75;;;REPSOL_16;1;0,4445;0,1699575;;;;
REPSOL;6,9;;;REPSOL_16;1;0,4974;0,1699575;;;;
REPSOL;10,35;;;REPSOL_16;1;0,7161;0,1699575;;;;
REPSOL;13,8;;;REPSOL_16;1;0,8748;0,1699575;;;;
REPSOL;17,25;;;REPSOL_16;1;1,0335;0,1699575;;;;
REPSOL;20,7;;;REPSOL_16;1;1,1922;0,1699575;;;;
REPSOL;1,15;1;;REPSOL_17;1;0,2329;0,1659585;;;0,1746;0,09364475
REPSOL;2,3;2;;REPSOL_17;1;0,2858;0,1659585;;;0,2087;0,09024839
REPSOL;3,45;3;;REPSOL_17;1;0,3387;0,1659585;;;0,2627;0,08863072
REPSOL;4,6;4;;REPSOL_17;1;0,3916;0,1659585;;;0,3164;0,08839666
REPSOL;5,75;;;REPSOL_17;1;0,4445;0,1659585;;;;
REPSOL;6,9;;;REPSOL_17;1;0,4974;0,1659585;;;;
REPSOL;10,35;;;REPSOL_17;1;0,7161;0,1659585;;;;
REPSOL;13,8;;;REPSOL_17;1;0,8748;0,1659585;;;;
REPSOL;17,25;;;REPSOL_17;1;1,0335;0,1659585;;;;
REPSOL;20,7;;;REPSOL_17;1;1,1922;0,1659585;;;;
REPSOL;1,15;1;;REPSOL_18;1;0,2329;0,1699575;;;0,1746;0,09590125
REPSOL;2,3;2;;REPSOL_18;1;0,2858;0,1699575;;;0,2087;0,09242305
REPSOL;3,45;3;;REPSOL_18;1;0,3387;0,1699575;;;0,2627;0,0907664
REPSOL;4,6;4;;REPSOL_18;1;0,3916;0,1699575;;;0,3164;0,0905267
REPSOL;5,75;;;REPSOL_18;1;0,4445;0,1699575;;;;
REPSOL;6,9;;;REPSOL_18;1;0,4974;0,1699575;;;;
REPSOL;10,35;;;REPSOL_18;1;0,7161;0,1699575;;;;
REPSOL;13,8;;;REPSOL_18;1;0,8748;0,1699575;;;;
REPSOL;17,25;;;REPSOL_18;1;1,0335;0,1699575;;;;
REPSOL;20,7;;;REPSOL_18;1;1,1922;0,1699575;;;;
REPSOL;1,15;1;;REPSOL_19;1;0,2329;0,1699575;;;0,1746;0,09590125
REPSOL;2,3;2;;REPSOL_19;1;0,2858;0,1699575;;;0,2087;0,09242305
REPSOL;3,45;3;;REPSOL_19;1;0,3387;0,1699575;;;0,2627;0,0907664
REPSOL;4,6;4;;REPSOL_19;1;0,3916;0,1699575;;;0,3164;0,0905267
REPSOL;5,75;;;REPSOL_19;1;0,4445;0,1699575;;;;
REPSOL;6,9;;;REPSOL_19;1;0,4974;0,1699575;;;;
REPSOL;10,35;;;REPSOL_19;1;0,7161;0,1699575;;;;
REPSOL;13,8;;;REPSOL_19;1;0,8748;0,1699575;;;;
REPSOL;17,25;;;REPSOL_19;1;1,0335;0,1699575;;;;
REPSOL;20,7;;;REPSOL_19;1;1,1922;0,1699575;;;;
REPSOL;1,15;1;;REPSOL_20;1;0,2329;0,1699575;;;0,1746;0,09590125
REPSOL;2,3;2;;REPSOL_20;1;0,2858;0,1699575;;;0,2087;0,09242305
REPSOL;3,45;3;;REPSOL_20;1;0,3387;0,1699575;;;0,2627;0,0907664
REPSOL;4,6;4;;REPSOL_20;1;0,3916;0,1699575;;;0,3164;0,0905267
REPSOL;5,75;;;REPSOL_20;1;0,4445;0,1699575;;;;
REPSOL;6,9;;;REPSOL_20;1;0,4974;0,1699575;;;;
REPSOL;10,35;;;REPSOL_20;1;0,7161;0,1699575;;;;
REPSOL;13,8;;;REPSOL_20;1;0,8748;0,1699575;;;;
REPSOL;17,25;;;REPSOL_20;1;1,0335;0,1699575;;;;
REPSOL;20,7;;;REPSOL_20;1;1,1922;0,1699575;;;;
REPSOL;1,15;1;;REPSOL_21;1;0,2329;0,167958;;;0,1746;0,094773
REPSOL;2,3;2;;REPSOL_21;1;0,2858;0,167958;;;0,2087;0,09133572
REPSOL;3,45;3;;REPSOL_21;1;0,3387;0,167958;;;0,2627;0,08969856
REPSOL;4,6;4;;REPSOL_21;1;0,3916;0,167958;;;0,3164;0,08946168
REPSOL;5,75;;;REPSOL_21;1;0,4445;0,167958;;;;
REPSOL;6,9;;;REPSOL_21;1;0,4974;0,167958;;;;
REPSOL;10,35;;;REPSOL_21;1;0,7161;0,167958;;;;
REPSOL;13,8;;;REPSOL_21;1;0,8748;0,167958;;;;
REPSOL;17,25;;;REPSOL_21;1;1,0335;0,167958;;;;
REPSOL;20,7;;;REPSOL_21;1;1,1922;0,167958;;;;
REPSOL;1,15;1;;REPSOL_22;1;0,2329;0,1699575;;;0,1746;0,09590125
REPSOL;2,3;2;;REPSOL_22;1;0,2858;0,1699575;;;0,2087;0,09242305
REPSOL;3,45;3;;REPSOL_22;1;0,3387;0,1699575;;;0,2627;0,0907664
REPSOL;4,6;4;;REPSOL_22;1;0,3916;0,1699575;;;0,3164;0,0905267
REPSOL;5,75;;;REPSOL_22;1;0,4445;0,1699575;;;;
REPSOL;6,9;;;REPSOL_22;1;0,4974;0,1699575;;;;
REPSOL;10,35;;;REPSOL_22;1;0,7161;0,1699575;;;;
REPSOL;13,8;;;REPSOL_22;1;0,8748;0,1699575;;;;
REPSOL;17,25;;;REPSOL_22;1;1,0335;0,1699575;;;;
REPSOL;20,7;;;REPSOL_22;1;1,1922;0,1699575;;;;
REPSOL;1,15;1;;REPSOL_23;1;0,2329;0,1699575;;;0,1746;0,09590125
REPSOL;2,3;2;;REPSOL_23;1;0,2858;0,1699575;;;0,2087;0,09242305
REPSOL;3,45;3;;REPSOL_23;1;0,3387;0,1699575;;;0,2627;0,0907664
REPSOL;4,6;4;;REPSOL_23;1;0,3916;0,1699575;;;0,3164;0,0905267
REPSOL;5,75;;;REPSOL_23;1;0,4445;0,1699575;;;;
REPSOL;6,9;;;REPSOL_23;1;0,4974;0,1699575;;;;
REPSOL;10,35;;;REPSOL_23;1;0,7161;0,1699575;;;;
REPSOL;13,8;;;REPSOL_23;1;0,8748;0,1699575;;;;
REPSOL;17,25;;;REPSOL_23;1;1,0335;0,1699575;;;;
REPSOL;20,7;;;REPSOL_23;1;1,1922;0,1699575;;;;
REPSOL;1,15;1;;REPSOL_24;1;0,2329;0,1739565;;;0,1746;0,09815775
REPSOL;2,3;2;;REPSOL_24;1;0,2858;0,1739565;;;0,2087;0,09459771
REPSOL;3,45;3;;REPSOL_24;1;0,3387;0,1739565;;;0,2627;0,09290208
REPSOL;4,6;4;;REPSOL_24;1;0,3916;0,1739565;;;0,3164;0,09265674
REPSOL;5,75;;;REPSOL_24;1;0,4445;0,1739565;;;;
REPSOL;6,9;;;REPSOL_24;1;0,4974;0,1739565;;;;
REPSOL;10,35;;;REPSOL_24;1;0,7161;0,1739565;;;;
REPSOL;13,8;;;REPSOL_24;1;0,8748;0,1739565;;;;
REPSOL;17,25;;;REPSOL_24;1;1,0335;0,1739565;;;;
REPSOL;20,7;;;REPSOL_24;1;1,1922;0,1739565;;;;
REPSOL;1,15;1;;REPSOL_25;1;0,2329;0,1739565;;;0,1746;0,09815775
REPSOL;2,3;2;;REPSOL_25;1;0,2858;0,1739565;;;0,2087;0,09459771
REPSOL;3,45;3;;REPSOL_25;1;0,3387;0,1739565;;;0,2627;0,09290208
REPSOL;4,6;4;;REPSOL_25;1;0,3916;0,1739565;;;0,3164;0,09265674
REPSOL;5,75;;;REPSOL_25;1;0,4445;0,1739565;;;;
REPSOL;6,9;;;REPSOL_25;1;0,4974;0,1739565;;;;
REPSOL;10,35;;;REPSOL_25;1;0,7161;0,1739565;;;;
REPSOL;13,8;;;REPSOL_25;1;0,8748;0,1739565;;;;
REPSOL;17,25;;;REPSOL_25;1;1,0335;0,1739565;;;;
REPSOL;20,7;;;REPSOL_25;1;1,1922;0,1739565;;;;
REPSOL;1,15;1;;REPSOL_26;1;0,2329;0,1739565;;;0,1746;0,09815775
REPSOL;2,3;2;;REPSOL_26;1;0,2858;0,1739565;;;0,2087;0,09459771
REPSOL;3,45;3;;REPSOL_26;1;0,3387;0,1739565;;;0,2627;0,09290208
REPSOL;4,6;4;;REPSOL_26;1;0,3916;0,1739565;;;0,3164;0,09265674
REPSOL;5,75;;;REPSOL_26;1;0,4445;0,1739565;;;;
REPSOL;6,9;;;REPSOL_26;1;0,4974;0,1739565;;;;
REPSOL;10,35;;;REPSOL_26;1;0,7161;0,1739565;;;;
REPSOL;13,8;;;REPSOL_26;1;0,8748;0,1739565;;;;
REPSOL;17,25;;;REPSOL_26;1;1,0335;0,1739565;;;;
REPSOL;20,7;;;REPSOL_26;1;1,1922;0,1739565;;;;
REPSOL;1,15;1;;REPSOL_27;1;0,2329;0,1739565;;;0,1746;0,09815775
REPSOL;2,3;2;;REPSOL_27;1;0,2858;0,1739565;;;0,2087;0,09459771
REPSOL;3,45;3;;REPSOL_27;1;0,3387;0,1739565;;;0,2627;0,09290208
REPSOL;4,6;4;;REPSOL_27;1;0,3916;0,1739565;;;0,3164;0,09265674
REPSOL;5,75;;;REPSOL_27;1;0,4445;0,1739565;;;;
REPSOL;6,9;;;REPSOL_27;1;0,4974;0,1739565;;;;
REPSOL;10,35;;;REPSOL_27;1;0,7161;0,1739565;;;;
REPSOL;13,8;;;REPSOL_27;1;0,8748;0,1739565;;;;
REPSOL;17,25;;;REPSOL_27;1;1,0335;0,1739565;;;;
REPSOL;20,7;;;REPSOL_27;1;1,1922;0,1739565;;;;
REPSOL;1,15;1;;REPSOL_28;1;0,2329;0,15996;;;0,1746;0,09026
REPSOL;2,3;2;;REPSOL_28;1;0,2858;0,15996;;;0,2087;0,0869864
REPSOL;3,45;3;;REPSOL_28;1;0,3387;0,15996;;;0,2627;0,0854272
REPSOL;4,6;4;;REPSOL_28;1;0,3916;0,15996;;;0,3164;0,0852016
REPSOL;5,75;;;REPSOL_28;1;0,4445;0,15996;;;;
REPSOL;6,9;;;REPSOL_28;1;0,4974;0,15996;;;;
REPSOL;10,35;;;REPSOL_28;1;0,7161;0,15996;;;;
REPSOL;13,8;;;REPSOL_28;1;0,8748;0,15996;;;;
REPSOL;17,25;;;REPSOL_28;1;1,0335;0,15996;;;;
REPSOL;20,7;;;REPSOL_28;1;1,1922;0,15996;;;;
REPSOL;1,15;1;;REPSOL_29;1;0,2329;0,15996;;;0,1746;0,09026
REPSOL;2,3;2;;REPSOL_29;1;0,2858;0,15996;;;0,2087;0,0869864
REPSOL;3,45;3;;REPSOL_29;1;0,3387;0,15996;;;0,2627;0,0854272
REPSOL;4,6;4;;REPSOL_29;1;0,3916;0,15996;;;0,3164;0,0852016
REPSOL;5,75;;;REPSOL_29;1;0,4445;0,15996;;;;
REPSOL;6,9;;;REPSOL_29;1;0,4974;0,15996;;;;
REPSOL;10,35;;;REPSOL_29;1;0,7161;0,15996;;;;
REPSOL;13,8;;;REPSOL_29;1;0,8748;0,15996;;;;
REPSOL;17,25;;;REPSOL_29;1;1,0335;0,15996;;;;
REPSOL;20,7;;;REPSOL_29;1;1,1922;0,15996;;;;
REPSOL;1,15;1;;REPSOL_30;1;0,2329;0,1579605;;;0,1746;0,08913175
REPSOL;2,3;2;;REPSOL_30;1;0,2858;0,1579605;;;0,2087;0,08589907
REPSOL;3,45;3;;REPSOL_30;1;0,3387;0,1579605;;;0,2627;0,08435936
REPSOL;4,6;4;;REPSOL_30;1;0,3916;0,1579605;;;0,3164;0,08413658
REPSOL;5,75;;;REPSOL_30;1;0,4445;0,1579605;;;;
REPSOL;6,9;;;REPSOL_30;1;0,4974;0,1579605;;;;
REPSOL;10,35;;;REPSOL_30;1;0,7161;0,1579605;;;;
REPSOL;13,8;;;REPSOL_30;1;0,8748;0,1579605;;;;
REPSOL;17,25;;;REPSOL_30;1;1,0335;0,1579605;;;;
REPSOL;20,7;;;REPSOL_30;1;1,1922;0,1579605;;;;
REPSOL;1,15;1;;REPSOL_31;1;0,2329;0,1579605;;;0,1746;0,08913175
REPSOL;2,3;2;;REPSOL_31;1;0,2858;0,1579605;;;0,2087;0,08589907
REPSOL;3,45;3;;REPSOL_31;1;0,3387;0,1579605;;;0,2627;0,08435936
REPSOL;4,6;4;;REPSOL_31;1;0,3916;0,1579605;;;0,3164;0,08413658
REPSOL;5,75;;;REPSOL_31;1;0,4445;0,1579605;;;;
REPSOL;6,9;;;REPSOL_31;1;0,4974;0,1579605;;;;
REPSOL;10,35;;;REPSOL_31;1;0,7161;0,1579605;;;;
REPSOL;13,8;;;REPSOL_31;1;0,8748;0,1579605;;;;
REPSOL;17,25;;;REPSOL_31;1;1,0335;0,1579605;;;;
REPSOL;20,7;;;REPSOL_31;1;1,1922;0,1579605;;;;
REPSOL;1,15;1;;REPSOL_32;1;0,2329;0,15996;;;0,1746;0,09026
REPSOL;2,3;2;;REPSOL_32;1;0,2858;0,15996;;;0,2087;0,0869864
REPSOL;3,45;3;;REPSOL_32;1;0,3387;0,15996;;;0,2627;0,0854272
REPSOL;4,6;4;;REPSOL_32;1;0,3916;0,15996;;;0,3164;0,0852016
REPSOL;5,75;;;REPSOL_32;1;0,4445;0,15996;;;;
REPSOL;6,9;;;REPSOL_32;1;0,4974;0,15996;;;;
REPSOL;10,35;;;REPSOL_32;1;0,7161;0,15996;;;;
REPSOL;13,8;;;REPSOL_32;1;0,8748;0,15996;;;;
REPSOL;17,25;;;REPSOL_32;1;1,0335;0,15996;;;;
REPSOL;20,7;;;REPSOL_32;1;1,1922;0,15996;;;;
REPSOL;1,15;1;;REPSOL_33;1;0,2329;0,163959;;;0,1746;0,0925165
REPSOL;2,3;2;;REPSOL_33;1;0,2858;0,163959;;;0,2087;0,08916106
REPSOL;3,45;3;;REPSOL_33;1;0,3387;0,163959;;;0,2627;0,08756288
REPSOL;4,6;4;;REPSOL_33;1;0,3916;0,163959;;;0,3164;0,08733164
REPSOL;5,75;;;REPSOL_33;1;0,4445;0,163959;;;;
REPSOL;6,9;;;REPSOL_33;1;0,4974;0,163959;;;;
REPSOL;10,35;;;REPSOL_33;1;0,7161;0,163959;;;;
REPSOL;13,8;;;REPSOL_33;1;0,8748;0,163959;;;;
REPSOL;17,25;;;REPSOL_33;1;1,0335;0,163959;;;;
REPSOL;20,7;;;REPSOL_33;1;1,1922;0,163959;;;;
REPSOL;1,15;1;;REPSOL_34;1;0,2329;0,163959;;;0,1746;0,0925165
REPSOL;2,3;2;;REPSOL_34;1;0,2858;0,163959;;;0,2087;0,08916106
REPSOL;3,45;3;;REPSOL_34;1;0,3387;0,163959;;;0,2627;0,08756288
REPSOL;4,6;4;;REPSOL_34;1;0,3916;0,163959;;;0,3164;0,08733164
REPSOL;5,75;;;REPSOL_34;1;0,4445;0,163959;;;;
REPSOL;6,9;;;REPSOL_34;1;0,4974;0,163959;;;;
REPSOL;10,35;;;REPSOL_34;1;0,7161;0,163959;;;;
REPSOL;13,8;;;REPSOL_34;1;0,8748;0,163959;;;;
REPSOL;17,25;;;REPSOL_34;1;1,0335;0,163959;;;;
REPSOL;20,7;;;REPSOL_34;1;1,1922;0,163959;;;;
REPSOL;1,15;1;;REPSOL_35;1;0,2329;0,163959;;;0,1746;0,0925165
REPSOL;2,3;2;;REPSOL_35;1;0,2858;0,163959;;;0,2087;0,08916106
REPSOL;3,45;3;;REPSOL_35;1;0,3387;0,163959;;;0,2627;0,08756288
REPSOL;4,6;4;;REPSOL_35;1;0,3916;0,163959;;;0,3164;0,08733164
REPSOL;5,75;;;REPSOL_35;1;0,4445;0,163959;;;;
REPSOL;6,9;;;REPSOL_35;1;0,4974;0,163959;;;;
REPSOL;10,35;;;REPSOL_35;1;0,7161;0,163959;;;;
REPSOL;13,8;;;REPSOL_35;1;0,8748;0,163959;;;;
REPSOL;17,25;;;REPSOL_35;1;1,0335;0,163959;;;;
REPSOL;20,7;;;REPSOL_35;1;1,1922;0,163959;;;;
REPSOL;1,15;1;;REPSOL_36;1;0,2329;0,163959;;;0,1746;0,0925165
REPSOL;2,3;2;;REPSOL_36;1;0,2858;0,163959;;;0,2087;0,08916106
REPSOL;3,45;3;;REPSOL_36;1;0,3387;0,163959;;;0,2627;0,08756288
REPSOL;4,6;4;;REPSOL_36;1;0,3916;0,163959;;;0,3164;0,08733164
REPSOL;5,75;;;REPSOL_36;1;0,4445;0,163959;;;;
REPSOL;6,9;;;REPSOL_36;1;0,4974;0,163959;;;;
REPSOL;10,35;;;REPSOL_36;1;0,7161;0,163959;;;;
REPSOL;13,8;;;REPSOL_36;1;0,8748;0,163959;;;;
REPSOL;17,25;;;REPSOL_36;1;1,0335;0,163959;;;;
REPSOL;20,7;;;REPSOL_36;1;1,1922;0,163959;;;;
REPSOL;1,15;1;;REPSOL_37;1;0,2329;0,1539615;;;0,1746;0,08687525
REPSOL;2,3;2;;REPSOL_37;1;0,2858;0,1539615;;;0,2087;0,08372441
REPSOL;3,45;3;;REPSOL_37;1;0,3387;0,1539615;;;0,2627;0,08222368
REPSOL;4,6;4;;REPSOL_37;1;0,3916;0,1539615;;;0,3164;0,08200654
REPSOL;5,75;;;REPSOL_37;1;0,4445;0,1539615;;;;
REPSOL;6,9;;;REPSOL_37;1;0,4974;0,1539615;;;;
REPSOL;10,35;;;REPSOL_37;1;0,7161;0,1539615;;;;
REPSOL;13,8;;;REPSOL_37;1;0,8748;0,1539615;;;;
REPSOL;17,25;;;REPSOL_37;1;1,0335;0,1539615;;;;
REPSOL;20,7;;;REPSOL_37;1;1,1922;0,1539615;;;;
REPSOL;1,15;1;;REPSOL_38;1;0,1729;0,16317687;;;0,1356;0,09432432
REPSOL;2,3;2;;REPSOL_38;1;0,2258;0,16317687;;;0,1697;0,08920374
REPSOL;3,45;3;;REPSOL_38;1;0,2787;0,16317687;;;0,2027;0,08623797
REPSOL;4,6;4;;REPSOL_38;1;0,3316;0,16317687;;;0,2564;0,08494806
REPSOL;5,75;;;REPSOL_38;1;0,3845;0,16317687;;;;
REPSOL;6,9;;;REPSOL_38;1;0,4374;0,16317687;;;;
REPSOL;10,35;;;REPSOL_38;1;0,5961;0,16317687;;;;
REPSOL;13,8;;;REPSOL_38;1;0,7548;0,16317687;;;;
REPSOL;17,25;;;REPSOL_38;1;0,9135;0,16317687;;;;
REPSOL;20,7;;;REPSOL_38;1;1,0722;0,16317687;;;;
REPSOL;1,15;1;;REPSOL_39;1;0,1729;0,16317687;;;0,1356;0,09432432
REPSOL;2,3;2;;REPSOL_39;1;0,2258;0,16317687;;;0,1697;0,08920374
REPSOL;3,45;3;;REPSOL_39;1;0,2787;0,16317687;;;0,2027;0,08623797
REPSOL;4,6;4;;REPSOL_39;1;0,3316;0,16317687;;;0,2564;0,08494806
REPSOL;5,75;;;REPSOL_39;1;0,3845;0,16317687;;;;
REPSOL;6,9;;;REPSOL_39;1;0,4374;0,16317687;;;;
REPSOL;10,35;;;REPSOL_39;1;0,5961;0,16317687;;;;
REPSOL;13,8;;;REPSOL_39;1;0,7548;0,16317687;;;;
REPSOL;17,25;;;REPSOL_39;1;0,9135;0,16317687;;;;
REPSOL;20,7;;;REPSOL_39;1;1,0722;0,16317687;;;;
REPSOL;1,15;1;;REPSOL_40;1;0,1729;0,16317687;;;0,1356;0,09432432
REPSOL;2,3;2;;REPSOL_40;1;0,2258;0,16317687;;;0,1697;0,08920374
REPSOL;3,45;3;;REPSOL_40;1;0,2787;0,16317687;;;0,2027;0,08623797
REPSOL;4,6;4;;REPSOL_40;1;0,3316;0,16317687;;;0,2564;0,08494806
REPSOL;5,75;;;REPSOL_40;1;0,3845;0,16317687;;;;
REPSOL;6,9;;;REPSOL_40;1;0,4374;0,16317687;;;;
REPSOL;10,35;;;REPSOL_40;1;0,5961;0,16317687;;;;
REPSOL;13,8;;;REPSOL_40;1;0,7548;0,16317687;;;;
REPSOL;17,25;;;REPSOL_40;1;0,9135;0,16317687;;;;
REPSOL;20,7;;;REPSOL_40;1;1,0722;0,16317687;;;;
REPSOL;1,15;1;;REPSOL_41;1;0,1729;0,16317687;;;0,1356;0,09432432
REPSOL;2,3;2;;REPSOL_41;1;0,2258;0,16317687;;;0,1697;0,08920374
REPSOL;3,45;3;;REPSOL_41;1;0,2787;0,16317687;;;0,2027;0,08623797
REPSOL;4,6;4;;REPSOL_41;1;0,3316;0,16317687;;;0,2564;0,08494806
REPSOL;5,75;;;REPSOL_41;1;0,3845;0,16317687;;;;
REPSOL;6,9;;;REPSOL_41;1;0,4374;0,16317687;;;;
REPSOL;10,35;;;REPSOL_41;1;0,5961;0,16317687;;;;
REPSOL;13,8;;;REPSOL_41;1;0,7548;0,16317687;;;;
REPSOL;17,25;;;REPSOL_41;1;0,9135;0,16317687;;;;
REPSOL;20,7;;;REPSOL_41;1;1,0722;0,16317687;;;;
REPSOL;1,15;1;;REPSOL_42;1;0,1729;0,16493146;;;0,1356;0,09533856
REPSOL;2,3;2;;REPSOL_42;1;0,2258;0,16493146;;;0,1697;0,09016292
REPSOL;3,45;3;;REPSOL_42;1;0,2787;0,16493146;;;0,2027;0,08716526
REPSOL;4,6;4;;REPSOL_42;1;0,3316;0,16493146;;;0,2564;0,08586148
REPSOL;5,75;;;REPSOL_42;1;0,3845;0,16493146;;;;
REPSOL;6,9;;;REPSOL_42;1;0,4374;0,16493146;;;;
REPSOL;10,35;;;REPSOL_42;1;0,5961;0,16493146;;;;
REPSOL;13,8;;;REPSOL_42;1;0,7548;0,16493146;;;;
REPSOL;17,25;;;REPSOL_42;1;0,9135;0,16493146;;;;
REPSOL;20,7;;;REPSOL_42;1;1,0722;0,16493146;;;;
REPSOL;1,15;1;;REPSOL_43;1;0,1729;0,16493146;;;0,1356;0,09533856
REPSOL;2,3;2;;REPSOL_43;1;0,2258;0,16493146;;;0,1697;0,09016292
REPSOL;3,45;3;;REPSOL_43;1;0,2787;0,16493146;;;0,2027;0,08716526
REPSOL;4,6;4;;REPSOL_43;1;0,3316;0,16493146;;;0,2564;0,08586148
REPSOL;5,75;;;REPSOL_43;1;0,3845;0,16493146;;;;
REPSOL;6,9;;;REPSOL_43;1;0,4374;0,16493146;;;;
REPSOL;10,35;;;REPSOL_43;1;0,5961;0,16493146;;;;
REPSOL;13,8;;;REPSOL_43;1;0,7548;0,16493146;;;;
REPSOL;17,25;;;REPSOL_43;1;0,9135;0,16493146;;;;
REPSOL;20,7;;;REPSOL_43;1;1,0722;0,16493146;;;;
REPSOL;1,15;1;;REPSOL_44;1;0,1729;0,16493146;;;0,1356;0,09533856
REPSOL;2,3;2;;REPSOL_44;1;0,2258;0,16493146;;;0,1697;0,09016292
REPSOL;3,45;3;;REPSOL_44;1;0,2787;0,16493146;;;0,2027;0,08716526
REPSOL;4,6;4;;REPSOL_44;1;0,3316;0,16493146;;;0,2564;0,08586148
REPSOL;5,75;;;REPSOL_44;1;0,3845;0,16493146;;;;
REPSOL;6,9;;;REPSOL_44;1;0,4374;0,16493146;;;;
REPSOL;10,35;;;REPSOL_44;1;0,5961;0,16493146;;;;
REPSOL;13,8;;;REPSOL_44;1;0,7548;0,16493146;;;;
REPSOL;17,25;;;REPSOL_44;1;0,9135;0,16493146;;;;
REPSOL;20,7;;;REPSOL_44;1;1,0722;0,16493146;;;;
REPSOL;1,15;1;;REPSOL_45;1;0,1729;0,16493146;;;0,1356;0,09533856
REPSOL;2,3;2;;REPSOL_45;1;0,2258;0,16493146;;;0,1697;0,09016292
REPSOL;3,45;3;;REPSOL_45;1;0,2787;0,16493146;;;0,2027;0,08716526
REPSOL;4,6;4;;REPSOL_45;1;0,3316;0,16493146;;;0,2564;0,08586148
REPSOL;5,75;;;REPSOL_45;1;0,3845;0,16493146;;;;
REPSOL;6,9;;;REPSOL_45;1;0,4374;0,16493146;;;;
REPSOL;10,35;;;REPSOL_45;1;0,5961;0,16493146;;;;
REPSOL;13,8;;;REPSOL_45;1;0,7548;0,16493146;;;;
REPSOL;17,25;;;REPSOL_45;1;0,9135;0,16493146;;;;
REPSOL;20,7;;;REPSOL_45;1;1,0722;0,16493146;;;;
REPSOL;1,15;1;;REPSOL_46;1;0,1729;0,16493146;;;0,1356;0,09533856
REPSOL;2,3;2;;REPSOL_46;1;0,2258;0,16493146;;;0,1697;0,09016292
REPSOL;3,45;3;;REPSOL_46;1;0,2787;0,16493146;;;0,2027;0,08716526
REPSOL;4,6;4;;REPSOL_46;1;0,3316;0,16493146;;;0,2564;0,08586148
REPSOL;5,75;;;REPSOL_46;1;0,3845;0,16493146;;;;
REPSOL;6,9;;;REPSOL_46;1;0,4374;0,16493146;;;;
REPSOL;10,35;;;REPSOL_46;1;0,5961;0,16493146;;;;
REPSOL;13,8;;;REPSOL_46;1;0,7548;0,16493146;;;;
REPSOL;17,25;;;REPSOL_46;1;0,9135;0,16493146;;;;
REPSOL;20,7;;;REPSOL_46;1;1,0722;0,16493146;;;;
REPSOL;1,15;1;;REPSOL_47;1;0,1729;0,16142228;;;0,1356;0,09331008
REPSOL;2,3;2;;REPSOL_47;1;0,2258;0,16142228;;;0,1697;0,08824456
REPSOL;3,45;3;;REPSOL_47;1;0,2787;0,16142228;;;0,2027;0,08531068
REPSOL;4,6;4;;REPSOL_47;1;0,3316;0,16142228;;;0,2564;0,08403464
REPSOL;5,75;;;REPSOL_47;1;0,3845;0,16142228;;;;
REPSOL;6,9;;;REPSOL_47;1;0,4374;0,16142228;;;;
REPSOL;10,35;;;REPSOL_47;1;0,5961;0,16142228;;;;
REPSOL;13,8;;;REPSOL_47;1;0,7548;0,16142228;;;;
REPSOL;17,25;;;REPSOL_47;1;0,9135;0,16142228;;;;
REPSOL;20,7;;;REPSOL_47;1;1,0722;0,16142228;;;;
REPSOL;1,15;1;;REPSOL_48;1;0,1729;0,16142228;;;0,1356;0,09331008
REPSOL;2,3;2;;REPSOL_48;1;0,2258;0,16142228;;;0,1697;0,08824456
REPSOL;3,45;3;;REPSOL_48;1;0,2787;0,16142228;;;0,2027;0,08531068
REPSOL;4,6;4;;REPSOL_48;1;0,3316;0,16142228;;;0,2564;0,08403464
REPSOL;5,75;;;REPSOL_48;1;0,3845;0,16142228;;;;
REPSOL;6,9;;;REPSOL_48;1;0,4374;0,16142228;;;;
REPSOL;10,35;;;REPSOL_48;1;0,5961;0,16142228;;;;
REPSOL;13,8;;;REPSOL_48;1;0,7548;0,16142228;;;;
REPSOL;17,25;;;REPSOL_48;1;0,9135;0,16142228;;;;
REPSOL;20,7;;;REPSOL_48;1;1,0722;0,16142228;;;;
REPSOL;1,15;1;;REPSOL_49;1;0,1729;0,16142228;;;0,1356;0,09331008
REPSOL;2,3;2;;REPSOL_49;1;0,2258;0,16142228;;;0,1697;0,08824456
REPSOL;3,45;3;;REPSOL_49;1;0,2787;0,16142228;;;0,2027;0,08531068
REPSOL;4,6;4;;REPSOL_49;1;0,3316;0,16142228;;;0,2564;0,08403464
REPSOL;5,75;;;REPSOL_49;1;0,3845;0,16142228;;;;
REPSOL;6,9;;;REPSOL_49;1;0,4374;0,16142228;;;;
REPSOL;10,35;;;REPSOL_49;1;0,5961;0,16142228;;;;
REPSOL;13,8;;;REPSOL_49;1;0,7548;0,16142228;;;;
REPSOL;17,25;;;REPSOL_49;1;0,9135;0,16142228;;;;
REPSOL;20,7;;;REPSOL_49;1;1,0722;0,16142228;;;;
REPSOL;1,15;1;;REPSOL_50;1;0,1729;0,16142228;;;0,1356;0,09331008
REPSOL;2,3;2;;REPSOL_50;1;0,2258;0,16142228;;;0,1697;0,08824456
REPSOL;3,45;3;;REPSOL_50;1;0,2787;0,16142228;;;0,2027;0,08531068
REPSOL;4,6;4;;REPSOL_50;1;0,3316;0,16142228;;;0,2564;0,08403464
REPSOL;5,75;;;REPSOL_50;1;0,3845;0,16142228;;;;
REPSOL;6,9;;;REPSOL_50;1;0,4374;0,16142228;;;;
REPSOL;10,35;;;REPSOL_50;1;0,5961;0,16142228;;;;
REPSOL;13,8;;;REPSOL_50;1;0,7548;0,16142228;;;;
REPSOL;17,25;;;REPSOL_50;1;0,9135;0,16142228;;;;
REPSOL;20,7;;;REPSOL_50;1;1,0722;0,16142228;;;;
REPSOL;1,15;1;;REPSOL_51;1;0,1729;0,16317687;;;0,1356;0,09432432
REPSOL;2,3;2;;REPSOL_51;1;0,2258;0,16317687;;;0,1697;0,08920374
REPSOL;3,45;3;;REPSOL_51;1;0,2787;0,16317687;;;0,2027;0,08623797
REPSOL;4,6;4;;REPSOL_51;1;0,3316;0,16317687;;;0,2564;0,08494806
REPSOL;5,75;;;REPSOL_51;1;0,3845;0,16317687;;;;
REPSOL;6,9;;;REPSOL_51;1;0,4374;0,16317687;;;;
REPSOL;10,35;;;REPSOL_51;1;0,5961;0,16317687;;;;
REPSOL;13,8;;;REPSOL_51;1;0,7548;0,16317687;;;;
REPSOL;17,25;;;REPSOL_51;1;0,9135;0,16317687;;;;
REPSOL;20,7;;;REPSOL_51;1;1,0722;0,16317687;;;;
REPSOL;1,15;1;;REPSOL_52;1;0,1729;0,16317687;;;0,1356;0,09432432
REPSOL;2,3;2;;REPSOL_52;1;0,2258;0,16317687;;;0,1697;0,08920374
REPSOL;3,45;3;;REPSOL_52;1;0,2787;0,16317687;;;0,2027;0,08623797
REPSOL;4,6;4;;REPSOL_52;1;0,3316;0,16317687;;;0,2564;0,08494806
REPSOL;5,75;;;REPSOL_52;1;0,3845;0,16317687;;;;
REPSOL;6,9;;;REPSOL_52;1;0,4374;0,16317687;;;;
REPSOL;10,35;;;REPSOL_52;1;0,5961;0,16317687;;;;
REPSOL;13,8;;;REPSOL_52;1;0,7548;0,16317687;;;;
REPSOL;17,25;;;REPSOL_52;1;0,9135;0,16317687;;;;
REPSOL;20,7;;;REPSOL_52;1;1,0722;0,16317687;;;;
REPSOL;1,15;1;;REPSOL_53;1;0,1729;0,16317687;;;0,1356;0,09432432
REPSOL;2,3;2;;REPSOL_53;1;0,2258;0,16317687;;;0,1697;0,08920374
REPSOL;3,45;3;;REPSOL_53;1;0,2787;0,16317687;;;0,2027;0,08623797
REPSOL;4,6;4;;REPSOL_53;1;0,3316;0,16317687;;;0,2564;0,08494806
REPSOL;5,75;;;REPSOL_53;1;0,3845;0,16317687;;;;
REPSOL;6,9;;;REPSOL_53;1;0,4374;0,16317687;;;;
REPSOL;10,35;;;REPSOL_53;1;0,5961;0,16317687;;;;
REPSOL;13,8;;;REPSOL_53;1;0,7548;0,16317687;;;;
REPSOL;17,25;;;REPSOL_53;1;0,9135;0,16317687;;;;
REPSOL;20,7;;;REPSOL_53;1;1,0722;0,16317687;;;;
REPSOL;1,15;1;;REPSOL_54;1;0,1729;0,16317687;;;0,1356;0,09432432
REPSOL;2,3;2;;REPSOL_54;1;0,2258;0,16317687;;;0,1697;0,08920374
REPSOL;3,45;3;;REPSOL_54;1;0,2787;0,16317687;;;0,2027;0,08623797
REPSOL;4,6;4;;REPSOL_54;1;0,3316;0,16317687;;;0,2564;0,08494806
REPSOL;5,75;;;REPSOL_54;1;0,3845;0,16317687;;;;
REPSOL;6,9;;;REPSOL_54;1;0,4374;0,16317687;;;;
REPSOL;10,35;;;REPSOL_54;1;0,5961;0,16317687;;;;
REPSOL;13,8;;;REPSOL_54;1;0,7548;0,16317687;;;;
REPSOL;17,25;;;REPSOL_54;1;0,9135;0,16317687;;;;
REPSOL;20,7;;;REPSOL_54;1;1,0722;0,16317687;;;;
REPSOL;1,15;1;;REPSOL_55;1;0,1729;0,16317687;;;0,1356;0,09432432
REPSOL;2,3;2;;REPSOL_55;1;0,2258;0,16317687;;;0,1697;0,08920374
REPSOL;3,45;3;;REPSOL_55;1;0,2787;0,16317687;;;0,2027;0,08623797
REPSOL;4,6;4;;REPSOL_55;1;0,3316;0,16317687;;;0,2564;0,08494806
REPSOL;5,75;;;REPSOL_55;1;0,3845;0,16317687;;;;
REPSOL;6,9;;;REPSOL_55;1;0,4374;0,16317687;;;;
REPSOL;10,35;;;REPSOL_55;1;0,5961;0,16317687;;;;
REPSOL;13,8;;;REPSOL_55;1;0,7548;0,16317687;;;;
REPSOL;17,25;;;REPSOL_55;1;0,9135;0,16317687;;;;
REPSOL;20,7;;;REPSOL_55;1;1,0722;0,16317687;;;;
REPSOL;1,15;1;;REPSOL_56;1;0,1729;0,16844064;;;;
REPSOL;2,3;2;;REPSOL_56;1;0,2258;0,16844064;;;;
REPSOL;3,45;3;;REPSOL_56;1;0,2787;0,16844064;;;;
REPSOL;4,6;4;;REPSOL_56;1;0,3316;0,16844064;;;;
REPSOL;5,75;;;REPSOL_56;1;0,3845;0,16844064;;;;
REPSOL;6,9;;;REPSOL_56;1;0,4374;0,16844064;;;;
REPSOL;10,35;;;REPSOL_56;1;0,5961;0,16844064;;;;
REPSOL;13,8;;;REPSOL_56;1;0,7548;0,16844064;;;;
REPSOL;17,25;;;REPSOL_56;1;0,9135;0,16844064;;;;
REPSOL;20,7;;;REPSOL_56;1;1,0722;0,16844064;;;;
REPSOL;1,15;1;;REPSOL_57;1;0,1729;0,16844064;;;;
REPSOL;2,3;2;;REPSOL_57;1;0,2258;0,16844064;;;;
REPSOL;3,45;3;;REPSOL_57;1;0,2787;0,16844064;;;;
REPSOL;4,6;4;;REPSOL_57;1;0,3316;0,16844064;;;;
REPSOL;5,75;;;REPSOL_57;1;0,3845;0,16844064;;;;
REPSOL;6,9;;;REPSOL_57;1;0,4374;0,16844064;;;;
REPSOL;10,35;;;REPSOL_57;1;0,5961;0,16844064;;;;
REPSOL;13,8;;;REPSOL_57;1;0,7548;0,16844064;;;;
REPSOL;17,25;;;REPSOL_57;1;0,9135;0,16844064;;;;
REPSOL;20,7;;;REPSOL_57;1;1,0722;0,16844064;;;;
REPSOL;1,15;1;;REPSOL_58;1;0,1729;0,16844064;;;;
REPSOL;2,3;2;;REPSOL_58;1;0,2258;0,16844064;;;;
REPSOL;3,45;3;;REPSOL_58;1;0,2787;0,16844064;;;;
REPSOL;4,6;4;;REPSOL_58;1;0,3316;0,16844064;;;;
REPSOL;5,75;;;REPSOL_58;1;0,3845;0,16844064;;;;
REPSOL;6,9;;;REPSOL_58;1;0,4374;0,16844064;;;;
REPSOL;10,35;;;REPSOL_58;1;0,5961;0,16844064;;;;
REPSOL;13,8;;;REPSOL_58;1;0,7548;0,16844064;;;;
REPSOL;17,25;;;REPSOL_58;1;0,9135;0,16844064;;;;
REPSOL;20,7;;;REPSOL_58;1;1,0722;0,16844064;;;;
REPSOL;1,15;1;;REPSOL_59;1;0,1729;0,16844064;;;;
REPSOL;2,3;2;;REPSOL_59;1;0,2258;0,16844064;;;;
REPSOL;3,45;3;;REPSOL_59;1;0,2787;0,16844064;;;;
REPSOL;4,6;4;;REPSOL_59;1;0,3316;0,16844064;;;;
REPSOL;5,75;;;REPSOL_59;1;0,3845;0,16844064;;;;
REPSOL;6,9;;;REPSOL_59;1;0,4374;0,16844064;;;;
REPSOL;10,35;;;REPSOL_59;1;0,5961;0,16844064;;;;
REPSOL;13,8;;;REPSOL_59;1;0,7548;0,16844064;;;;
REPSOL;17,25;;;REPSOL_59;1;0,9135;0,16844064;;;;
REPSOL;20,7;;;REPSOL_59;1;1,0722;0,16844064;;;;
REPSOL;1,15;1;;REPSOL_60;1;0,1729;0,17019523;;;;
REPSOL;2,3;2;;REPSOL_60;1;0,2258;0,17019523;;;;
REPSOL;3,45;3;;REPSOL_60;1;0,2787;0,17019523;;;;
REPSOL;4,6;4;;REPSOL_60;1;0,3316;0,17019523;;;;
REPSOL;5,75;;;REPSOL_60;1;0,3845;0,17019523;;;;
REPSOL;6,9;;;REPSOL_60;1;0,4374;0,17019523;;;;
REPSOL;10,35;;;REPSOL_60;1;0,5961;0,17019523;;;;
REPSOL;13,8;;;REPSOL_60;1;0,7548;0,17019523;;;;
REPSOL;17,25;;;REPSOL_60;1;0,9135;0,17019523;;;;
REPSOL;20,7;;;REPSOL_60;1;1,0722;0,17019523;;;;
REPSOL;1,15;1;;REPSOL_61;1;0,2329;0,1499625;;;0,1746;0,08461875
REPSOL;2,3;2;;REPSOL_61;1;0,2858;0,1499625;;;0,2087;0,08154975
REPSOL;3,45;3;;REPSOL_61;1;0,3387;0,1499625;;;0,2627;0,080088
REPSOL;4,6;4;;REPSOL_61;1;0,3916;0,1499625;;;0,3164;0,0798765
REPSOL;5,75;;;REPSOL_61;1;0,4445;0,1499625;;;;
REPSOL;6,9;;;REPSOL_61;1;0,4974;0,1499625;;;;
REPSOL;10,35;;;REPSOL_61;1;0,7161;0,1499625;;;;
REPSOL;13,8;;;REPSOL_61;1;0,8748;0,1499625;;;;
REPSOL;17,25;;;REPSOL_61;1;1,0335;0,1499625;;;;
REPSOL;20,7;;;REPSOL_61;1;1,1922;0,1499625;;;;
REPSOL;1,15;1;;REPSOL_62;1;0,2329;0,1539615;;;0,1746;0,08687525
REPSOL;2,3;2;;REPSOL_62;1;0,2858;0,1539615;;;0,2087;0,08372441
REPSOL;3,45;3;;REPSOL_62;1;0,3387;0,1539615;;;0,2627;0,08222368
REPSOL;4,6;4;;REPSOL_62;1;0,3916;0,1539615;;;0,3164;0,08200654
REPSOL;5,75;;;REPSOL_62;1;0,4445;0,1539615;;;;
REPSOL;6,9;;;REPSOL_62;1;0,4974;0,1539615;;;;
REPSOL;10,35;;;REPSOL_62;1;0,7161;0,1539615;;;;
REPSOL;13,8;;;REPSOL_62;1;0,8748;0,1539615;;;;
REPSOL;17,25;;;REPSOL_62;1;1,0335;0,1539615;;;;
REPSOL;20,7;;;REPSOL_62;1;1,1922;0,1539615;;;;
REPSOL;1,15;1;;REPSOL_63;1;0,2329;0,1499625;;;0,1746;0,08461875
REPSOL;2,3;2;;REPSOL_63;1;0,2858;0,1499625;;;0,2087;0,08154975
REPSOL;3,45;3;;REPSOL_63;1;0,3387;0,1499625;;;0,2627;0,080088
REPSOL;4,6;4;;REPSOL_63;1;0,3916;0,1499625;;;0,3164;0,0798765
REPSOL;5,75;;;REPSOL_63;1;0,4445;0,1499625;;;;
REPSOL;6,9;;;REPSOL_63;1;0,4974;0,1499625;;;;
REPSOL;10,35;;;REPSOL_63;1;0,7161;0,1499625;;;;
REPSOL;13,8;;;REPSOL_63;1;0,8748;0,1499625;;;;
REPSOL;17,25;;;REPSOL_63;1;1,0335;0,1499625;;;;
REPSOL;20,7;;;REPSOL_63;1;1,1922;0,1499625;;;;
REPSOL;1,15;1;;REPSOL_64;1;0,2329;0,1499625;;;0,1746;0,08461875
REPSOL;2,3;2;;REPSOL_64;1;0,2858;0,1499625;;;0,2087;0,08154975
REPSOL;3,45;3;;REPSOL_64;1;0,3387;0,1499625;;;0,2627;0,080088
REPSOL;4,6;4;;REPSOL_64;1;0,3916;0,1499625;;;0,3164;0,0798765
REPSOL;5,75;;;REPSOL_64;1;0,4445;0,1499625;;;;
REPSOL;6,9;;;REPSOL_64;1;0,4974;0,1499625;;;;
REPSOL;10,35;;;REPSOL_64;1;0,7161;0,1499625;;;;
REPSOL;13,8;;;REPSOL_64;1;0,8748;0,1499625;;;;
REPSOL;17,25;;;REPSOL_64;1;1,0335;0,1499625;;;;
REPSOL;20,7;;;REPSOL_64;1;1,1922;0,1499625;;;;
REPSOL;1,15;1;;REPSOL_65;1;0,1729;0,16493146;;;;
REPSOL;2,3;2;;REPSOL_65;1;0,2258;0,16493146;;;;
REPSOL;3,45;3;;REPSOL_65;1;0,2787;0,16493146;;;;
REPSOL;4,6;4;;REPSOL_65;1;0,3316;0,16493146;;;;
REPSOL;5,75;;;REPSOL_65;1;0,3845;0,16493146;;;;
REPSOL;6,9;;;REPSOL_65;1;0,4374;0,16493146;;;;
REPSOL;10,35;;;REPSOL_65;1;0,5961;0,16493146;;;;
REPSOL;13,8;;;REPSOL_65;1;0,7548;0,16493146;;;;
REPSOL;17,25;;;REPSOL_65;1;0,9135;0,16493146;;;;
REPSOL;20,7;;;REPSOL_65;1;1,0722;0,16493146;;;;
REPSOL;1,15;1;;REPSOL_66;1;0,1729;0,16493146;;;;
REPSOL;2,3;2;;REPSOL_66;1;0,2258;0,16493146;;;;
REPSOL;3,45;3;;REPSOL_66;1;0,2787;0,16493146;;;;
REPSOL;4,6;4;;REPSOL_66;1;0,3316;0,16493146;;;;
REPSOL;5,75;;;REPSOL_66;1;0,3845;0,16493146;;;;
REPSOL;6,9;;;REPSOL_66;1;0,4374;0,16493146;;;;
REPSOL;10,35;;;REPSOL_66;1;0,5961;0,16493146;;;;
REPSOL;13,8;;;REPSOL_66;1;0,7548;0,16493146;;;;
REPSOL;17,25;;;REPSOL_66;1;0,9135;0,16493146;;;;
REPSOL;20,7;;;REPSOL_66;1;1,0722;0,16493146;;;;
REPSOL;1,15;1;;REPSOL_67;1;0,1729;0,16493146;;;0,1356;0,09533856
REPSOL;2,3;2;;REPSOL_67;1;0,2258;0,16493146;;;0,1697;0,09016292
REPSOL;3,45;3;;REPSOL_67;1;0,2787;0,16493146;;;0,2027;0,08716526
REPSOL;4,6;4;;REPSOL_67;1;0,3316;0,16493146;;;0,2564;0,08586148
REPSOL;5,75;;;REPSOL_67;1;0,3845;0,16493146;;;;
REPSOL;6,9;;;REPSOL_67;1;0,4374;0,16493146;;;;
REPSOL;10,35;;;REPSOL_67;1;0,5961;0,16493146;;;;
REPSOL;13,8;;;REPSOL_67;1;0,7548;0,16493146;;;;
REPSOL;17,25;;;REPSOL_67;1;0,9135;0,16493146;;;;
REPSOL;20,7;;;REPSOL_67;1;1,0722;0,16493146;;;;
REPSOL;1,15;1;;REPSOL_68;1;0,1729;0,16668605;;;0,1356;0,0963528
REPSOL;2,3;2;;REPSOL_68;1;0,2258;0,16668605;;;0,1697;0,0911221
REPSOL;3,45;3;;REPSOL_68;1;0,2787;0,16668605;;;0,2027;0,08809255
REPSOL;4,6;4;;REPSOL_68;1;0,3316;0,16668605;;;0,2564;0,0867749
REPSOL;5,75;;;REPSOL_68;1;0,3845;0,16668605;;;;
REPSOL;6,9;;;REPSOL_68;1;0,4374;0,16668605;;;;
REPSOL;10,35;;;REPSOL_68;1;0,5961;0,16668605;;;;
REPSOL;13,8;;;REPSOL_68;1;0,7548;0,16668605;;;;
REPSOL;17,25;;;REPSOL_68;1;0,9135;0,16668605;;;;
REPSOL;20,7;;;REPSOL_68;1;1,0722;0,16668605;;;;
REPSOL;1,15;1;;REPSOL_69;1;0,1729;0,16668605;;;;
REPSOL;2,3;2;;REPSOL_69;1;0,2258;0,16668605;;;;
REPSOL;3,45;3;;REPSOL_69;1;0,2787;0,16668605;;;;
REPSOL;4,6;4;;REPSOL_69;1;0,3316;0,16668605;;;;
REPSOL;5,75;;;REPSOL_69;1;0,3845;0,16668605;;;;
REPSOL;6,9;;;REPSOL_69;1;0,4374;0,16668605;;;;
REPSOL;10,35;;;REPSOL_69;1;0,5961;0,16668605;;;;
REPSOL;13,8;;;REPSOL_69;1;0,7548;0,16668605;;;;
REPSOL;17,25;;;REPSOL_69;1;0,9135;0,16668605;;;;
REPSOL;20,7;;;REPSOL_69;1;1,0722;0,16668605;;;;
REPSOL;1,15;1;;REPSOL_70;1;0,1729;0,16668605;;;;
REPSOL;2,3;2;;REPSOL_70;1;0,2258;0,16668605;;;;
REPSOL;3,45;3;;REPSOL_70;1;0,2787;0,16668605;;;;
REPSOL;4,6;4;;REPSOL_70;1;0,3316;0,16668605;;;;
REPSOL;5,75;;;REPSOL_70;1;0,3845;0,16668605;;;;
REPSOL;6,9;;;REPSOL_70;1;0,4374;0,16668605;;;;
REPSOL;10,35;;;REPSOL_70;1;0,5961;0,16668605;;;;
REPSOL;13,8;;;REPSOL_70;1;0,7548;0,16668605;;;;
REPSOL;17,25;;;REPSOL_70;1;0,9135;0,16668605;;;;
REPSOL;20,7;;;REPSOL_70;1;1,0722;0,16668605;;;;
REPSOL;1,15;1;;REPSOL_71;1;0,1729;0,16668605;;;;
REPSOL;2,3;2;;REPSOL_71;1;0,2258;0,16668605;;;;
REPSOL;3,45;3;;REPSOL_71;1;0,2787;0,16668605;;;;
REPSOL;4,6;4;;REPSOL_71;1;0,3316;0,16668605;;;;
REPSOL;5,75;;;REPSOL_71;1;0,3845;0,16668605;;;;
REPSOL;6,9;;;REPSOL_71;1;0,4374;0,16668605;;;;
REPSOL;10,35;;;REPSOL_71;1;0,5961;0,16668605;;;;
REPSOL;13,8;;;REPSOL_71;1;0,7548;0,16668605;;;;
REPSOL;17,25;;;REPSOL_71;1;0,9135;0,16668605;;;;
REPSOL;20,7;;;REPSOL_71;1;1,0722;0,16668605;;;;
REPSOL;1,15;1;;REPSOL_72;1;0,1729;0,16668605;;;;
REPSOL;2,3;2;;REPSOL_72;1;0,2258;0,16668605;;;;
REPSOL;3,45;3;;REPSOL_72;1;0,2787;0,16668605;;;;
REPSOL;4,6;4;;REPSOL_72;1;0,3316;0,16668605;;;;
REPSOL;5,75;;;REPSOL_72;1;0,3845;0,16668605;;;;
REPSOL;6,9;;;REPSOL_72;1;0,4374;0,16668605;;;;
REPSOL;10,35;;;REPSOL_72;1;0,5961;0,16668605;;;;
REPSOL;13,8;;;REPSOL_72;1;0,7548;0,16668605;;;;
REPSOL;17,25;;;REPSOL_72;1;0,9135;0,16668605;;;;
REPSOL;20,7;;;REPSOL_72;1;1,0722;0,16668605;;;;
REPSOL;1,15;1;;REPSOL_73;1;0,1729;0,16668605;;;;
REPSOL;2,3;2;;REPSOL_73;1;0,2258;0,16668605;;;;
REPSOL;3,45;3;;REPSOL_73;1;0,2787;0,16668605;;;;
REPSOL;4,6;4;;REPSOL_73;1;0,3316;0,16668605;;;;
REPSOL;5,75;;;REPSOL_73;1;0,3845;0,16668605;;;;
REPSOL;6,9;;;REPSOL_73;1;0,4374;0,16668605;;;;
REPSOL;10,35;;;REPSOL_73;1;0,5961;0,16668605;;;;
REPSOL;13,8;;;REPSOL_73;1;0,7548;0,16668605;;;;
REPSOL;17,25;;;REPSOL_73;1;0,9135;0,16668605;;;;
REPSOL;20,7;;;REPSOL_73;1;1,0722;0,16668605;;;;
REPSOL;1,15;1;;REPSOL_74;1;0,1729;0,16317687;;;0,1356;0,09432432
REPSOL;2,3;2;;REPSOL_74;1;0,2258;0,16317687;;;0,1697;0,08920374
REPSOL;3,45;3;;REPSOL_74;1;0,2787;0,16317687;;;0,2027;0,08623797
REPSOL;4,6;4;;REPSOL_74;1;0,3316;0,16317687;;;0,2564;0,08494806
REPSOL;5,75;;;REPSOL_74;1;0,3845;0,16317687;;;;
REPSOL;6,9;;;REPSOL_74;1;0,4374;0,16317687;;;;
REPSOL;10,35;;;REPSOL_74;1;0,5961;0,16317687;;;;
REPSOL;13,8;;;REPSOL_74;1;0,7548;0,16317687;;;;
REPSOL;17,25;;;REPSOL_74;1;0,9135;0,16317687;;;;
REPSOL;20,7;;;REPSOL_74;1;1,0722;0,16317687;;;;
REPSOL;1,15;1;;REPSOL_75;1;0,1729;0,16317687;;;0,1356;0,09432432
REPSOL;2,3;2;;REPSOL_75;1;0,2258;0,16317687;;;0,1697;0,08920374
REPSOL;3,45;3;;REPSOL_75;1;0,2787;0,16317687;;;0,2027;0,08623797
REPSOL;4,6;4;;REPSOL_75;1;0,3316;0,16317687;;;0,2564;0,08494806
REPSOL;5,75;;;REPSOL_75;1;0,3845;0,16317687;;;;
REPSOL;6,9;;;REPSOL_75;1;0,4374;0,16317687;;;;
REPSOL;10,35;;;REPSOL_75;1;0,5961;0,16317687;;;;
REPSOL;13,8;;;REPSOL_75;1;0,7548;0,16317687;;;;
REPSOL;17,25;;;REPSOL_75;1;0,9135;0,16317687;;;;
REPSOL;20,7;;;REPSOL_75;1;1,0722;0,16317687;;;;
REPSOL;1,15;1;;REPSOL_76;1;0,1729;0,16317687;;;0,1356;0,09432432
REPSOL;2,3;2;;REPSOL_76;1;0,2258;0,16317687;;;0,1697;0,08920374
REPSOL;3,45;3;;REPSOL_76;1;0,2787;0,16317687;;;0,2027;0,08623797
REPSOL;4,6;4;;REPSOL_76;1;0,3316;0,16317687;;;0,2564;0,08494806
REPSOL;5,75;;;REPSOL_76;1;0,3845;0,16317687;;;;
REPSOL;6,9;;;REPSOL_76;1;0,4374;0,16317687;;;;
REPSOL;10,35;;;REPSOL_76;1;0,5961;0,16317687;;;;
REPSOL;13,8;;;REPSOL_76;1;0,7548;0,16317687;;;;
REPSOL;17,25;;;REPSOL_76;1;0,9135;0,16317687;;;;
REPSOL;20,7;;;REPSOL_76;1;1,0722;0,16317687;;;;
REPSOL;1,15;1;;REPSOL_77;1;0,1729;0,16317687;;;0,1356;0,09432432
REPSOL;2,3;2;;REPSOL_77;1;0,2258;0,16317687;;;0,1697;0,08920374
REPSOL;3,45;3;;REPSOL_77;1;0,2787;0,16317687;;;0,2027;0,08623797
REPSOL;4,6;4;;REPSOL_77;1;0,3316;0,16317687;;;0,2564;0,08494806
REPSOL;5,75;;;REPSOL_77;1;0,3845;0,16317687;;;;
REPSOL;6,9;;;REPSOL_77;1;0,4374;0,16317687;;;;
REPSOL;10,35;;;REPSOL_77;1;0,5961;0,16317687;;;;
REPSOL;13,8;;;REPSOL_77;1;0,7548;0,16317687;;;;
REPSOL;17,25;;;REPSOL_77;1;0,9135;0,16317687;;;;
REPSOL;20,7;;;REPSOL_77;1;1,0722;0,16317687;;;;
REPSOL;1,15;1;;REPSOL_78;1;0,1729;0,16493146;;;0,1356;0,09533856
REPSOL;2,3;2;;REPSOL_78;1;0,2258;0,16493146;;;0,1697;0,09016292
REPSOL;3,45;3;;REPSOL_78;1;0,2787;0,16493146;;;0,2027;0,08716526
REPSOL;4,6;4;;REPSOL_78;1;0,3316;0,16493146;;;0,2564;0,08586148
REPSOL;5,75;;;REPSOL_78;1;0,3845;0,16493146;;;;
REPSOL;6,9;;;REPSOL_78;1;0,4374;0,16493146;;;;
REPSOL;10,35;;;REPSOL_78;1;0,5961;0,16493146;;;;
REPSOL;13,8;;;REPSOL_78;1;0,7548;0,16493146;;;;
REPSOL;17,25;;;REPSOL_78;1;0,9135;0,16493146;;;;
REPSOL;20,7;;;REPSOL_78;1;1,0722;0,16493146;;;;
REPSOL;1,15;1;;REPSOL_79;1;0,1729;0,16493146;;;;
REPSOL;2,3;2;;REPSOL_79;1;0,2258;0,16493146;;;;
REPSOL;3,45;3;;REPSOL_79;1;0,2787;0,16493146;;;;
REPSOL;4,6;4;;REPSOL_79;1;0,3316;0,16493146;;;;
REPSOL;5,75;;;REPSOL_79;1;0,3845;0,16493146;;;;
REPSOL;6,9;;;REPSOL_79;1;0,4374;0,16493146;;;;
REPSOL;10,35;;;REPSOL_79;1;0,5961;0,16493146;;;;
REPSOL;13,8;;;REPSOL_79;1;0,7548;0,16493146;;;;
REPSOL;17,25;;;REPSOL_79;1;0,9135;0,16493146;;;;
REPSOL;20,7;;;REPSOL_79;1;1,0722;0,16493146;;;;
REPSOL;1,15;1;;REPSOL_80;1;0,1729;0,16493146;;;;
REPSOL;2,3;2;;REPSOL_80;1;0,2258;0,16493146;;;;
REPSOL;3,45;3;;REPSOL_80;1;0,2787;0,16493146;;;;
REPSOL;4,6;4;;REPSOL_80;1;0,3316;0,16493146;;;;
REPSOL;5,75;;;REPSOL_80;1;0,3845;0,16493146;;;;
REPSOL;6,9;;;REPSOL_80;1;0,4374;0,16493146;;;;
REPSOL;10,35;;;REPSOL_80;1;0,5961;0,16493146;;;;
REPSOL;13,8;;;REPSOL_80;1;0,7548;0,16493146;;;;
REPSOL;17,25;;;REPSOL_80;1;0,9135;0,16493146;;;;
REPSOL;20,7;;;REPSOL_80;1;1,0722;0,16493146;;;;
REPSOL;1,15;1;;REPSOL_81;1;0,1729;0,16317687;;;;
REPSOL;2,3;2;;REPSOL_81;1;0,2258;0,16317687;;;;
REPSOL;3,45;3;;REPSOL_81;1;0,2787;0,16317687;;;;
REPSOL;4,6;4;;REPSOL_81;1;0,3316;0,16317687;;;;
REPSOL;5,75;;;REPSOL_81;1;0,3845;0,16317687;;;;
REPSOL;6,9;;;REPSOL_81;1;0,4374;0,16317687;;;;
REPSOL;10,35;;;REPSOL_81;1;0,5961;0,16317687;;;;
REPSOL;13,8;;;REPSOL_81;1;0,7548;0,16317687;;;;
REPSOL;17,25;;;REPSOL_81;1;0,9135;0,16317687;;;;
REPSOL;20,7;;;REPSOL_81;1;1,0722;0,16317687;;;;
REPSOL;1,15;1;;REPSOL_82;1;0,1729;0,16317687;;;;
REPSOL;2,3;2;;REPSOL_82;1;0,2258;0,16317687;;;;
REPSOL;3,45;3;;REPSOL_82;1;0,2787;0,16317687;;;;
REPSOL;4,6;4;;REPSOL_82;1;0,3316;0,16317687;;;;
REPSOL;5,75;;;REPSOL_82;1;0,3845;0,16317687;;;;
REPSOL;6,9;;;REPSOL_82;1;0,4374;0,16317687;;;;
REPSOL;10,35;;;REPSOL_82;1;0,5961;0,16317687;;;;
REPSOL;13,8;;;REPSOL_82;1;0,7548;0,16317687;;;;
REPSOL;17,25;;;REPSOL_82;1;0,9135;0,16317687;;;;
REPSOL;20,7;;;REPSOL_82;1;1,0722;0,16317687;;;;
REPSOL;1,15;1;;REPSOL_83;1;0,1729;0,16142228;;;0,1356;0,09331008
REPSOL;2,3;2;;REPSOL_83;1;0,2258;0,16142228;;;0,1697;0,08824456
REPSOL;3,45;3;;REPSOL_83;1;0,2787;0,16142228;;;0,2027;0,08531068
REPSOL;4,6;4;;REPSOL_83;1;0,3316;0,16142228;;;0,2564;0,08403464
REPSOL;5,75;;;REPSOL_83;1;0,3845;0,16142228;;;;
REPSOL;6,9;;;REPSOL_83;1;0,4374;0,16142228;;;;
REPSOL;10,35;;;REPSOL_83;1;0,5961;0,16142228;;;;
REPSOL;13,8;;;REPSOL_83;1;0,7548;0,16142228;;;;
REPSOL;17,25;;;REPSOL_83;1;0,9135;0,16142228;;;;
REPSOL;20,7;;;REPSOL_83;1;1,0722;0,16142228;;;;
REPSOL;1,15;1;;REPSOL_84;1;0,1729;0,16142228;;;0,1356;0,09331008
REPSOL;2,3;2;;REPSOL_84;1;0,2258;0,16142228;;;0,1697;0,08824456
REPSOL;3,45;3;;REPSOL_84;1;0,2787;0,16142228;;;0,2027;0,08531068
REPSOL;4,6;4;;REPSOL_84;1;0,3316;0,16142228;;;0,2564;0,08403464
REPSOL;5,75;;;REPSOL_84;1;0,3845;0,16142228;;;;
REPSOL;6,9;;;REPSOL_84;1;0,4374;0,16142228;;;;
REPSOL;10,35;;;REPSOL_84;1;0,5961;0,16142228;;;;
REPSOL;13,8;;;REPSOL_84;1;0,7548;0,16142228;;;;
REPSOL;17,25;;;REPSOL_84;1;0,9135;0,16142228;;;;
REPSOL;20,7;;;REPSOL_84;1;1,0722;0,16142228;;;;
REPSOL;1,15;1;;REPSOL_85;1;0,1729;0,16142228;;;0,1356;0,09331008
REPSOL;2,3;2;;REPSOL_85;1;0,2258;0,16142228;;;0,1697;0,08824456
REPSOL;3,45;3;;REPSOL_85;1;0,2787;0,16142228;;;0,2027;0,08531068
REPSOL;4,6;4;;REPSOL_85;1;0,3316;0,16142228;;;0,2564;0,08403464
REPSOL;5,75;;;REPSOL_85;1;0,3845;0,16142228;;;;
REPSOL;6,9;;;REPSOL_85;1;0,4374;0,16142228;;;;
REPSOL;10,35;;;REPSOL_85;1;0,5961;0,16142228;;;;
REPSOL;13,8;;;REPSOL_85;1;0,7548;0,16142228;;;;
REPSOL;17,25;;;REPSOL_85;1;0,9135;0,16142228;;;;
REPSOL;20,7;;;REPSOL_85;1;1,0722;0,16142228;;;;
REPSOL;1,15;1;;REPSOL_86;1;0,1729;0,16142228;;;0,1356;0,09331008
REPSOL;2,3;2;;REPSOL_86;1;0,2258;0,16142228;;;0,1697;0,08824456
REPSOL;3,45;3;;REPSOL_86;1;0,2787;0,16142228;;;0,2027;0,08531068
REPSOL;4,6;4;;REPSOL_86;1;0,3316;0,16142228;;;0,2564;0,08403464
REPSOL;5,75;;;REPSOL_86;1;0,3845;0,16142228;;;;
REPSOL;6,9;;;REPSOL_86;1;0,4374;0,16142228;;;;
REPSOL;10,35;;;REPSOL_86;1;0,5961;0,16142228;;;;
REPSOL;13,8;;;REPSOL_86;1;0,7548;0,16142228;;;;
REPSOL;17,25;;;REPSOL_86;1;0,9135;0,16142228;;;;
REPSOL;20,7;;;REPSOL_86;1;1,0722;0,16142228;;;;
REPSOL;1,15;1;;REPSOL_87;1;0,1729;0,16142228;;;0,1356;0,09331008
REPSOL;2,3;2;;REPSOL_87;1;0,2258;0,16142228;;;0,1697;0,08824456
REPSOL;3,45;3;;REPSOL_87;1;0,2787;0,16142228;;;0,2027;0,08531068
REPSOL;4,6;4;;REPSOL_87;1;0,3316;0,16142228;;;0,2564;0,08403464
REPSOL;5,75;;;REPSOL_87;1;0,3845;0,16142228;;;;
REPSOL;6,9;;;REPSOL_87;1;0,4374;0,16142228;;;;
REPSOL;10,35;;;REPSOL_87;1;0,5961;0,16142228;;;;
REPSOL;13,8;;;REPSOL_87;1;0,7548;0,16142228;;;;
REPSOL;17,25;;;REPSOL_87;1;0,9135;0,16142228;;;;
REPSOL;20,7;;;REPSOL_87;1;1,0722;0,16142228;;;;
REPSOL;1,15;1;;REPSOL_88;1;0,1729;0,16317687;;;0,1356;0,09432432
REPSOL;2,3;2;;REPSOL_88;1;0,2258;0,16317687;;;0,1697;0,08920374
REPSOL;3,45;3;;REPSOL_88;1;0,2787;0,16317687;;;0,2027;0,08623797
REPSOL;4,6;4;;REPSOL_88;1;0,3316;0,16317687;;;0,2564;0,08494806
REPSOL;5,75;;;REPSOL_88;1;0,3845;0,16317687;;;;
REPSOL;6,9;;;REPSOL_88;1;0,4374;0,16317687;;;;
REPSOL;10,35;;;REPSOL_88;1;0,5961;0,16317687;;;;
REPSOL;13,8;;;REPSOL_88;1;0,7548;0,16317687;;;;
REPSOL;17,25;;;REPSOL_88;1;0,9135;0,16317687;;;;
REPSOL;20,7;;;REPSOL_88;1;1,0722;0,16317687;;;;
REPSOL;1,15;1;;REPSOL_89;1;0,1729;0,16317687;;;0,1356;0,09432432
REPSOL;2,3;2;;REPSOL_89;1;0,2258;0,16317687;;;0,1697;0,08920374
REPSOL;3,45;3;;REPSOL_89;1;0,2787;0,16317687;;;0,2027;0,08623797
REPSOL;4,6;4;;REPSOL_89;1;0,3316;0,16317687;;;0,2564;0,08494806
REPSOL;5,75;;;REPSOL_89;1;0,3845;0,16317687;;;;
REPSOL;6,9;;;REPSOL_89;1;0,4374;0,16317687;;;;
REPSOL;10,35;;;REPSOL_89;1;0,5961;0,16317687;;;;
REPSOL;13,8;;;REPSOL_89;1;0,7548;0,16317687;;;;
REPSOL;17,25;;;REPSOL_89;1;0,9135;0,16317687;;;;
REPSOL;20,7;;;REPSOL_89;1;1,0722;0,16317687;;;;
REPSOL;1,15;1;;REPSOL_90;1;0,1729;0,16142228;;;0,1356;0,09331008
REPSOL;2,3;2;;REPSOL_90;1;0,2258;0,16142228;;;0,1697;0,08824456
REPSOL;3,45;3;;REPSOL_90;1;0,2787;0,16142228;;;0,2027;0,08531068
REPSOL;4,6;4;;REPSOL_90;1;0,3316;0,16142228;;;0,2564;0,08403464
REPSOL;5,75;;;REPSOL_90;1;0,3845;0,16142228;;;;
REPSOL;6,9;;;REPSOL_90;1;0,4374;0,16142228;;;;
REPSOL;10,35;;;REPSOL_90;1;0,5961;0,16142228;;;;
REPSOL;13,8;;;REPSOL_90;1;0,7548;0,16142228;;;;
REPSOL;17,25;;;REPSOL_90;1;0,9135;0,16142228;;;;
REPSOL;20,7;;;REPSOL_90;1;1,0722;0,16142228;;;;
REPSOL;1,15;1;;REPSOL_91;1;0,1729;0,16142228;;;0,1356;0,09331008
REPSOL;2,3;2;;REPSOL_91;1;0,2258;0,16142228;;;0,1697;0,08824456
REPSOL;3,45;3;;REPSOL_91;1;0,2787;0,16142228;;;0,2027;0,08531068
REPSOL;4,6;4;;REPSOL_91;1;0,3316;0,16142228;;;0,2564;0,08403464
REPSOL;5,75;;;REPSOL_91;1;0,3845;0,16142228;;;;
REPSOL;6,9;;;REPSOL_91;1;0,4374;0,16142228;;;;
REPSOL;10,35;;;REPSOL_91;1;0,5961;0,16142228;;;;
REPSOL;13,8;;;REPSOL_91;1;0,7548;0,16142228;;;;
REPSOL;17,25;;;REPSOL_91;1;0,9135;0,16142228;;;;
REPSOL;20,7;;;REPSOL_91;1;1,0722;0,16142228;;;;
REPSOL;1,15;1;;REPSOL_92;1;0,1529;0,152197075;;;0,1156;0,0870555986666667
REPSOL;2,3;2;;REPSOL_92;1;0,2058;0,152197075;;;0,1497;0,0819635986666667
REPSOL;3,45;3;;REPSOL_92;1;0,2587;0,152197075;;;0,1827;0,0790145986666667
REPSOL;4,6;4;;REPSOL_92;1;0,3116;0,152197075;;;0,2364;0,0777325986666667
REPSOL;5,75;;;REPSOL_92;1;0,3645;0,152197075;;;;
REPSOL;6,9;;;REPSOL_92;1;0,4174;0,152197075;;;;
REPSOL;10,35;;;REPSOL_92;1;0,5761;0,152197075;;;;
REPSOL;13,8;;;REPSOL_92;1;0,7348;0,152197075;;;;
REPSOL;17,25;;;REPSOL_92;1;0,8935;0,152197075;;;;
REPSOL;20,7;;;REPSOL_92;1;1,0522;0,152197075;;;;
REPSOL;1,15;1;;REPSOL_93;1;0,1529;0,152197075;;;0,1156;0,0870555986666667
REPSOL;2,3;2;;REPSOL_93;1;0,2058;0,152197075;;;0,1497;0,0819635986666667
REPSOL;3,45;3;;REPSOL_93;1;0,2587;0,152197075;;;0,1827;0,0790145986666667
REPSOL;4,6;4;;REPSOL_93;1;0,3116;0,152197075;;;0,2364;0,0777325986666667
REPSOL;5,75;;;REPSOL_93;1;0,3645;0,152197075;;;;
REPSOL;6,9;;;REPSOL_93;1;0,4174;0,152197075;;;;
REPSOL;10,35;;;REPSOL_93;1;0,5761;0,152197075;;;;
REPSOL;13,8;;;REPSOL_93;1;0,7348;0,152197075;;;;
REPSOL;17,25;;;REPSOL_93;1;0,8935;0,152197075;;;;
REPSOL;20,7;;;REPSOL_93;1;1,0522;0,152197075;;;;
REPSOL;1,15;1;;REPSOL_94;1;0,1529;0,152197075;;;0,1156;0,0870555986666667
REPSOL;2,3;2;;REPSOL_94;1;0,2058;0,152197075;;;0,1497;0,0819635986666667
REPSOL;3,45;3;;REPSOL_94;1;0,2587;0,152197075;;;0,1827;0,0790145986666667
REPSOL;4,6;4;;REPSOL_94;1;0,3116;0,152197075;;;0,2364;0,0777325986666667
REPSOL;5,75;;;REPSOL_94;1;0,3645;0,152197075;;;;
REPSOL;6,9;;;REPSOL_94;1;0,4174;0,152197075;;;;
REPSOL;10,35;;;REPSOL_94;1;0,5761;0,152197075;;;;
REPSOL;13,8;;;REPSOL_94;1;0,7348;0,152197075;;;;
REPSOL;17,25;;;REPSOL_94;1;0,8935;0,152197075;;;;
REPSOL;20,7;;;REPSOL_94;1;1,0522;0,152197075;;;;
REPSOL;1,15;1;;REPSOL_95;1;0,1529;0,152197075;;;0,1156;0,0870555986666667
REPSOL;2,3;2;;REPSOL_95;1;0,2058;0,152197075;;;0,1497;0,0819635986666667
REPSOL;3,45;3;;REPSOL_95;1;0,2587;0,152197075;;;0,1827;0,0790145986666667
REPSOL;4,6;4;;REPSOL_95;1;0,3116;0,152197075;;;0,2364;0,0777325986666667
REPSOL;5,75;;;REPSOL_95;1;0,3645;0,152197075;;;;
REPSOL;6,9;;;REPSOL_95;1;0,4174;0,152197075;;;;
REPSOL;10,35;;;REPSOL_95;1;0,5761;0,152197075;;;;
REPSOL;13,8;;;REPSOL_95;1;0,7348;0,152197075;;;;
REPSOL;17,25;;;REPSOL_95;1;0,8935;0,152197075;;;;
REPSOL;20,7;;;REPSOL_95;1;1,0522;0,152197075;;;;
REPSOL;1,15;1;;REPSOL_96;1;0,2029;0,150997075;;;0,1156;0,0870555986666667
REPSOL;2,3;2;;REPSOL_96;1;0,2558;0,150997075;;;0,1497;0,0819635986666667
REPSOL;3,45;3;;REPSOL_96;1;0,3087;0,150997075;;;0,1827;0,0790145986666667
REPSOL;4,6;4;;REPSOL_96;1;0,3616;0,150997075;;;0,2364;0,0777325986666667
REPSOL;5,75;;;REPSOL_96;1;0,4145;0,150997075;;;;
REPSOL;6,9;;;REPSOL_96;1;0,4674;0,150997075;;;;
REPSOL;10,35;;;REPSOL_96;1;0,6261;0,150997075;;;;
REPSOL;13,8;;;REPSOL_96;1;0,7848;0,150997075;;;;
REPSOL;17,25;;;REPSOL_96;1;0,9435;0,150997075;;;;
REPSOL;20,7;;;REPSOL_96;1;1,1022;0,150997075;;;;
REPSOL;1,15;1;;REPSOL_97;1;0,2779;0,158497075;;;;
REPSOL;2,3;2;;REPSOL_97;1;0,3308;0,158497075;;;;
REPSOL;3,45;3;;REPSOL_97;1;0,3837;0,158497075;;;;
REPSOL;4,6;4;;REPSOL_97;1;0,3866;0,158497075;;;;
REPSOL;5,75;;;REPSOL_97;1;0,4395;0,158497075;;;;
REPSOL;6,9;;;REPSOL_97;1;0,4924;0,158497075;;;;
REPSOL;10,35;;;REPSOL_97;1;0,6511;0,158497075;;;;
REPSOL;13,8;;;REPSOL_97;1;0,8098;0,158497075;;;;
REPSOL;17,25;;;REPSOL_97;1;0,9685;0,158497075;;;;
REPSOL;20,7;;;REPSOL_97;1;1,1272;0,158497075;;;;
REPSOL;1,15;1;;REPSOL_98;1;0,3029;0,161997075;;;;
REPSOL;2,3;2;;REPSOL_98;1;0,3558;0,161997075;;;;
REPSOL;3,45;3;;REPSOL_98;1;0,4087;0,161997075;;;;
REPSOL;4,6;4;;REPSOL_98;1;0,4116;0,161997075;;;;
REPSOL;5,75;;;REPSOL_98;1;0,4645;0,161997075;;;;
REPSOL;6,9;;;REPSOL_98;1;0,5174;0,161997075;;;;
REPSOL;10,35;;;REPSOL_98;1;0,6761;0,161997075;;;;
REPSOL;13,8;;;REPSOL_98;1;0,8348;0,161997075;;;;
REPSOL;17,25;;;REPSOL_98;1;0,9935;0,161997075;;;;
REPSOL;20,7;;;REPSOL_98;1;1,1522;0,161997075;;;;
REPSOL;1,15;1;;REPSOL_99;1;0,2779;0,158497075;;;;
REPSOL;2,3;2;;REPSOL_99;1;0,3308;0,158497075;;;;
REPSOL;3,45;3;;REPSOL_99;1;0,3837;0,158497075;;;;
REPSOL;4,6;4;;REPSOL_99;1;0,3866;0,158497075;;;;
REPSOL;5,75;;;REPSOL_99;1;0,4395;0,158497075;;;;
REPSOL;6,9;;;REPSOL_99;1;0,4924;0,158497075;;;;
REPSOL;10,35;;;REPSOL_99;1;0,6511;0,158497075;;;;
REPSOL;13,8;;;REPSOL_99;1;0,8098;0,158497075;;;;
REPSOL;17,25;;;REPSOL_99;1;0,9685;0,158497075;;;;
REPSOL;20,7;;;REPSOL_99;1;1,1272;0,158497075;;;;
REPSOL;1,15;;;REPSOL_01;2;0;0;0;;;
REPSOL;2,3;;;REPSOL_01;2;0;0;0;;;
REPSOL;3,45;;;REPSOL_01;2;0;0;0;;;
REPSOL;4,6;;;REPSOL_01;2;0;0;0;;;
REPSOL;5,75;;;REPSOL_01;2;0;0;0;;;
REPSOL;6,9;;;REPSOL_01;2;0;0;0;;;
REPSOL;10,35;;;REPSOL_01;2;0;0;0;;;
REPSOL;13,8;;;REPSOL_01;2;0;0;0;;;
REPSOL;17,25;;;REPSOL_01;2;0;0;0;;;
REPSOL;20,7;;;REPSOL_01;2;0;0;0;;;
REPSOL;1,15;;;REPSOL_02;2;0,2329;0,21769161;0,12232383;;;
REPSOL;2,3;;;REPSOL_02;2;0,2858;0,21769161;0,12232383;;;
REPSOL;3,45;;;REPSOL_02;2;0,3387;0,21769161;0,12232383;;;
REPSOL;4,6;;;REPSOL_02;2;0,3916;0,21769161;0,12232383;;;
REPSOL;5,75;;;REPSOL_02;2;0,4445;0,21769161;0,12232383;;;
REPSOL;6,9;;;REPSOL_02;2;0,4974;0,21769161;0,12232383;;;
REPSOL;10,35;;;REPSOL_02;2;0,7161;0,21769161;0,12232383;;;
REPSOL;13,8;;;REPSOL_02;2;0,8748;0,21769161;0,12232383;;;
REPSOL;17,25;;;REPSOL_02;2;1,0335;0,21769161;0,12232383;;;
REPSOL;20,7;;;REPSOL_02;2;1,1922;0,21769161;0,12232383;;;
REPSOL;1,15;;;REPSOL_03;2;0,2329;0,20598776;0,11574728;;;
REPSOL;2,3;;;REPSOL_03;2;0,2858;0,20598776;0,11574728;;;
REPSOL;3,45;;;REPSOL_03;2;0,3387;0,20598776;0,11574728;;;
REPSOL;4,6;;;REPSOL_03;2;0,3916;0,20598776;0,11574728;;;
REPSOL;5,75;;;REPSOL_03;2;0,4445;0,20598776;0,11574728;;;
REPSOL;6,9;;;REPSOL_03;2;0,4974;0,20598776;0,11574728;;;
REPSOL;10,35;;;REPSOL_03;2;0,7161;0,20598776;0,11574728;;;
REPSOL;13,8;;;REPSOL_03;2;0,8748;0,20598776;0,11574728;;;
REPSOL;17,25;;;REPSOL_03;2;1,0335;0,20598776;0,11574728;;;
REPSOL;20,7;;;REPSOL_03;2;1,1922;0,20598776;0,11574728;;;
REPSOL;1,15;;;REPSOL_04;2;0,2329;0,2106693;0,1183779;;;
REPSOL;2,3;;;REPSOL_04;2;0,2858;0,2106693;0,1183779;;;
REPSOL;3,45;;;REPSOL_04;2;0,3387;0,2106693;0,1183779;;;
REPSOL;4,6;;;REPSOL_04;2;0,3916;0,2106693;0,1183779;;;
REPSOL;5,75;;;REPSOL_04;2;0,4445;0,2106693;0,1183779;;;
REPSOL;6,9;;;REPSOL_04;2;0,4974;0,2106693;0,1183779;;;
REPSOL;10,35;;;REPSOL_04;2;0,7161;0,2106693;0,1183779;;;
REPSOL;13,8;;;REPSOL_04;2;0,8748;0,2106693;0,1183779;;;
REPSOL;17,25;;;REPSOL_04;2;1,0335;0,2106693;0,1183779;;;
REPSOL;20,7;;;REPSOL_04;2;1,1922;0,2106693;0,1183779;;;
REPSOL;1,15;;;REPSOL_05;2;0,2329;0,22237315;0,12495445;;;
REPSOL;2,3;;;REPSOL_05;2;0,2858;0,22237315;0,12495445;;;
REPSOL;3,45;;;REPSOL_05;2;0,3387;0,22237315;0,12495445;;;
REPSOL;4,6;;;REPSOL_05;2;0,3916;0,22237315;0,12495445;;;
REPSOL;5,75;;;REPSOL_05;2;0,4445;0,22237315;0,12495445;;;
REPSOL;6,9;;;REPSOL_05;2;0,4974;0,22237315;0,12495445;;;
REPSOL;10,35;;;REPSOL_05;2;0,7161;0,22237315;0,12495445;;;
REPSOL;13,8;;;REPSOL_05;2;0,8748;0,22237315;0,12495445;;;
REPSOL;17,25;;;REPSOL_05;2;1,0335;0,22237315;0,12495445;;;
REPSOL;20,7;;;REPSOL_05;2;1,1922;0,22237315;0,12495445;;;
REPSOL;1,15;;;REPSOL_06;2;0;0;0;;;
REPSOL;2,3;;;REPSOL_06;2;0;0;0;;;
REPSOL;3,45;;;REPSOL_06;2;0;0;0;;;
REPSOL;4,6;;;REPSOL_06;2;0;0;0;;;
REPSOL;5,75;;;REPSOL_06;2;0;0;0;;;
REPSOL;6,9;;;REPSOL_06;2;0;0;0;;;
REPSOL;10,35;;;REPSOL_06;2;0;0;0;;;
REPSOL;13,8;;;REPSOL_06;2;0;0;0;;;
REPSOL;17,25;;;REPSOL_06;2;0;0;0;;;
REPSOL;20,7;;;REPSOL_06;2;0;0;0;;;
REPSOL;1,15;;;REPSOL_07;2;0;0;0;;;
REPSOL;2,3;;;REPSOL_07;2;0;0;0;;;
REPSOL;3,45;;;REPSOL_07;2;0;0;0;;;
REPSOL;4,6;;;REPSOL_07;2;0;0;0;;;
REPSOL;5,75;;;REPSOL_07;2;0;0;0;;;
REPSOL;6,9;;;REPSOL_07;2;0;0;0;;;
REPSOL;10,35;;;REPSOL_07;2;0;0;0;;;
REPSOL;13,8;;;REPSOL_07;2;0;0;0;;;
REPSOL;17,25;;;REPSOL_07;2;0;0;0;;;
REPSOL;20,7;;;REPSOL_07;2;0;0;0;;;
REPSOL;1,15;;;REPSOL_08;2;0;0;0;;;
REPSOL;2,3;;;REPSOL_08;2;0;0;0;;;
REPSOL;3,45;;;REPSOL_08;2;0;0;0;;;
REPSOL;4,6;;;REPSOL_08;2;0;0;0;;;
REPSOL;5,75;;;REPSOL_08;2;0;0;0;;;
REPSOL;6,9;;;REPSOL_08;2;0;0;0;;;
REPSOL;10,35;;;REPSOL_08;2;0;0;0;;;
REPSOL;13,8;;;REPSOL_08;2;0;0;0;;;
REPSOL;17,25;;;REPSOL_08;2;0;0;0;;;
REPSOL;20,7;;;REPSOL_08;2;0;0;0;;;
REPSOL;1,15;;;REPSOL_09;2;0;0;0;;;
REPSOL;2,3;;;REPSOL_09;2;0;0;0;;;
REPSOL;3,45;;;REPSOL_09;2;0;0;0;;;
REPSOL;4,6;;;REPSOL_09;2;0;0;0;;;
REPSOL;5,75;;;REPSOL_09;2;0;0;0;;;
REPSOL;6,9;;;REPSOL_09;2;0;0;0;;;
REPSOL;10,35;;;REPSOL_09;2;0;0;0;;;
REPSOL;13,8;;;REPSOL_09;2;0;0;0;;;
REPSOL;17,25;;;REPSOL_09;2;0;0;0;;;
REPSOL;20,7;;;REPSOL_09;2;0;0;0;;;
REPSOL;1,15;;;REPSOL_10;2;0,2329;0,19194314;0,10785542;;;
REPSOL;2,3;;;REPSOL_10;2;0,2858;0,19194314;0,10785542;;;
REPSOL;3,45;;;REPSOL_10;2;0,3387;0,19194314;0,10785542;;;
REPSOL;4,6;;;REPSOL_10;2;0,3916;0,19194314;0,10785542;;;
REPSOL;5,75;;;REPSOL_10;2;0,4445;0,19194314;0,10785542;;;
REPSOL;6,9;;;REPSOL_10;2;0,4974;0,19194314;0,10785542;;;
REPSOL;10,35;;;REPSOL_10;2;0,7161;0,19194314;0,10785542;;;
REPSOL;13,8;;;REPSOL_10;2;0,8748;0,19194314;0,10785542;;;
REPSOL;17,25;;;REPSOL_10;2;1,0335;0,19194314;0,10785542;;;
REPSOL;20,7;;;REPSOL_10;2;1,1922;0,19194314;0,10785542;;;
REPSOL;1,15;;;REPSOL_100;2;0,2779;0,181497075;0,113397075;;;
REPSOL;2,3;;;REPSOL_100;2;0,3308;0,181497075;0,113397075;;;
REPSOL;3,45;;;REPSOL_100;2;0,3837;0,181497075;0,113397075;;;
REPSOL;4,6;;;REPSOL_100;2;0,3866;0,181497075;0,113397075;;;
REPSOL;5,75;;;REPSOL_100;2;0,4395;0,181497075;0,113397075;;;
REPSOL;6,9;;;REPSOL_100;2;0,4924;0,181497075;0,113397075;;;
REPSOL;10,35;;;REPSOL_100;2;0,6511;0,181497075;0,113397075;;;
REPSOL;13,8;;;REPSOL_100;2;0,8098;0,181497075;0,113397075;;;
REPSOL;17,25;;;REPSOL_100;2;0,9685;0,181497075;0,113397075;;;
REPSOL;20,7;;;REPSOL_100;2;1,1272;0,181497075;0,113397075;;;
REPSOL;1,15;;;REPSOL_101;2;0,1729;0,19570142;0,10309356;;;
REPSOL;2,3;;;REPSOL_101;2;0,2258;0,19570142;0,10309356;;;
REPSOL;3,45;;;REPSOL_101;2;0,2787;0,19570142;0,10309356;;;
REPSOL;4,6;;;REPSOL_101;2;0,3316;0,19570142;0,10309356;;;
REPSOL;5,75;;;REPSOL_101;2;0,3845;0,19570142;0,10309356;;;
REPSOL;6,9;;;REPSOL_101;2;0,4374;0,19570142;0,10309356;;;
REPSOL;10,35;;;REPSOL_101;2;0,5961;0,19570142;0,10309356;;;
REPSOL;13,8;;;REPSOL_101;2;0,7548;0,19570142;0,10309356;;;
REPSOL;17,25;;;REPSOL_101;2;0,9135;0,19570142;0,10309356;;;
REPSOL;20,7;;;REPSOL_101;2;1,0722;0,19570142;0,10309356;;;
REPSOL;1,15;;;REPSOL_102;2;0,1729;0,19778335;0,1041903;;;
REPSOL;2,3;;;REPSOL_102;2;0,2258;0,19778335;0,1041903;;;
REPSOL;3,45;;;REPSOL_102;2;0,2787;0,19778335;0,1041903;;;
REPSOL;4,6;;;REPSOL_102;2;0,3316;0,19778335;0,1041903;;;
REPSOL;5,75;;;REPSOL_102;2;0,3845;0,19778335;0,1041903;;;
REPSOL;6,9;;;REPSOL_102;2;0,4374;0,19778335;0,1041903;;;
REPSOL;10,35;;;REPSOL_102;2;0,5961;0,19778335;0,1041903;;;
REPSOL;13,8;;;REPSOL_102;2;0,7548;0,19778335;0,1041903;;;
REPSOL;17,25;;;REPSOL_102;2;0,9135;0,19778335;0,1041903;;;
REPSOL;20,7;;;REPSOL_102;2;1,0722;0,19778335;0,1041903;;;
REPSOL;1,15;;;REPSOL_103;2;0,1729;0,19570142;0,10309356;;;
REPSOL;2,3;;;REPSOL_103;2;0,2258;0,19570142;0,10309356;;;
REPSOL;3,45;;;REPSOL_103;2;0,2787;0,19570142;0,10309356;;;
REPSOL;4,6;;;REPSOL_103;2;0,3316;0,19570142;0,10309356;;;
REPSOL;5,75;;;REPSOL_103;2;0,3845;0,19570142;0,10309356;;;
REPSOL;6,9;;;REPSOL_103;2;0,4374;0,19570142;0,10309356;;;
REPSOL;10,35;;;REPSOL_103;2;0,5961;0,19570142;0,10309356;;;
REPSOL;13,8;;;REPSOL_103;2;0,7548;0,19570142;0,10309356;;;
REPSOL;17,25;;;REPSOL_103;2;0,9135;0,19570142;0,10309356;;;
REPSOL;20,7;;;REPSOL_103;2;1,0722;0,19570142;0,10309356;;;
REPSOL;1,15;;;REPSOL_104;2;0,1729;0,19570142;0,10309356;;;
REPSOL;2,3;;;REPSOL_104;2;0,2258;0,19570142;0,10309356;;;
REPSOL;3,45;;;REPSOL_104;2;0,2787;0,19570142;0,10309356;;;
REPSOL;4,6;;;REPSOL_104;2;0,3316;0,19570142;0,10309356;;;
REPSOL;5,75;;;REPSOL_104;2;0,3845;0,19570142;0,10309356;;;
REPSOL;6,9;;;REPSOL_104;2;0,4374;0,19570142;0,10309356;;;
REPSOL;10,35;;;REPSOL_104;2;0,5961;0,19570142;0,10309356;;;
REPSOL;13,8;;;REPSOL_104;2;0,7548;0,19570142;0,10309356;;;
REPSOL;17,25;;;REPSOL_104;2;0,9135;0,19570142;0,10309356;;;
REPSOL;20,7;;;REPSOL_104;2;1,0722;0,19570142;0,10309356;;;
REPSOL;1,15;;;REPSOL_105;2;0,1729;0,19778335;0,1041903;;;
REPSOL;2,3;;;REPSOL_105;2;0,2258;0,19778335;0,1041903;;;
REPSOL;3,45;;;REPSOL_105;2;0,2787;0,19778335;0,1041903;;;
REPSOL;4,6;;;REPSOL_105;2;0,3316;0,19778335;0,1041903;;;
REPSOL;5,75;;;REPSOL_105;2;0,3845;0,19778335;0,1041903;;;
REPSOL;6,9;;;REPSOL_105;2;0,4374;0,19778335;0,1041903;;;
REPSOL;10,35;;;REPSOL_105;2;0,5961;0,19778335;0,1041903;;;
REPSOL;13,8;;;REPSOL_105;2;0,7548;0,19778335;0,1041903;;;
REPSOL;17,25;;;REPSOL_105;2;0,9135;0,19778335;0,1041903;;;
REPSOL;20,7;;;REPSOL_105;2;1,0722;0,19778335;0,1041903;;;
REPSOL;1,15;;;REPSOL_106;2;0,1729;0,19986528;0,10528704;;;
REPSOL;2,3;;;REPSOL_106;2;0,2258;0,19986528;0,10528704;;;
REPSOL;3,45;;;REPSOL_106;2;0,2787;0,19986528;0,10528704;;;
REPSOL;4,6;;;REPSOL_106;2;0,3316;0,19986528;0,10528704;;;
REPSOL;5,75;;;REPSOL_106;2;0,3845;0,19986528;0,10528704;;;
REPSOL;6,9;;;REPSOL_106;2;0,4374;0,19986528;0,10528704;;;
REPSOL;10,35;;;REPSOL_106;2;0,5961;0,19986528;0,10528704;;;
REPSOL;13,8;;;REPSOL_106;2;0,7548;0,19986528;0,10528704;;;
REPSOL;17,25;;;REPSOL_106;2;0,9135;0,19986528;0,10528704;;;
REPSOL;20,7;;;REPSOL_106;2;1,0722;0,19986528;0,10528704;;;
REPSOL;1,15;;;REPSOL_107;2;0,1529;0,175197075;0,107097075;;;
REPSOL;2,3;;;REPSOL_107;2;0,2058;0,175197075;0,107097075;;;
REPSOL;3,45;;;REPSOL_107;2;0,2587;0,175197075;0,107097075;;;
REPSOL;4,6;;;REPSOL_107;2;0,3116;0,175197075;0,107097075;;;
REPSOL;5,75;;;REPSOL_107;2;0,3645;0,175197075;0,107097075;;;
REPSOL;6,9;;;REPSOL_107;2;0,4174;0,175197075;0,107097075;;;
REPSOL;10,35;;;REPSOL_107;2;0,5761;0,175197075;0,107097075;;;
REPSOL;13,8;;;REPSOL_107;2;0,7348;0,175197075;0,107097075;;;
REPSOL;17,25;;;REPSOL_107;2;0,8935;0,175197075;0,107097075;;;
REPSOL;20,7;;;REPSOL_107;2;1,0522;0,175197075;0,107097075;;;
REPSOL;1,15;;;REPSOL_108;2;0,1729;0,19778335;0,1041903;;;
REPSOL;2,3;;;REPSOL_108;2;0,2258;0,19778335;0,1041903;;;
REPSOL;3,45;;;REPSOL_108;2;0,2787;0,19778335;0,1041903;;;
REPSOL;4,6;;;REPSOL_108;2;0,3316;0,19778335;0,1041903;;;
REPSOL;5,75;;;REPSOL_108;2;0,3845;0,19778335;0,1041903;;;
REPSOL;6,9;;;REPSOL_108;2;0,4374;0,19778335;0,1041903;;;
REPSOL;10,35;;;REPSOL_108;2;0,5961;0,19778335;0,1041903;;;
REPSOL;13,8;;;REPSOL_108;2;0,7548;0,19778335;0,1041903;;;
REPSOL;17,25;;;REPSOL_108;2;0,9135;0,19778335;0,1041903;;;
REPSOL;20,7;;;REPSOL_108;2;1,0722;0,19778335;0,1041903;;;
REPSOL;1,15;;;REPSOL_109;2;0,1729;0,19778335;0,1041903;;;
REPSOL;2,3;;;REPSOL_109;2;0,2258;0,19778335;0,1041903;;;
REPSOL;3,45;;;REPSOL_109;2;0,2787;0,19778335;0,1041903;;;
REPSOL;4,6;;;REPSOL_109;2;0,3316;0,19778335;0,1041903;;;
REPSOL;5,75;;;REPSOL_109;2;0,3845;0,19778335;0,1041903;;;
REPSOL;6,9;;;REPSOL_109;2;0,4374;0,19778335;0,1041903;;;
REPSOL;10,35;;;REPSOL_109;2;0,5961;0,19778335;0,1041903;;;
REPSOL;13,8;;;REPSOL_109;2;0,7548;0,19778335;0,1041903;;;
REPSOL;17,25;;;REPSOL_109;2;0,9135;0,19778335;0,1041903;;;
REPSOL;20,7;;;REPSOL_109;2;1,0722;0,19778335;0,1041903;;;
REPSOL;1,15;;;REPSOL_11;2;0,2329;0,19428391;0,10917073;;;
REPSOL;2,3;;;REPSOL_11;2;0,2858;0,19428391;0,10917073;;;
REPSOL;3,45;;;REPSOL_11;2;0,3387;0,19428391;0,10917073;;;
REPSOL;4,6;;;REPSOL_11;2;0,3916;0,19428391;0,10917073;;;
REPSOL;5,75;;;REPSOL_11;2;0,4445;0,19428391;0,10917073;;;
REPSOL;6,9;;;REPSOL_11;2;0,4974;0,19428391;0,10917073;;;
REPSOL;10,35;;;REPSOL_11;2;0,7161;0,19428391;0,10917073;;;
REPSOL;13,8;;;REPSOL_11;2;0,8748;0,19428391;0,10917073;;;
REPSOL;17,25;;;REPSOL_11;2;1,0335;0,19428391;0,10917073;;;
REPSOL;20,7;;;REPSOL_11;2;1,1922;0,19428391;0,10917073;;;
REPSOL;1,15;;;REPSOL_110;2;0,1729;0,19153756;0,10090008;;;
REPSOL;2,3;;;REPSOL_110;2;0,2258;0,19153756;0,10090008;;;
REPSOL;3,45;;;REPSOL_110;2;0,2787;0,19153756;0,10090008;;;
REPSOL;4,6;;;REPSOL_110;2;0,3316;0,19153756;0,10090008;;;
REPSOL;5,75;;;REPSOL_110;2;0,3845;0,19153756;0,10090008;;;
REPSOL;6,9;;;REPSOL_110;2;0,4374;0,19153756;0,10090008;;;
REPSOL;10,35;;;REPSOL_110;2;0,5961;0,19153756;0,10090008;;;
REPSOL;13,8;;;REPSOL_110;2;0,7548;0,19153756;0,10090008;;;
REPSOL;17,25;;;REPSOL_110;2;0,9135;0,19153756;0,10090008;;;
REPSOL;20,7;;;REPSOL_110;2;1,0722;0,19153756;0,10090008;;;
REPSOL;1,15;;;REPSOL_111;2;0,2329;0,19428391;0,10917073;;;
REPSOL;2,3;;;REPSOL_111;2;0,2858;0,19428391;0,10917073;;;
REPSOL;3,45;;;REPSOL_111;2;0,3387;0,19428391;0,10917073;;;
REPSOL;4,6;;;REPSOL_111;2;0,3916;0,19428391;0,10917073;;;
REPSOL;5,75;;;REPSOL_111;2;0,4445;0,19428391;0,10917073;;;
REPSOL;6,9;;;REPSOL_111;2;0,4974;0,19428391;0,10917073;;;
REPSOL;10,35;;;REPSOL_111;2;0,7161;0,19428391;0,10917073;;;
REPSOL;13,8;;;REPSOL_111;2;0,8748;0,19428391;0,10917073;;;
REPSOL;17,25;;;REPSOL_111;2;1,0335;0,19428391;0,10917073;;;
REPSOL;20,7;;;REPSOL_111;2;1,1922;0,19428391;0,10917073;;;
REPSOL;1,15;;;REPSOL_112;2;0,2329;0,19896545;0,11180135;;;
REPSOL;2,3;;;REPSOL_112;2;0,2858;0,19896545;0,11180135;;;
REPSOL;3,45;;;REPSOL_112;2;0,3387;0,19896545;0,11180135;;;
REPSOL;4,6;;;REPSOL_112;2;0,3916;0,19896545;0,11180135;;;
REPSOL;5,75;;;REPSOL_112;2;0,4445;0,19896545;0,11180135;;;
REPSOL;6,9;;;REPSOL_112;2;0,4974;0,19896545;0,11180135;;;
REPSOL;10,35;;;REPSOL_112;2;0,7161;0,19896545;0,11180135;;;
REPSOL;13,8;;;REPSOL_112;2;0,8748;0,19896545;0,11180135;;;
REPSOL;17,25;;;REPSOL_112;2;1,0335;0,19896545;0,11180135;;;
REPSOL;20,7;;;REPSOL_112;2;1,1922;0,19896545;0,11180135;;;
REPSOL;1,15;;;REPSOL_113;2;0,2329;0,1872616;0,1052248;;;
REPSOL;2,3;;;REPSOL_113;2;0,2858;0,1872616;0,1052248;;;
REPSOL;3,45;;;REPSOL_113;2;0,3387;0,1872616;0,1052248;;;
REPSOL;4,6;;;REPSOL_113;2;0,3916;0,1872616;0,1052248;;;
REPSOL;5,75;;;REPSOL_113;2;0,4445;0,1872616;0,1052248;;;
REPSOL;6,9;;;REPSOL_113;2;0,4974;0,1872616;0,1052248;;;
REPSOL;10,35;;;REPSOL_113;2;0,7161;0,1872616;0,1052248;;;
REPSOL;13,8;;;REPSOL_113;2;0,8748;0,1872616;0,1052248;;;
REPSOL;17,25;;;REPSOL_113;2;1,0335;0,1872616;0,1052248;;;
REPSOL;20,7;;;REPSOL_113;2;1,1922;0,1872616;0,1052248;;;
REPSOL;1,15;;;REPSOL_114;2;0,2329;0,19194314;0,10785542;;;
REPSOL;2,3;;;REPSOL_114;2;0,2858;0,19194314;0,10785542;;;
REPSOL;3,45;;;REPSOL_114;2;0,3387;0,19194314;0,10785542;;;
REPSOL;4,6;;;REPSOL_114;2;0,3916;0,19194314;0,10785542;;;
REPSOL;5,75;;;REPSOL_114;2;0,4445;0,19194314;0,10785542;;;
REPSOL;6,9;;;REPSOL_114;2;0,4974;0,19194314;0,10785542;;;
REPSOL;10,35;;;REPSOL_114;2;0,7161;0,19194314;0,10785542;;;
REPSOL;13,8;;;REPSOL_114;2;0,8748;0,19194314;0,10785542;;;
REPSOL;17,25;;;REPSOL_114;2;1,0335;0,19194314;0,10785542;;;
REPSOL;20,7;;;REPSOL_114;2;1,1922;0,19194314;0,10785542;;;
REPSOL;1,15;;;REPSOL_115;2;0,2329;0,20598776;0,11574728;;;
REPSOL;2,3;;;REPSOL_115;2;0,2858;0,20598776;0,11574728;;;
REPSOL;3,45;;;REPSOL_115;2;0,3387;0,20598776;0,11574728;;;
REPSOL;4,6;;;REPSOL_115;2;0,3916;0,20598776;0,11574728;;;
REPSOL;5,75;;;REPSOL_115;2;0,4445;0,20598776;0,11574728;;;
REPSOL;6,9;;;REPSOL_115;2;0,4974;0,20598776;0,11574728;;;
REPSOL;10,35;;;REPSOL_115;2;0,7161;0,20598776;0,11574728;;;
REPSOL;13,8;;;REPSOL_115;2;0,8748;0,20598776;0,11574728;;;
REPSOL;17,25;;;REPSOL_115;2;1,0335;0,20598776;0,11574728;;;
REPSOL;20,7;;;REPSOL_115;2;1,1922;0,20598776;0,11574728;;;
REPSOL;1,15;;;REPSOL_116;2;0,2329;0,21769161;0,12232383;;;
REPSOL;2,3;;;REPSOL_116;2;0,2858;0,21769161;0,12232383;;;
REPSOL;3,45;;;REPSOL_116;2;0,3387;0,21769161;0,12232383;;;
REPSOL;4,6;;;REPSOL_116;2;0,3916;0,21769161;0,12232383;;;
REPSOL;5,75;;;REPSOL_116;2;0,4445;0,21769161;0,12232383;;;
REPSOL;6,9;;;REPSOL_116;2;0,4974;0,21769161;0,12232383;;;
REPSOL;10,35;;;REPSOL_116;2;0,7161;0,21769161;0,12232383;;;
REPSOL;13,8;;;REPSOL_116;2;0,8748;0,21769161;0,12232383;;;
REPSOL;17,25;;;REPSOL_116;2;1,0335;0,21769161;0,12232383;;;
REPSOL;20,7;;;REPSOL_116;2;1,1922;0,21769161;0,12232383;;;
REPSOL;1,15;;;REPSOL_117;2;0,2329;0,22237315;0,12495445;;;
REPSOL;2,3;;;REPSOL_117;2;0,2858;0,22237315;0,12495445;;;
REPSOL;3,45;;;REPSOL_117;2;0,3387;0,22237315;0,12495445;;;
REPSOL;4,6;;;REPSOL_117;2;0,3916;0,22237315;0,12495445;;;
REPSOL;5,75;;;REPSOL_117;2;0,4445;0,22237315;0,12495445;;;
REPSOL;6,9;;;REPSOL_117;2;0,4974;0,22237315;0,12495445;;;
REPSOL;10,35;;;REPSOL_117;2;0,7161;0,22237315;0,12495445;;;
REPSOL;13,8;;;REPSOL_117;2;0,8748;0,22237315;0,12495445;;;
REPSOL;17,25;;;REPSOL_117;2;1,0335;0,22237315;0,12495445;;;
REPSOL;20,7;;;REPSOL_117;2;1,1922;0,22237315;0,12495445;;;
REPSOL;1,15;;;REPSOL_118;2;0,2329;0,2106693;0,1183779;;;
REPSOL;2,3;;;REPSOL_118;2;0,2858;0,2106693;0,1183779;;;
REPSOL;3,45;;;REPSOL_118;2;0,3387;0,2106693;0,1183779;;;
REPSOL;4,6;;;REPSOL_118;2;0,3916;0,2106693;0,1183779;;;
REPSOL;5,75;;;REPSOL_118;2;0,4445;0,2106693;0,1183779;;;
REPSOL;6,9;;;REPSOL_118;2;0,4974;0,2106693;0,1183779;;;
REPSOL;10,35;;;REPSOL_118;2;0,7161;0,2106693;0,1183779;;;
REPSOL;13,8;;;REPSOL_118;2;0,8748;0,2106693;0,1183779;;;
REPSOL;17,25;;;REPSOL_118;2;1,0335;0,2106693;0,1183779;;;
REPSOL;20,7;;;REPSOL_118;2;1,1922;0,2106693;0,1183779;;;
REPSOL;1,15;;;REPSOL_119;2;0;0;0;;;
REPSOL;2,3;;;REPSOL_119;2;0;0;0;;;
REPSOL;3,45;;;REPSOL_119;2;0;0;0;;;
REPSOL;4,6;;;REPSOL_119;2;0;0;0;;;
REPSOL;5,75;;;REPSOL_119;2;0;0;0;;;
REPSOL;6,9;;;REPSOL_119;2;0;0;0;;;
REPSOL;10,35;;;REPSOL_119;2;0;0;0;;;
REPSOL;13,8;;;REPSOL_119;2;0;0;0;;;
REPSOL;17,25;;;REPSOL_119;2;0;0;0;;;
REPSOL;20,7;;;REPSOL_119;2;0;0;0;;;
REPSOL;1,15;;;REPSOL_12;2;0,2329;0,18023929;0,10127887;;;
REPSOL;2,3;;;REPSOL_12;2;0,2858;0,18023929;0,10127887;;;
REPSOL;3,45;;;REPSOL_12;2;0,3387;0,18023929;0,10127887;;;
REPSOL;4,6;;;REPSOL_12;2;0,3916;0,18023929;0,10127887;;;
REPSOL;5,75;;;REPSOL_12;2;0,4445;0,18023929;0,10127887;;;
REPSOL;6,9;;;REPSOL_12;2;0,4974;0,18023929;0,10127887;;;
REPSOL;10,35;;;REPSOL_12;2;0,7161;0,18023929;0,10127887;;;
REPSOL;13,8;;;REPSOL_12;2;0,8748;0,18023929;0,10127887;;;
REPSOL;17,25;;;REPSOL_12;2;1,0335;0,18023929;0,10127887;;;
REPSOL;20,7;;;REPSOL_12;2;1,1922;0,18023929;0,10127887;;;
REPSOL;1,15;;;REPSOL_120;2;0,2329;0,20598776;0,11574728;;;
REPSOL;2,3;;;REPSOL_120;2;0,2858;0,20598776;0,11574728;;;
REPSOL;3,45;;;REPSOL_120;2;0,3387;0,20598776;0,11574728;;;
REPSOL;4,6;;;REPSOL_120;2;0,3916;0,20598776;0,11574728;;;
REPSOL;5,75;;;REPSOL_120;2;0,4445;0,20598776;0,11574728;;;
REPSOL;6,9;;;REPSOL_120;2;0,4974;0,20598776;0,11574728;;;
REPSOL;10,35;;;REPSOL_120;2;0,7161;0,20598776;0,11574728;;;
REPSOL;13,8;;;REPSOL_120;2;0,8748;0,20598776;0,11574728;;;
REPSOL;17,25;;;REPSOL_120;2;1,0335;0,20598776;0,11574728;;;
REPSOL;20,7;;;REPSOL_120;2;1,1922;0,20598776;0,11574728;;;
REPSOL;1,15;;;REPSOL_121;2;0;0;0;;;
REPSOL;2,3;;;REPSOL_121;2;0;0;0;;;
REPSOL;3,45;;;REPSOL_121;2;0;0;0;;;
REPSOL;4,6;;;REPSOL_121;2;0;0;0;;;
REPSOL;5,75;;;REPSOL_121;2;0;0;0;;;
REPSOL;6,9;;;REPSOL_121;2;0;0;0;;;
REPSOL;10,35;;;REPSOL_121;2;0;0;0;;;
REPSOL;13,8;;;REPSOL_121;2;0;0;0;;;
REPSOL;17,25;;;REPSOL_121;2;0;0;0;;;
REPSOL;20,7;;;REPSOL_121;2;0;0;0;;;
REPSOL;1,15;;;REPSOL_122;2;0,2329;0,20598776;0,11574728;;;
REPSOL;2,3;;;REPSOL_122;2;0,2858;0,20598776;0,11574728;;;
REPSOL;3,45;;;REPSOL_122;2;0,3387;0,20598776;0,11574728;;;
REPSOL;4,6;;;REPSOL_122;2;0,3916;0,20598776;0,11574728;;;
REPSOL;5,75;;;REPSOL_122;2;0,4445;0,20598776;0,11574728;;;
REPSOL;6,9;;;REPSOL_122;2;0,4974;0,20598776;0,11574728;;;
REPSOL;10,35;;;REPSOL_122;2;0,7161;0,20598776;0,11574728;;;
REPSOL;13,8;;;REPSOL_122;2;0,8748;0,20598776;0,11574728;;;
REPSOL;17,25;;;REPSOL_122;2;1,0335;0,20598776;0,11574728;;;
REPSOL;20,7;;;REPSOL_122;2;1,1922;0,20598776;0,11574728;;;
REPSOL;1,15;;;REPSOL_123;2;0,2329;0,20598776;0,11574728;;;
REPSOL;2,3;;;REPSOL_123;2;0,2858;0,20598776;0,11574728;;;
REPSOL;3,45;;;REPSOL_123;2;0,3387;0,20598776;0,11574728;;;
REPSOL;4,6;;;REPSOL_123;2;0,3916;0,20598776;0,11574728;;;
REPSOL;5,75;;;REPSOL_123;2;0,4445;0,20598776;0,11574728;;;
REPSOL;6,9;;;REPSOL_123;2;0,4974;0,20598776;0,11574728;;;
REPSOL;10,35;;;REPSOL_123;2;0,7161;0,20598776;0,11574728;;;
REPSOL;13,8;;;REPSOL_123;2;0,8748;0,20598776;0,11574728;;;
REPSOL;17,25;;;REPSOL_123;2;1,0335;0,20598776;0,11574728;;;
REPSOL;20,7;;;REPSOL_123;2;1,1922;0,20598776;0,11574728;;;
REPSOL;1,15;;;REPSOL_124;2;0,2329;0,2106693;0,1183779;;;
REPSOL;2,3;;;REPSOL_124;2;0,2858;0,2106693;0,1183779;;;
REPSOL;3,45;;;REPSOL_124;2;0,3387;0,2106693;0,1183779;;;
REPSOL;4,6;;;REPSOL_124;2;0,3916;0,2106693;0,1183779;;;
REPSOL;5,75;;;REPSOL_124;2;0,4445;0,2106693;0,1183779;;;
REPSOL;6,9;;;REPSOL_124;2;0,4974;0,2106693;0,1183779;;;
REPSOL;10,35;;;REPSOL_124;2;0,7161;0,2106693;0,1183779;;;
REPSOL;13,8;;;REPSOL_124;2;0,8748;0,2106693;0,1183779;;;
REPSOL;17,25;;;REPSOL_124;2;1,0335;0,2106693;0,1183779;;;
REPSOL;20,7;;;REPSOL_124;2;1,1922;0,2106693;0,1183779;;;
REPSOL;1,15;;;REPSOL_125;2;0,2329;0,17555775;0,09864825;;;
REPSOL;2,3;;;REPSOL_125;2;0,2858;0,17555775;0,09864825;;;
REPSOL;3,45;;;REPSOL_125;2;0,3387;0,17555775;0,09864825;;;
REPSOL;4,6;;;REPSOL_125;2;0,3916;0,17555775;0,09864825;;;
REPSOL;5,75;;;REPSOL_125;2;0,4445;0,17555775;0,09864825;;;
REPSOL;6,9;;;REPSOL_125;2;0,4974;0,17555775;0,09864825;;;
REPSOL;10,35;;;REPSOL_125;2;0,7161;0,17555775;0,09864825;;;
REPSOL;13,8;;;REPSOL_125;2;0,8748;0,17555775;0,09864825;;;
REPSOL;17,25;;;REPSOL_125;2;1,0335;0,17555775;0,09864825;;;
REPSOL;20,7;;;REPSOL_125;2;1,1922;0,17555775;0,09864825;;;
REPSOL;1,15;;;REPSOL_126;2;0,2329;0,18023929;0,10127887;;;
REPSOL;2,3;;;REPSOL_126;2;0,2858;0,18023929;0,10127887;;;
REPSOL;3,45;;;REPSOL_126;2;0,3387;0,18023929;0,10127887;;;
REPSOL;4,6;;;REPSOL_126;2;0,3916;0,18023929;0,10127887;;;
REPSOL;5,75;;;REPSOL_126;2;0,4445;0,18023929;0,10127887;;;
REPSOL;6,9;;;REPSOL_126;2;0,4974;0,18023929;0,10127887;;;
REPSOL;10,35;;;REPSOL_126;2;0,7161;0,18023929;0,10127887;;;
REPSOL;13,8;;;REPSOL_126;2;0,8748;0,18023929;0,10127887;;;
REPSOL;17,25;;;REPSOL_126;2;1,0335;0,18023929;0,10127887;;;
REPSOL;20,7;;;REPSOL_126;2;1,1922;0,18023929;0,10127887;;;
REPSOL;1,15;;;REPSOL_127;2;0,2329;0,2106693;0,1183779;;;
REPSOL;2,3;;;REPSOL_127;2;0,2858;0,2106693;0,1183779;;;
REPSOL;3,45;;;REPSOL_127;2;0,3387;0,2106693;0,1183779;;;
REPSOL;4,6;;;REPSOL_127;2;0,3916;0,2106693;0,1183779;;;
REPSOL;5,75;;;REPSOL_127;2;0,4445;0,2106693;0,1183779;;;
REPSOL;6,9;;;REPSOL_127;2;0,4974;0,2106693;0,1183779;;;
REPSOL;10,35;;;REPSOL_127;2;0,7161;0,2106693;0,1183779;;;
REPSOL;13,8;;;REPSOL_127;2;0,8748;0,2106693;0,1183779;;;
REPSOL;17,25;;;REPSOL_127;2;1,0335;0,2106693;0,1183779;;;
REPSOL;20,7;;;REPSOL_127;2;1,1922;0,2106693;0,1183779;;;
REPSOL;1,15;;;REPSOL_128;2;0,2329;0,2106693;0,1183779;;;
REPSOL;2,3;;;REPSOL_128;2;0,2858;0,2106693;0,1183779;;;
REPSOL;3,45;;;REPSOL_128;2;0,3387;0,2106693;0,1183779;;;
REPSOL;4,6;;;REPSOL_128;2;0,3916;0,2106693;0,1183779;;;
REPSOL;5,75;;;REPSOL_128;2;0,4445;0,2106693;0,1183779;;;
REPSOL;6,9;;;REPSOL_128;2;0,4974;0,2106693;0,1183779;;;
REPSOL;10,35;;;REPSOL_128;2;0,7161;0,2106693;0,1183779;;;
REPSOL;13,8;;;REPSOL_128;2;0,8748;0,2106693;0,1183779;;;
REPSOL;17,25;;;REPSOL_128;2;1,0335;0,2106693;0,1183779;;;
REPSOL;20,7;;;REPSOL_128;2;1,1922;0,2106693;0,1183779;;;
REPSOL;1,15;;;REPSOL_129;2;0;0;0;;;
REPSOL;2,3;;;REPSOL_129;2;0;0;0;;;
REPSOL;3,45;;;REPSOL_129;2;0;0;0;;;
REPSOL;4,6;;;REPSOL_129;2;0;0;0;;;
REPSOL;5,75;;;REPSOL_129;2;0;0;0;;;
REPSOL;6,9;;;REPSOL_129;2;0;0;0;;;
REPSOL;10,35;;;REPSOL_129;2;0;0;0;;;
REPSOL;13,8;;;REPSOL_129;2;0;0;0;;;
REPSOL;17,25;;;REPSOL_129;2;0;0;0;;;
REPSOL;20,7;;;REPSOL_129;2;0;0;0;;;
REPSOL;1,15;;;REPSOL_13;2;0,2329;0,1872616;0,1052248;;;
REPSOL;2,3;;;REPSOL_13;2;0,2858;0,1872616;0,1052248;;;
REPSOL;3,45;;;REPSOL_13;2;0,3387;0,1872616;0,1052248;;;
REPSOL;4,6;;;REPSOL_13;2;0,3916;0,1872616;0,1052248;;;
REPSOL;5,75;;;REPSOL_13;2;0,4445;0,1872616;0,1052248;;;
REPSOL;6,9;;;REPSOL_13;2;0,4974;0,1872616;0,1052248;;;
REPSOL;10,35;;;REPSOL_13;2;0,7161;0,1872616;0,1052248;;;
REPSOL;13,8;;;REPSOL_13;2;0,8748;0,1872616;0,1052248;;;
REPSOL;17,25;;;REPSOL_13;2;1,0335;0,1872616;0,1052248;;;
REPSOL;20,7;;;REPSOL_13;2;1,1922;0,1872616;0,1052248;;;
REPSOL;1,15;;;REPSOL_130;2;0,2329;0,2106693;0,1183779;;;
REPSOL;2,3;;;REPSOL_130;2;0,2858;0,2106693;0,1183779;;;
REPSOL;3,45;;;REPSOL_130;2;0,3387;0,2106693;0,1183779;;;
REPSOL;4,6;;;REPSOL_130;2;0,3916;0,2106693;0,1183779;;;
REPSOL;5,75;;;REPSOL_130;2;0,4445;0,2106693;0,1183779;;;
REPSOL;6,9;;;REPSOL_130;2;0,4974;0,2106693;0,1183779;;;
REPSOL;10,35;;;REPSOL_130;2;0,7161;0,2106693;0,1183779;;;
REPSOL;13,8;;;REPSOL_130;2;0,8748;0,2106693;0,1183779;;;
REPSOL;17,25;;;REPSOL_130;2;1,0335;0,2106693;0,1183779;;;
REPSOL;20,7;;;REPSOL_130;2;1,1922;0,2106693;0,1183779;;;
REPSOL;1,15;;;REPSOL_131;2;0,2329;0,20364699;0,11443197;;;
REPSOL;2,3;;;REPSOL_131;2;0,2858;0,20364699;0,11443197;;;
REPSOL;3,45;;;REPSOL_131;2;0,3387;0,20364699;0,11443197;;;
REPSOL;4,6;;;REPSOL_131;2;0,3916;0,20364699;0,11443197;;;
REPSOL;5,75;;;REPSOL_131;2;0,4445;0,20364699;0,11443197;;;
REPSOL;6,9;;;REPSOL_131;2;0,4974;0,20364699;0,11443197;;;
REPSOL;10,35;;;REPSOL_131;2;0,7161;0,20364699;0,11443197;;;
REPSOL;13,8;;;REPSOL_131;2;0,8748;0,20364699;0,11443197;;;
REPSOL;17,25;;;REPSOL_131;2;1,0335;0,20364699;0,11443197;;;
REPSOL;20,7;;;REPSOL_131;2;1,1922;0,20364699;0,11443197;;;
REPSOL;1,15;;;REPSOL_132;2;0,2329;0,20598776;0,11574728;;;
REPSOL;2,3;;;REPSOL_132;2;0,2858;0,20598776;0,11574728;;;
REPSOL;3,45;;;REPSOL_132;2;0,3387;0,20598776;0,11574728;;;
REPSOL;4,6;;;REPSOL_132;2;0,3916;0,20598776;0,11574728;;;
REPSOL;5,75;;;REPSOL_132;2;0,4445;0,20598776;0,11574728;;;
REPSOL;6,9;;;REPSOL_132;2;0,4974;0,20598776;0,11574728;;;
REPSOL;10,35;;;REPSOL_132;2;0,7161;0,20598776;0,11574728;;;
REPSOL;13,8;;;REPSOL_132;2;0,8748;0,20598776;0,11574728;;;
REPSOL;17,25;;;REPSOL_132;2;1,0335;0,20598776;0,11574728;;;
REPSOL;20,7;;;REPSOL_132;2;1,1922;0,20598776;0,11574728;;;
REPSOL;1,15;;;REPSOL_133;2;0,1729;0,18945563;0,09980334;;;
REPSOL;2,3;;;REPSOL_133;2;0,2258;0,18945563;0,09980334;;;
REPSOL;3,45;;;REPSOL_133;2;0,2787;0,18945563;0,09980334;;;
REPSOL;4,6;;;REPSOL_133;2;0,3316;0,18945563;0,09980334;;;
REPSOL;5,75;;;REPSOL_133;2;0,3845;0,18945563;0,09980334;;;
REPSOL;6,9;;;REPSOL_133;2;0,4374;0,18945563;0,09980334;;;
REPSOL;10,35;;;REPSOL_133;2;0,5961;0,18945563;0,09980334;;;
REPSOL;13,8;;;REPSOL_133;2;0,7548;0,18945563;0,09980334;;;
REPSOL;17,25;;;REPSOL_133;2;0,9135;0,18945563;0,09980334;;;
REPSOL;20,7;;;REPSOL_133;2;1,0722;0,18945563;0,09980334;;;
REPSOL;1,15;;;REPSOL_134;2;0,1729;0,18945563;0,09980334;;;
REPSOL;2,3;;;REPSOL_134;2;0,2258;0,18945563;0,09980334;;;
REPSOL;3,45;;;REPSOL_134;2;0,2787;0,18945563;0,09980334;;;
REPSOL;4,6;;;REPSOL_134;2;0,3316;0,18945563;0,09980334;;;
REPSOL;5,75;;;REPSOL_134;2;0,3845;0,18945563;0,09980334;;;
REPSOL;6,9;;;REPSOL_134;2;0,4374;0,18945563;0,09980334;;;
REPSOL;10,35;;;REPSOL_134;2;0,5961;0,18945563;0,09980334;;;
REPSOL;13,8;;;REPSOL_134;2;0,7548;0,18945563;0,09980334;;;
REPSOL;17,25;;;REPSOL_134;2;0,9135;0,18945563;0,09980334;;;
REPSOL;20,7;;;REPSOL_134;2;1,0722;0,18945563;0,09980334;;;
REPSOL;1,15;;;REPSOL_135;2;0,1729;0,19153756;0,10090008;;;
REPSOL;2,3;;;REPSOL_135;2;0,2258;0,19153756;0,10090008;;;
REPSOL;3,45;;;REPSOL_135;2;0,2787;0,19153756;0,10090008;;;
REPSOL;4,6;;;REPSOL_135;2;0,3316;0,19153756;0,10090008;;;
REPSOL;5,75;;;REPSOL_135;2;0,3845;0,19153756;0,10090008;;;
REPSOL;6,9;;;REPSOL_135;2;0,4374;0,19153756;0,10090008;;;
REPSOL;10,35;;;REPSOL_135;2;0,5961;0,19153756;0,10090008;;;
REPSOL;13,8;;;REPSOL_135;2;0,7548;0,19153756;0,10090008;;;
REPSOL;17,25;;;REPSOL_135;2;0,9135;0,19153756;0,10090008;;;
REPSOL;20,7;;;REPSOL_135;2;1,0722;0,19153756;0,10090008;;;
REPSOL;1,15;;;REPSOL_136;2;0,1729;0,18945563;0,09980334;;;
REPSOL;2,3;;;REPSOL_136;2;0,2258;0,18945563;0,09980334;;;
REPSOL;3,45;;;REPSOL_136;2;0,2787;0,18945563;0,09980334;;;
REPSOL;4,6;;;REPSOL_136;2;0,3316;0,18945563;0,09980334;;;
REPSOL;5,75;;;REPSOL_136;2;0,3845;0,18945563;0,09980334;;;
REPSOL;6,9;;;REPSOL_136;2;0,4374;0,18945563;0,09980334;;;
REPSOL;10,35;;;REPSOL_136;2;0,5961;0,18945563;0,09980334;;;
REPSOL;13,8;;;REPSOL_136;2;0,7548;0,18945563;0,09980334;;;
REPSOL;17,25;;;REPSOL_136;2;0,9135;0,18945563;0,09980334;;;
REPSOL;20,7;;;REPSOL_136;2;1,0722;0,18945563;0,09980334;;;
REPSOL;1,15;;;REPSOL_137;2;0,1729;0,18945563;0,09980334;;;
REPSOL;2,3;;;REPSOL_137;2;0,2258;0,18945563;0,09980334;;;
REPSOL;3,45;;;REPSOL_137;2;0,2787;0,18945563;0,09980334;;;
REPSOL;4,6;;;REPSOL_137;2;0,3316;0,18945563;0,09980334;;;
REPSOL;5,75;;;REPSOL_137;2;0,3845;0,18945563;0,09980334;;;
REPSOL;6,9;;;REPSOL_137;2;0,4374;0,18945563;0,09980334;;;
REPSOL;10,35;;;REPSOL_137;2;0,5961;0,18945563;0,09980334;;;
REPSOL;13,8;;;REPSOL_137;2;0,7548;0,18945563;0,09980334;;;
REPSOL;17,25;;;REPSOL_137;2;0,9135;0,18945563;0,09980334;;;
REPSOL;20,7;;;REPSOL_137;2;1,0722;0,18945563;0,09980334;;;
REPSOL;1,15;;;REPSOL_138;2;0,2329;0,1872616;0,1052248;;;
REPSOL;2,3;;;REPSOL_138;2;0,2858;0,1872616;0,1052248;;;
REPSOL;3,45;;;REPSOL_138;2;0,3387;0,1872616;0,1052248;;;
REPSOL;4,6;;;REPSOL_138;2;0,3916;0,1872616;0,1052248;;;
REPSOL;5,75;;;REPSOL_138;2;0,4445;0,1872616;0,1052248;;;
REPSOL;6,9;;;REPSOL_138;2;0,4974;0,1872616;0,1052248;;;
REPSOL;10,35;;;REPSOL_138;2;0,7161;0,1872616;0,1052248;;;
REPSOL;13,8;;;REPSOL_138;2;0,8748;0,1872616;0,1052248;;;
REPSOL;17,25;;;REPSOL_138;2;1,0335;0,1872616;0,1052248;;;
REPSOL;20,7;;;REPSOL_138;2;1,1922;0,1872616;0,1052248;;;
REPSOL;1,15;;;REPSOL_139;2;0;0;0;;;
REPSOL;2,3;;;REPSOL_139;2;0;0;0;;;
REPSOL;3,45;;;REPSOL_139;2;0;0;0;;;
REPSOL;4,6;;;REPSOL_139;2;0;0;0;;;
REPSOL;5,75;;;REPSOL_139;2;0;0;0;;;
REPSOL;6,9;;;REPSOL_139;2;0;0;0;;;
REPSOL;10,35;;;REPSOL_139;2;0;0;0;;;
REPSOL;13,8;;;REPSOL_139;2;0;0;0;;;
REPSOL;17,25;;;REPSOL_139;2;0;0;0;;;
REPSOL;20,7;;;REPSOL_139;2;0;0;0;;;
REPSOL;1,15;;;REPSOL_14;2;0,2329;0,19428391;0,10917073;;;
REPSOL;2,3;;;REPSOL_14;2;0,2858;0,19428391;0,10917073;;;
REPSOL;3,45;;;REPSOL_14;2;0,3387;0,19428391;0,10917073;;;
REPSOL;4,6;;;REPSOL_14;2;0,3916;0,19428391;0,10917073;;;
REPSOL;5,75;;;REPSOL_14;2;0,4445;0,19428391;0,10917073;;;
REPSOL;6,9;;;REPSOL_14;2;0,4974;0,19428391;0,10917073;;;
REPSOL;10,35;;;REPSOL_14;2;0,7161;0,19428391;0,10917073;;;
REPSOL;13,8;;;REPSOL_14;2;0,8748;0,19428391;0,10917073;;;
REPSOL;17,25;;;REPSOL_14;2;1,0335;0,19428391;0,10917073;;;
REPSOL;20,7;;;REPSOL_14;2;1,1922;0,19428391;0,10917073;;;
REPSOL;1,15;;;REPSOL_140;2;0;0;0;;;
REPSOL;2,3;;;REPSOL_140;2;0;0;0;;;
REPSOL;3,45;;;REPSOL_140;2;0;0;0;;;
REPSOL;4,6;;;REPSOL_140;2;0;0;0;;;
REPSOL;5,75;;;REPSOL_140;2;0;0;0;;;
REPSOL;6,9;;;REPSOL_140;2;0;0;0;;;
REPSOL;10,35;;;REPSOL_140;2;0;0;0;;;
REPSOL;13,8;;;REPSOL_140;2;0;0;0;;;
REPSOL;17,25;;;REPSOL_140;2;0;0;0;;;
REPSOL;20,7;;;REPSOL_140;2;0;0;0;;;
REPSOL;1,15;;;REPSOL_141;2;0;0;0;;;
REPSOL;2,3;;;REPSOL_141;2;0;0;0;;;
REPSOL;3,45;;;REPSOL_141;2;0;0;0;;;
REPSOL;4,6;;;REPSOL_141;2;0;0;0;;;
REPSOL;5,75;;;REPSOL_141;2;0;0;0;;;
REPSOL;6,9;;;REPSOL_141;2;0;0;0;;;
REPSOL;10,35;;;REPSOL_141;2;0;0;0;;;
REPSOL;13,8;;;REPSOL_141;2;0;0;0;;;
REPSOL;17,25;;;REPSOL_141;2;0;0;0;;;
REPSOL;20,7;;;REPSOL_141;2;0;0;0;;;
REPSOL;1,15;;;REPSOL_142;2;0,2329;0,19194314;0,10785542;;;
REPSOL;2,3;;;REPSOL_142;2;0,2858;0,19194314;0,10785542;;;
REPSOL;3,45;;;REPSOL_142;2;0,3387;0,19194314;0,10785542;;;
REPSOL;4,6;;;REPSOL_142;2;0,3916;0,19194314;0,10785542;;;
REPSOL;5,75;;;REPSOL_142;2;0,4445;0,19194314;0,10785542;;;
REPSOL;6,9;;;REPSOL_142;2;0,4974;0,19194314;0,10785542;;;
REPSOL;10,35;;;REPSOL_142;2;0,7161;0,19194314;0,10785542;;;
REPSOL;13,8;;;REPSOL_142;2;0,8748;0,19194314;0,10785542;;;
REPSOL;17,25;;;REPSOL_142;2;1,0335;0,19194314;0,10785542;;;
REPSOL;20,7;;;REPSOL_142;2;1,1922;0,19194314;0,10785542;;;
REPSOL;1,15;;;REPSOL_143;2;0,2329;0,19896545;0,11180135;;;
REPSOL;2,3;;;REPSOL_143;2;0,2858;0,19896545;0,11180135;;;
REPSOL;3,45;;;REPSOL_143;2;0,3387;0,19896545;0,11180135;;;
REPSOL;4,6;;;REPSOL_143;2;0,3916;0,19896545;0,11180135;;;
REPSOL;5,75;;;REPSOL_143;2;0,4445;0,19896545;0,11180135;;;
REPSOL;6,9;;;REPSOL_143;2;0,4974;0,19896545;0,11180135;;;
REPSOL;10,35;;;REPSOL_143;2;0,7161;0,19896545;0,11180135;;;
REPSOL;13,8;;;REPSOL_143;2;0,8748;0,19896545;0,11180135;;;
REPSOL;17,25;;;REPSOL_143;2;1,0335;0,19896545;0,11180135;;;
REPSOL;20,7;;;REPSOL_143;2;1,1922;0,19896545;0,11180135;;;
REPSOL;1,15;;;REPSOL_144;2;0;0;0;;;
REPSOL;2,3;;;REPSOL_144;2;0;0;0;;;
REPSOL;3,45;;;REPSOL_144;2;0;0;0;;;
REPSOL;4,6;;;REPSOL_144;2;0;0;0;;;
REPSOL;5,75;;;REPSOL_144;2;0;0;0;;;
REPSOL;6,9;;;REPSOL_144;2;0;0;0;;;
REPSOL;10,35;;;REPSOL_144;2;0;0;0;;;
REPSOL;13,8;;;REPSOL_144;2;0;0;0;;;
REPSOL;17,25;;;REPSOL_144;2;0;0;0;;;
REPSOL;20,7;;;REPSOL_144;2;0;0;0;;;
REPSOL;1,15;;;REPSOL_145;2;0;0;0;;;
REPSOL;2,3;;;REPSOL_145;2;0;0;0;;;
REPSOL;3,45;;;REPSOL_145;2;0;0;0;;;
REPSOL;4,6;;;REPSOL_145;2;0;0;0;;;
REPSOL;5,75;;;REPSOL_145;2;0;0;0;;;
REPSOL;6,9;;;REPSOL_145;2;0;0;0;;;
REPSOL;10,35;;;REPSOL_145;2;0;0;0;;;
REPSOL;13,8;;;REPSOL_145;2;0;0;0;;;
REPSOL;17,25;;;REPSOL_145;2;0;0;0;;;
REPSOL;20,7;;;REPSOL_145;2;0;0;0;;;
REPSOL;1,15;;;REPSOL_146;2;0;0;0;;;
REPSOL;2,3;;;REPSOL_146;2;0;0;0;;;
REPSOL;3,45;;;REPSOL_146;2;0;0;0;;;
REPSOL;4,6;;;REPSOL_146;2;0;0;0;;;
REPSOL;5,75;;;REPSOL_146;2;0;0;0;;;
REPSOL;6,9;;;REPSOL_146;2;0;0;0;;;
REPSOL;10,35;;;REPSOL_146;2;0;0;0;;;
REPSOL;13,8;;;REPSOL_146;2;0;0;0;;;
REPSOL;17,25;;;REPSOL_146;2;0;0;0;;;
REPSOL;20,7;;;REPSOL_146;2;0;0;0;;;
REPSOL;1,15;;;REPSOL_15;2;0,2329;0,19896545;0,11180135;;;
REPSOL;2,3;;;REPSOL_15;2;0,2858;0,19896545;0,11180135;;;
REPSOL;3,45;;;REPSOL_15;2;0,3387;0,19896545;0,11180135;;;
REPSOL;4,6;;;REPSOL_15;2;0,3916;0,19896545;0,11180135;;;
REPSOL;5,75;;;REPSOL_15;2;0,4445;0,19896545;0,11180135;;;
REPSOL;6,9;;;REPSOL_15;2;0,4974;0,19896545;0,11180135;;;
REPSOL;10,35;;;REPSOL_15;2;0,7161;0,19896545;0,11180135;;;
REPSOL;13,8;;;REPSOL_15;2;0,8748;0,19896545;0,11180135;;;
REPSOL;17,25;;;REPSOL_15;2;1,0335;0,19896545;0,11180135;;;
REPSOL;20,7;;;REPSOL_15;2;1,1922;0,19896545;0,11180135;;;
REPSOL;1,15;;;REPSOL_16;2;0,2329;0,19896545;0,11180135;;;
REPSOL;2,3;;;REPSOL_16;2;0,2858;0,19896545;0,11180135;;;
REPSOL;3,45;;;REPSOL_16;2;0,3387;0,19896545;0,11180135;;;
REPSOL;4,6;;;REPSOL_16;2;0,3916;0,19896545;0,11180135;;;
REPSOL;5,75;;;REPSOL_16;2;0,4445;0,19896545;0,11180135;;;
REPSOL;6,9;;;REPSOL_16;2;0,4974;0,19896545;0,11180135;;;
REPSOL;10,35;;;REPSOL_16;2;0,7161;0,19896545;0,11180135;;;
REPSOL;13,8;;;REPSOL_16;2;0,8748;0,19896545;0,11180135;;;
REPSOL;17,25;;;REPSOL_16;2;1,0335;0,19896545;0,11180135;;;
REPSOL;20,7;;;REPSOL_16;2;1,1922;0,19896545;0,11180135;;;
REPSOL;1,15;;;REPSOL_17;2;0,2329;0,19428391;0,10917073;;;
REPSOL;2,3;;;REPSOL_17;2;0,2858;0,19428391;0,10917073;;;
REPSOL;3,45;;;REPSOL_17;2;0,3387;0,19428391;0,10917073;;;
REPSOL;4,6;;;REPSOL_17;2;0,3916;0,19428391;0,10917073;;;
REPSOL;5,75;;;REPSOL_17;2;0,4445;0,19428391;0,10917073;;;
REPSOL;6,9;;;REPSOL_17;2;0,4974;0,19428391;0,10917073;;;
REPSOL;10,35;;;REPSOL_17;2;0,7161;0,19428391;0,10917073;;;
REPSOL;13,8;;;REPSOL_17;2;0,8748;0,19428391;0,10917073;;;
REPSOL;17,25;;;REPSOL_17;2;1,0335;0,19428391;0,10917073;;;
REPSOL;20,7;;;REPSOL_17;2;1,1922;0,19428391;0,10917073;;;
REPSOL;1,15;;;REPSOL_18;2;0,2329;0,19896545;0,11180135;;;
REPSOL;2,3;;;REPSOL_18;2;0,2858;0,19896545;0,11180135;;;
REPSOL;3,45;;;REPSOL_18;2;0,3387;0,19896545;0,11180135;;;
REPSOL;4,6;;;REPSOL_18;2;0,3916;0,19896545;0,11180135;;;
REPSOL;5,75;;;REPSOL_18;2;0,4445;0,19896545;0,11180135;;;
REPSOL;6,9;;;REPSOL_18;2;0,4974;0,19896545;0,11180135;;;
REPSOL;10,35;;;REPSOL_18;2;0,7161;0,19896545;0,11180135;;;
REPSOL;13,8;;;REPSOL_18;2;0,8748;0,19896545;0,11180135;;;
REPSOL;17,25;;;REPSOL_18;2;1,0335;0,19896545;0,11180135;;;
REPSOL;20,7;;;REPSOL_18;2;1,1922;0,19896545;0,11180135;;;
REPSOL;1,15;;;REPSOL_19;2;0;0;0;;;
REPSOL;2,3;;;REPSOL_19;2;0;0;0;;;
REPSOL;3,45;;;REPSOL_19;2;0;0;0;;;
REPSOL;4,6;;;REPSOL_19;2;0;0;0;;;
REPSOL;5,75;;;REPSOL_19;2;0;0;0;;;
REPSOL;6,9;;;REPSOL_19;2;0;0;0;;;
REPSOL;10,35;;;REPSOL_19;2;0;0;0;;;
REPSOL;13,8;;;REPSOL_19;2;0;0;0;;;
REPSOL;17,25;;;REPSOL_19;2;0;0;0;;;
REPSOL;20,7;;;REPSOL_19;2;0;0;0;;;
REPSOL;1,15;;;REPSOL_20;2;0;0;0;;;
REPSOL;2,3;;;REPSOL_20;2;0;0;0;;;
REPSOL;3,45;;;REPSOL_20;2;0;0;0;;;
REPSOL;4,6;;;REPSOL_20;2;0;0;0;;;
REPSOL;5,75;;;REPSOL_20;2;0;0;0;;;
REPSOL;6,9;;;REPSOL_20;2;0;0;0;;;
REPSOL;10,35;;;REPSOL_20;2;0;0;0;;;
REPSOL;13,8;;;REPSOL_20;2;0;0;0;;;
REPSOL;17,25;;;REPSOL_20;2;0;0;0;;;
REPSOL;20,7;;;REPSOL_20;2;0;0;0;;;
REPSOL;1,15;;;REPSOL_21;2;0;0;0;;;
REPSOL;2,3;;;REPSOL_21;2;0;0;0;;;
REPSOL;3,45;;;REPSOL_21;2;0;0;0;;;
REPSOL;4,6;;;REPSOL_21;2;0;0;0;;;
REPSOL;5,75;;;REPSOL_21;2;0;0;0;;;
REPSOL;6,9;;;REPSOL_21;2;0;0;0;;;
REPSOL;10,35;;;REPSOL_21;2;0;0;0;;;
REPSOL;13,8;;;REPSOL_21;2;0;0;0;;;
REPSOL;17,25;;;REPSOL_21;2;0;0;0;;;
REPSOL;20,7;;;REPSOL_21;2;0;0;0;;;
REPSOL;1,15;;;REPSOL_22;2;0;0;0;;;
REPSOL;2,3;;;REPSOL_22;2;0;0;0;;;
REPSOL;3,45;;;REPSOL_22;2;0;0;0;;;
REPSOL;4,6;;;REPSOL_22;2;0;0;0;;;
REPSOL;5,75;;;REPSOL_22;2;0;0;0;;;
REPSOL;6,9;;;REPSOL_22;2;0;0;0;;;
REPSOL;10,35;;;REPSOL_22;2;0;0;0;;;
REPSOL;13,8;;;REPSOL_22;2;0;0;0;;;
REPSOL;17,25;;;REPSOL_22;2;0;0;0;;;
REPSOL;20,7;;;REPSOL_22;2;0;0;0;;;
REPSOL;1,15;;;REPSOL_23;2;0,2329;0,19896545;0,11180135;;;
REPSOL;2,3;;;REPSOL_23;2;0,2858;0,19896545;0,11180135;;;
REPSOL;3,45;;;REPSOL_23;2;0,3387;0,19896545;0,11180135;;;
REPSOL;4,6;;;REPSOL_23;2;0,3916;0,19896545;0,11180135;;;
REPSOL;5,75;;;REPSOL_23;2;0,4445;0,19896545;0,11180135;;;
REPSOL;6,9;;;REPSOL_23;2;0,4974;0,19896545;0,11180135;;;
REPSOL;10,35;;;REPSOL_23;2;0,7161;0,19896545;0,11180135;;;
REPSOL;13,8;;;REPSOL_23;2;0,8748;0,19896545;0,11180135;;;
REPSOL;17,25;;;REPSOL_23;2;1,0335;0,19896545;0,11180135;;;
REPSOL;20,7;;;REPSOL_23;2;1,1922;0,19896545;0,11180135;;;
REPSOL;1,15;;;REPSOL_24;2;0;0;0;;;
REPSOL;2,3;;;REPSOL_24;2;0;0;0;;;
REPSOL;3,45;;;REPSOL_24;2;0;0;0;;;
REPSOL;4,6;;;REPSOL_24;2;0;0;0;;;
REPSOL;5,75;;;REPSOL_24;2;0;0;0;;;
REPSOL;6,9;;;REPSOL_24;2;0;0;0;;;
REPSOL;10,35;;;REPSOL_24;2;0;0;0;;;
REPSOL;13,8;;;REPSOL_24;2;0;0;0;;;
REPSOL;17,25;;;REPSOL_24;2;0;0;0;;;
REPSOL;20,7;;;REPSOL_24;2;0;0;0;;;
REPSOL;1,15;;;REPSOL_25;2;0,2329;0,20364699;0,11443197;;;
REPSOL;2,3;;;REPSOL_25;2;0,2858;0,20364699;0,11443197;;;
REPSOL;3,45;;;REPSOL_25;2;0,3387;0,20364699;0,11443197;;;
REPSOL;4,6;;;REPSOL_25;2;0,3916;0,20364699;0,11443197;;;
REPSOL;5,75;;;REPSOL_25;2;0,4445;0,20364699;0,11443197;;;
REPSOL;6,9;;;REPSOL_25;2;0,4974;0,20364699;0,11443197;;;
REPSOL;10,35;;;REPSOL_25;2;0,7161;0,20364699;0,11443197;;;
REPSOL;13,8;;;REPSOL_25;2;0,8748;0,20364699;0,11443197;;;
REPSOL;17,25;;;REPSOL_25;2;1,0335;0,20364699;0,11443197;;;
REPSOL;20,7;;;REPSOL_25;2;1,1922;0,20364699;0,11443197;;;
REPSOL;1,15;;;REPSOL_26;2;0;0;0;;;
REPSOL;2,3;;;REPSOL_26;2;0;0;0;;;
REPSOL;3,45;;;REPSOL_26;2;0;0;0;;;
REPSOL;4,6;;;REPSOL_26;2;0;0;0;;;
REPSOL;5,75;;;REPSOL_26;2;0;0;0;;;
REPSOL;6,9;;;REPSOL_26;2;0;0;0;;;
REPSOL;10,35;;;REPSOL_26;2;0;0;0;;;
REPSOL;13,8;;;REPSOL_26;2;0;0;0;;;
REPSOL;17,25;;;REPSOL_26;2;0;0;0;;;
REPSOL;20,7;;;REPSOL_26;2;0;0;0;;;
REPSOL;1,15;;;REPSOL_27;2;0;0;0;;;
REPSOL;2,3;;;REPSOL_27;2;0;0;0;;;
REPSOL;3,45;;;REPSOL_27;2;0;0;0;;;
REPSOL;4,6;;;REPSOL_27;2;0;0;0;;;
REPSOL;5,75;;;REPSOL_27;2;0;0;0;;;
REPSOL;6,9;;;REPSOL_27;2;0;0;0;;;
REPSOL;10,35;;;REPSOL_27;2;0;0;0;;;
REPSOL;13,8;;;REPSOL_27;2;0;0;0;;;
REPSOL;17,25;;;REPSOL_27;2;0;0;0;;;
REPSOL;20,7;;;REPSOL_27;2;0;0;0;;;
REPSOL;1,15;;;REPSOL_28;2;0,2329;0,1872616;0,1052248;;;
REPSOL;2,3;;;REPSOL_28;2;0,2858;0,1872616;0,1052248;;;
REPSOL;3,45;;;REPSOL_28;2;0,3387;0,1872616;0,1052248;;;
REPSOL;4,6;;;REPSOL_28;2;0,3916;0,1872616;0,1052248;;;
REPSOL;5,75;;;REPSOL_28;2;0,4445;0,1872616;0,1052248;;;
REPSOL;6,9;;;REPSOL_28;2;0,4974;0,1872616;0,1052248;;;
REPSOL;10,35;;;REPSOL_28;2;0,7161;0,1872616;0,1052248;;;
REPSOL;13,8;;;REPSOL_28;2;0,8748;0,1872616;0,1052248;;;
REPSOL;17,25;;;REPSOL_28;2;1,0335;0,1872616;0,1052248;;;
REPSOL;20,7;;;REPSOL_28;2;1,1922;0,1872616;0,1052248;;;
REPSOL;1,15;;;REPSOL_29;2;0,2329;0,1872616;0,1052248;;;
REPSOL;2,3;;;REPSOL_29;2;0,2858;0,1872616;0,1052248;;;
REPSOL;3,45;;;REPSOL_29;2;0,3387;0,1872616;0,1052248;;;
REPSOL;4,6;;;REPSOL_29;2;0,3916;0,1872616;0,1052248;;;
REPSOL;5,75;;;REPSOL_29;2;0,4445;0,1872616;0,1052248;;;
REPSOL;6,9;;;REPSOL_29;2;0,4974;0,1872616;0,1052248;;;
REPSOL;10,35;;;REPSOL_29;2;0,7161;0,1872616;0,1052248;;;
REPSOL;13,8;;;REPSOL_29;2;0,8748;0,1872616;0,1052248;;;
REPSOL;17,25;;;REPSOL_29;2;1,0335;0,1872616;0,1052248;;;
REPSOL;20,7;;;REPSOL_29;2;1,1922;0,1872616;0,1052248;;;
REPSOL;1,15;;;REPSOL_30;2;0;0;0;;;
REPSOL;2,3;;;REPSOL_30;2;0;0;0;;;
REPSOL;3,45;;;REPSOL_30;2;0;0;0;;;
REPSOL;4,6;;;REPSOL_30;2;0;0;0;;;
REPSOL;5,75;;;REPSOL_30;2;0;0;0;;;
REPSOL;6,9;;;REPSOL_30;2;0;0;0;;;
REPSOL;10,35;;;REPSOL_30;2;0;0;0;;;
REPSOL;13,8;;;REPSOL_30;2;0;0;0;;;
REPSOL;17,25;;;REPSOL_30;2;0;0;0;;;
REPSOL;20,7;;;REPSOL_30;2;0;0;0;;;
REPSOL;1,15;;;REPSOL_31;2;0;0;0;;;
REPSOL;2,3;;;REPSOL_31;2;0;0;0;;;
REPSOL;3,45;;;REPSOL_31;2;0;0;0;;;
REPSOL;4,6;;;REPSOL_31;2;0;0;0;;;
REPSOL;5,75;;;REPSOL_31;2;0;0;0;;;
REPSOL;6,9;;;REPSOL_31;2;0;0;0;;;
REPSOL;10,35;;;REPSOL_31;2;0;0;0;;;
REPSOL;13,8;;;REPSOL_31;2;0;0;0;;;
REPSOL;17,25;;;REPSOL_31;2;0;0;0;;;
REPSOL;20,7;;;REPSOL_31;2;0;0;0;;;
REPSOL;1,15;;;REPSOL_32;2;0,2329;0,1872616;0,1052248;;;
REPSOL;2,3;;;REPSOL_32;2;0,2858;0,1872616;0,1052248;;;
REPSOL;3,45;;;REPSOL_32;2;0,3387;0,1872616;0,1052248;;;
REPSOL;4,6;;;REPSOL_32;2;0,3916;0,1872616;0,1052248;;;
REPSOL;5,75;;;REPSOL_32;2;0,4445;0,1872616;0,1052248;;;
REPSOL;6,9;;;REPSOL_32;2;0,4974;0,1872616;0,1052248;;;
REPSOL;10,35;;;REPSOL_32;2;0,7161;0,1872616;0,1052248;;;
REPSOL;13,8;;;REPSOL_32;2;0,8748;0,1872616;0,1052248;;;
REPSOL;17,25;;;REPSOL_32;2;1,0335;0,1872616;0,1052248;;;
REPSOL;20,7;;;REPSOL_32;2;1,1922;0,1872616;0,1052248;;;
REPSOL;1,15;;;REPSOL_33;2;0,2329;0,19194314;0,10785542;;;
REPSOL;2,3;;;REPSOL_33;2;0,2858;0,19194314;0,10785542;;;
REPSOL;3,45;;;REPSOL_33;2;0,3387;0,19194314;0,10785542;;;
REPSOL;4,6;;;REPSOL_33;2;0,3916;0,19194314;0,10785542;;;
REPSOL;5,75;;;REPSOL_33;2;0,4445;0,19194314;0,10785542;;;
REPSOL;6,9;;;REPSOL_33;2;0,4974;0,19194314;0,10785542;;;
REPSOL;10,35;;;REPSOL_33;2;0,7161;0,19194314;0,10785542;;;
REPSOL;13,8;;;REPSOL_33;2;0,8748;0,19194314;0,10785542;;;
REPSOL;17,25;;;REPSOL_33;2;1,0335;0,19194314;0,10785542;;;
REPSOL;20,7;;;REPSOL_33;2;1,1922;0,19194314;0,10785542;;;
REPSOL;1,15;;;REPSOL_34;2;0,2329;0,19194314;0,10785542;;;
REPSOL;2,3;;;REPSOL_34;2;0,2858;0,19194314;0,10785542;;;
REPSOL;3,45;;;REPSOL_34;2;0,3387;0,19194314;0,10785542;;;
REPSOL;4,6;;;REPSOL_34;2;0,3916;0,19194314;0,10785542;;;
REPSOL;5,75;;;REPSOL_34;2;0,4445;0,19194314;0,10785542;;;
REPSOL;6,9;;;REPSOL_34;2;0,4974;0,19194314;0,10785542;;;
REPSOL;10,35;;;REPSOL_34;2;0,7161;0,19194314;0,10785542;;;
REPSOL;13,8;;;REPSOL_34;2;0,8748;0,19194314;0,10785542;;;
REPSOL;17,25;;;REPSOL_34;2;1,0335;0,19194314;0,10785542;;;
REPSOL;20,7;;;REPSOL_34;2;1,1922;0,19194314;0,10785542;;;
REPSOL;1,15;;;REPSOL_35;2;0;0;0;;;
REPSOL;2,3;;;REPSOL_35;2;0;0;0;;;
REPSOL;3,45;;;REPSOL_35;2;0;0;0;;;
REPSOL;4,6;;;REPSOL_35;2;0;0;0;;;
REPSOL;5,75;;;REPSOL_35;2;0;0;0;;;
REPSOL;6,9;;;REPSOL_35;2;0;0;0;;;
REPSOL;10,35;;;REPSOL_35;2;0;0;0;;;
REPSOL;13,8;;;REPSOL_35;2;0;0;0;;;
REPSOL;17,25;;;REPSOL_35;2;0;0;0;;;
REPSOL;20,7;;;REPSOL_35;2;0;0;0;;;
REPSOL;1,15;;;REPSOL_36;2;0,2329;0,19194314;0,10785542;;;
REPSOL;2,3;;;REPSOL_36;2;0,2858;0,19194314;0,10785542;;;
REPSOL;3,45;;;REPSOL_36;2;0,3387;0,19194314;0,10785542;;;
REPSOL;4,6;;;REPSOL_36;2;0,3916;0,19194314;0,10785542;;;
REPSOL;5,75;;;REPSOL_36;2;0,4445;0,19194314;0,10785542;;;
REPSOL;6,9;;;REPSOL_36;2;0,4974;0,19194314;0,10785542;;;
REPSOL;10,35;;;REPSOL_36;2;0,7161;0,19194314;0,10785542;;;
REPSOL;13,8;;;REPSOL_36;2;0,8748;0,19194314;0,10785542;;;
REPSOL;17,25;;;REPSOL_36;2;1,0335;0,19194314;0,10785542;;;
REPSOL;20,7;;;REPSOL_36;2;1,1922;0,19194314;0,10785542;;;
REPSOL;1,15;;;REPSOL_37;2;0,2329;0,18023929;0,10127887;;;
REPSOL;2,3;;;REPSOL_37;2;0,2858;0,18023929;0,10127887;;;
REPSOL;3,45;;;REPSOL_37;2;0,3387;0,18023929;0,10127887;;;
REPSOL;4,6;;;REPSOL_37;2;0,3916;0,18023929;0,10127887;;;
REPSOL;5,75;;;REPSOL_37;2;0,4445;0,18023929;0,10127887;;;
REPSOL;6,9;;;REPSOL_37;2;0,4974;0,18023929;0,10127887;;;
REPSOL;10,35;;;REPSOL_37;2;0,7161;0,18023929;0,10127887;;;
REPSOL;13,8;;;REPSOL_37;2;0,8748;0,18023929;0,10127887;;;
REPSOL;17,25;;;REPSOL_37;2;1,0335;0,18023929;0,10127887;;;
REPSOL;20,7;;;REPSOL_37;2;1,1922;0,18023929;0,10127887;;;
REPSOL;1,15;;;REPSOL_38;2;0,1729;0,19361949;0,10199682;;;
REPSOL;2,3;;;REPSOL_38;2;0,2258;0,19361949;0,10199682;;;
REPSOL;3,45;;;REPSOL_38;2;0,2787;0,19361949;0,10199682;;;
REPSOL;4,6;;;REPSOL_38;2;0,3316;0,19361949;0,10199682;;;
REPSOL;5,75;;;REPSOL_38;2;0,3845;0,19361949;0,10199682;;;
REPSOL;6,9;;;REPSOL_38;2;0,4374;0,19361949;0,10199682;;;
REPSOL;10,35;;;REPSOL_38;2;0,5961;0,19361949;0,10199682;;;
REPSOL;13,8;;;REPSOL_38;2;0,7548;0,19361949;0,10199682;;;
REPSOL;17,25;;;REPSOL_38;2;0,9135;0,19361949;0,10199682;;;
REPSOL;20,7;;;REPSOL_38;2;1,0722;0,19361949;0,10199682;;;
REPSOL;1,15;;;REPSOL_39;2;0,1729;0,19361949;0,10199682;;;
REPSOL;2,3;;;REPSOL_39;2;0,2258;0,19361949;0,10199682;;;
REPSOL;3,45;;;REPSOL_39;2;0,2787;0,19361949;0,10199682;;;
REPSOL;4,6;;;REPSOL_39;2;0,3316;0,19361949;0,10199682;;;
REPSOL;5,75;;;REPSOL_39;2;0,3845;0,19361949;0,10199682;;;
REPSOL;6,9;;;REPSOL_39;2;0,4374;0,19361949;0,10199682;;;
REPSOL;10,35;;;REPSOL_39;2;0,5961;0,19361949;0,10199682;;;
REPSOL;13,8;;;REPSOL_39;2;0,7548;0,19361949;0,10199682;;;
REPSOL;17,25;;;REPSOL_39;2;0,9135;0,19361949;0,10199682;;;
REPSOL;20,7;;;REPSOL_39;2;1,0722;0,19361949;0,10199682;;;
REPSOL;1,15;;;REPSOL_40;2;0,1729;0,19361949;0,10199682;;;
REPSOL;2,3;;;REPSOL_40;2;0,2258;0,19361949;0,10199682;;;
REPSOL;3,45;;;REPSOL_40;2;0,2787;0,19361949;0,10199682;;;
REPSOL;4,6;;;REPSOL_40;2;0,3316;0,19361949;0,10199682;;;
REPSOL;5,75;;;REPSOL_40;2;0,3845;0,19361949;0,10199682;;;
REPSOL;6,9;;;REPSOL_40;2;0,4374;0,19361949;0,10199682;;;
REPSOL;10,35;;;REPSOL_40;2;0,5961;0,19361949;0,10199682;;;
REPSOL;13,8;;;REPSOL_40;2;0,7548;0,19361949;0,10199682;;;
REPSOL;17,25;;;REPSOL_40;2;0,9135;0,19361949;0,10199682;;;
REPSOL;20,7;;;REPSOL_40;2;1,0722;0,19361949;0,10199682;;;
REPSOL;1,15;;;REPSOL_41;2;0,1729;0,19361949;0,10199682;;;
REPSOL;2,3;;;REPSOL_41;2;0,2258;0,19361949;0,10199682;;;
REPSOL;3,45;;;REPSOL_41;2;0,2787;0,19361949;0,10199682;;;
REPSOL;4,6;;;REPSOL_41;2;0,3316;0,19361949;0,10199682;;;
REPSOL;5,75;;;REPSOL_41;2;0,3845;0,19361949;0,10199682;;;
REPSOL;6,9;;;REPSOL_41;2;0,4374;0,19361949;0,10199682;;;
REPSOL;10,35;;;REPSOL_41;2;0,5961;0,19361949;0,10199682;;;
REPSOL;13,8;;;REPSOL_41;2;0,7548;0,19361949;0,10199682;;;
REPSOL;17,25;;;REPSOL_41;2;0,9135;0,19361949;0,10199682;;;
REPSOL;20,7;;;REPSOL_41;2;1,0722;0,19361949;0,10199682;;;
REPSOL;1,15;;;REPSOL_42;2;0,1729;0,19570142;0,10309356;;;
REPSOL;2,3;;;REPSOL_42;2;0,2258;0,19570142;0,10309356;;;
REPSOL;3,45;;;REPSOL_42;2;0,2787;0,19570142;0,10309356;;;
REPSOL;4,6;;;REPSOL_42;2;0,3316;0,19570142;0,10309356;;;
REPSOL;5,75;;;REPSOL_42;2;0,3845;0,19570142;0,10309356;;;
REPSOL;6,9;;;REPSOL_42;2;0,4374;0,19570142;0,10309356;;;
REPSOL;10,35;;;REPSOL_42;2;0,5961;0,19570142;0,10309356;;;
REPSOL;13,8;;;REPSOL_42;2;0,7548;0,19570142;0,10309356;;;
REPSOL;17,25;;;REPSOL_42;2;0,9135;0,19570142;0,10309356;;;
REPSOL;20,7;;;REPSOL_42;2;1,0722;0,19570142;0,10309356;;;
REPSOL;1,15;;;REPSOL_43;2;0,1729;0,19570142;0,10309356;;;
REPSOL;2,3;;;REPSOL_43;2;0,2258;0,19570142;0,10309356;;;
REPSOL;3,45;;;REPSOL_43;2;0,2787;0,19570142;0,10309356;;;
REPSOL;4,6;;;REPSOL_43;2;0,3316;0,19570142;0,10309356;;;
REPSOL;5,75;;;REPSOL_43;2;0,3845;0,19570142;0,10309356;;;
REPSOL;6,9;;;REPSOL_43;2;0,4374;0,19570142;0,10309356;;;
REPSOL;10,35;;;REPSOL_43;2;0,5961;0,19570142;0,10309356;;;
REPSOL;13,8;;;REPSOL_43;2;0,7548;0,19570142;0,10309356;;;
REPSOL;17,25;;;REPSOL_43;2;0,9135;0,19570142;0,10309356;;;
REPSOL;20,7;;;REPSOL_43;2;1,0722;0,19570142;0,10309356;;;
REPSOL;1,15;;;REPSOL_44;2;0,1729;0,19570142;0,10309356;;;
REPSOL;2,3;;;REPSOL_44;2;0,2258;0,19570142;0,10309356;;;
REPSOL;3,45;;;REPSOL_44;2;0,2787;0,19570142;0,10309356;;;
REPSOL;4,6;;;REPSOL_44;2;0,3316;0,19570142;0,10309356;;;
REPSOL;5,75;;;REPSOL_44;2;0,3845;0,19570142;0,10309356;;;
REPSOL;6,9;;;REPSOL_44;2;0,4374;0,19570142;0,10309356;;;
REPSOL;10,35;;;REPSOL_44;2;0,5961;0,19570142;0,10309356;;;
REPSOL;13,8;;;REPSOL_44;2;0,7548;0,19570142;0,10309356;;;
REPSOL;17,25;;;REPSOL_44;2;0,9135;0,19570142;0,10309356;;;
REPSOL;20,7;;;REPSOL_44;2;1,0722;0,19570142;0,10309356;;;
REPSOL;1,15;;;REPSOL_45;2;0,1729;0,19570142;0,10309356;;;
REPSOL;2,3;;;REPSOL_45;2;0,2258;0,19570142;0,10309356;;;
REPSOL;3,45;;;REPSOL_45;2;0,2787;0,19570142;0,10309356;;;
REPSOL;4,6;;;REPSOL_45;2;0,3316;0,19570142;0,10309356;;;
REPSOL;5,75;;;REPSOL_45;2;0,3845;0,19570142;0,10309356;;;
REPSOL;6,9;;;REPSOL_45;2;0,4374;0,19570142;0,10309356;;;
REPSOL;10,35;;;REPSOL_45;2;0,5961;0,19570142;0,10309356;;;
REPSOL;13,8;;;REPSOL_45;2;0,7548;0,19570142;0,10309356;;;
REPSOL;17,25;;;REPSOL_45;2;0,9135;0,19570142;0,10309356;;;
REPSOL;20,7;;;REPSOL_45;2;1,0722;0,19570142;0,10309356;;;
REPSOL;1,15;;;REPSOL_46;2;0,1729;0,19570142;0,10309356;;;
REPSOL;2,3;;;REPSOL_46;2;0,2258;0,19570142;0,10309356;;;
REPSOL;3,45;;;REPSOL_46;2;0,2787;0,19570142;0,10309356;;;
REPSOL;4,6;;;REPSOL_46;2;0,3316;0,19570142;0,10309356;;;
REPSOL;5,75;;;REPSOL_46;2;0,3845;0,19570142;0,10309356;;;
REPSOL;6,9;;;REPSOL_46;2;0,4374;0,19570142;0,10309356;;;
REPSOL;10,35;;;REPSOL_46;2;0,5961;0,19570142;0,10309356;;;
REPSOL;13,8;;;REPSOL_46;2;0,7548;0,19570142;0,10309356;;;
REPSOL;17,25;;;REPSOL_46;2;0,9135;0,19570142;0,10309356;;;
REPSOL;20,7;;;REPSOL_46;2;1,0722;0,19570142;0,10309356;;;
REPSOL;1,15;;;REPSOL_47;2;0,1729;0,19153756;0,10090008;;;
REPSOL;2,3;;;REPSOL_47;2;0,2258;0,19153756;0,10090008;;;
REPSOL;3,45;;;REPSOL_47;2;0,2787;0,19153756;0,10090008;;;
REPSOL;4,6;;;REPSOL_47;2;0,3316;0,19153756;0,10090008;;;
REPSOL;5,75;;;REPSOL_47;2;0,3845;0,19153756;0,10090008;;;
REPSOL;6,9;;;REPSOL_47;2;0,4374;0,19153756;0,10090008;;;
REPSOL;10,35;;;REPSOL_47;2;0,5961;0,19153756;0,10090008;;;
REPSOL;13,8;;;REPSOL_47;2;0,7548;0,19153756;0,10090008;;;
REPSOL;17,25;;;REPSOL_47;2;0,9135;0,19153756;0,10090008;;;
REPSOL;20,7;;;REPSOL_47;2;1,0722;0,19153756;0,10090008;;;
REPSOL;1,15;;;REPSOL_48;2;0,1729;0,19153756;0,10090008;;;
REPSOL;2,3;;;REPSOL_48;2;0,2258;0,19153756;0,10090008;;;
REPSOL;3,45;;;REPSOL_48;2;0,2787;0,19153756;0,10090008;;;
REPSOL;4,6;;;REPSOL_48;2;0,3316;0,19153756;0,10090008;;;
REPSOL;5,75;;;REPSOL_48;2;0,3845;0,19153756;0,10090008;;;
REPSOL;6,9;;;REPSOL_48;2;0,4374;0,19153756;0,10090008;;;
REPSOL;10,35;;;REPSOL_48;2;0,5961;0,19153756;0,10090008;;;
REPSOL;13,8;;;REPSOL_48;2;0,7548;0,19153756;0,10090008;;;
REPSOL;17,25;;;REPSOL_48;2;0,9135;0,19153756;0,10090008;;;
REPSOL;20,7;;;REPSOL_48;2;1,0722;0,19153756;0,10090008;;;
REPSOL;1,15;;;REPSOL_49;2;0,1729;0,19153756;0,10090008;;;
REPSOL;2,3;;;REPSOL_49;2;0,2258;0,19153756;0,10090008;;;
REPSOL;3,45;;;REPSOL_49;2;0,2787;0,19153756;0,10090008;;;
REPSOL;4,6;;;REPSOL_49;2;0,3316;0,19153756;0,10090008;;;
REPSOL;5,75;;;REPSOL_49;2;0,3845;0,19153756;0,10090008;;;
REPSOL;6,9;;;REPSOL_49;2;0,4374;0,19153756;0,10090008;;;
REPSOL;10,35;;;REPSOL_49;2;0,5961;0,19153756;0,10090008;;;
REPSOL;13,8;;;REPSOL_49;2;0,7548;0,19153756;0,10090008;;;
REPSOL;17,25;;;REPSOL_49;2;0,9135;0,19153756;0,10090008;;;
REPSOL;20,7;;;REPSOL_49;2;1,0722;0,19153756;0,10090008;;;
REPSOL;1,15;;;REPSOL_50;2;0,1729;0,19153756;0,10090008;;;
REPSOL;2,3;;;REPSOL_50;2;0,2258;0,19153756;0,10090008;;;
REPSOL;3,45;;;REPSOL_50;2;0,2787;0,19153756;0,10090008;;;
REPSOL;4,6;;;REPSOL_50;2;0,3316;0,19153756;0,10090008;;;
REPSOL;5,75;;;REPSOL_50;2;0,3845;0,19153756;0,10090008;;;
REPSOL;6,9;;;REPSOL_50;2;0,4374;0,19153756;0,10090008;;;
REPSOL;10,35;;;REPSOL_50;2;0,5961;0,19153756;0,10090008;;;
REPSOL;13,8;;;REPSOL_50;2;0,7548;0,19153756;0,10090008;;;
REPSOL;17,25;;;REPSOL_50;2;0,9135;0,19153756;0,10090008;;;
REPSOL;20,7;;;REPSOL_50;2;1,0722;0,19153756;0,10090008;;;
REPSOL;1,15;;;REPSOL_51;2;0,1729;0,19361949;0,10199682;;;
REPSOL;2,3;;;REPSOL_51;2;0,2258;0,19361949;0,10199682;;;
REPSOL;3,45;;;REPSOL_51;2;0,2787;0,19361949;0,10199682;;;
REPSOL;4,6;;;REPSOL_51;2;0,3316;0,19361949;0,10199682;;;
REPSOL;5,75;;;REPSOL_51;2;0,3845;0,19361949;0,10199682;;;
REPSOL;6,9;;;REPSOL_51;2;0,4374;0,19361949;0,10199682;;;
REPSOL;10,35;;;REPSOL_51;2;0,5961;0,19361949;0,10199682;;;
REPSOL;13,8;;;REPSOL_51;2;0,7548;0,19361949;0,10199682;;;
REPSOL;17,25;;;REPSOL_51;2;0,9135;0,19361949;0,10199682;;;
REPSOL;20,7;;;REPSOL_51;2;1,0722;0,19361949;0,10199682;;;
REPSOL;1,15;;;REPSOL_52;2;0,1729;0,19361949;0,10199682;;;
REPSOL;2,3;;;REPSOL_52;2;0,2258;0,19361949;0,10199682;;;
REPSOL;3,45;;;REPSOL_52;2;0,2787;0,19361949;0,10199682;;;
REPSOL;4,6;;;REPSOL_52;2;0,3316;0,19361949;0,10199682;;;
REPSOL;5,75;;;REPSOL_52;2;0,3845;0,19361949;0,10199682;;;
REPSOL;6,9;;;REPSOL_52;2;0,4374;0,19361949;0,10199682;;;
REPSOL;10,35;;;REPSOL_52;2;0,5961;0,19361949;0,10199682;;;
REPSOL;13,8;;;REPSOL_52;2;0,7548;0,19361949;0,10199682;;;
REPSOL;17,25;;;REPSOL_52;2;0,9135;0,19361949;0,10199682;;;
REPSOL;20,7;;;REPSOL_52;2;1,0722;0,19361949;0,10199682;;;
REPSOL;1,15;;;REPSOL_53;2;0,1729;0,19361949;0,10199682;;;
REPSOL;2,3;;;REPSOL_53;2;0,2258;0,19361949;0,10199682;;;
REPSOL;3,45;;;REPSOL_53;2;0,2787;0,19361949;0,10199682;;;
REPSOL;4,6;;;REPSOL_53;2;0,3316;0,19361949;0,10199682;;;
REPSOL;5,75;;;REPSOL_53;2;0,3845;0,19361949;0,10199682;;;
REPSOL;6,9;;;REPSOL_53;2;0,4374;0,19361949;0,10199682;;;
REPSOL;10,35;;;REPSOL_53;2;0,5961;0,19361949;0,10199682;;;
REPSOL;13,8;;;REPSOL_53;2;0,7548;0,19361949;0,10199682;;;
REPSOL;17,25;;;REPSOL_53;2;0,9135;0,19361949;0,10199682;;;
REPSOL;20,7;;;REPSOL_53;2;1,0722;0,19361949;0,10199682;;;
REPSOL;1,15;;;REPSOL_54;2;0,1729;0,19361949;0,10199682;;;
REPSOL;2,3;;;REPSOL_54;2;0,2258;0,19361949;0,10199682;;;
REPSOL;3,45;;;REPSOL_54;2;0,2787;0,19361949;0,10199682;;;
REPSOL;4,6;;;REPSOL_54;2;0,3316;0,19361949;0,10199682;;;
REPSOL;5,75;;;REPSOL_54;2;0,3845;0,19361949;0,10199682;;;
REPSOL;6,9;;;REPSOL_54;2;0,4374;0,19361949;0,10199682;;;
REPSOL;10,35;;;REPSOL_54;2;0,5961;0,19361949;0,10199682;;;
REPSOL;13,8;;;REPSOL_54;2;0,7548;0,19361949;0,10199682;;;
REPSOL;17,25;;;REPSOL_54;2;0,9135;0,19361949;0,10199682;;;
REPSOL;20,7;;;REPSOL_54;2;1,0722;0,19361949;0,10199682;;;
REPSOL;1,15;;;REPSOL_55;2;0,1729;0,19361949;0,10199682;;;
REPSOL;2,3;;;REPSOL_55;2;0,2258;0,19361949;0,10199682;;;
REPSOL;3,45;;;REPSOL_55;2;0,2787;0,19361949;0,10199682;;;
REPSOL;4,6;;;REPSOL_55;2;0,3316;0,19361949;0,10199682;;;
REPSOL;5,75;;;REPSOL_55;2;0,3845;0,19361949;0,10199682;;;
REPSOL;6,9;;;REPSOL_55;2;0,4374;0,19361949;0,10199682;;;
REPSOL;10,35;;;REPSOL_55;2;0,5961;0,19361949;0,10199682;;;
REPSOL;13,8;;;REPSOL_55;2;0,7548;0,19361949;0,10199682;;;
REPSOL;17,25;;;REPSOL_55;2;0,9135;0,19361949;0,10199682;;;
REPSOL;20,7;;;REPSOL_55;2;1,0722;0,19361949;0,10199682;;;
REPSOL;1,15;;;REPSOL_56;2;0,1729;0,19986528;0,10528704;;;
REPSOL;2,3;;;REPSOL_56;2;0,2258;0,19986528;0,10528704;;;
REPSOL;3,45;;;REPSOL_56;2;0,2787;0,19986528;0,10528704;;;
REPSOL;4,6;;;REPSOL_56;2;0,3316;0,19986528;0,10528704;;;
REPSOL;5,75;;;REPSOL_56;2;0,3845;0,19986528;0,10528704;;;
REPSOL;6,9;;;REPSOL_56;2;0,4374;0,19986528;0,10528704;;;
REPSOL;10,35;;;REPSOL_56;2;0,5961;0,19986528;0,10528704;;;
REPSOL;13,8;;;REPSOL_56;2;0,7548;0,19986528;0,10528704;;;
REPSOL;17,25;;;REPSOL_56;2;0,9135;0,19986528;0,10528704;;;
REPSOL;20,7;;;REPSOL_56;2;1,0722;0,19986528;0,10528704;;;
REPSOL;1,15;;;REPSOL_57;2;0,1729;0,19986528;0,10528704;;;
REPSOL;2,3;;;REPSOL_57;2;0,2258;0,19986528;0,10528704;;;
REPSOL;3,45;;;REPSOL_57;2;0,2787;0,19986528;0,10528704;;;
REPSOL;4,6;;;REPSOL_57;2;0,3316;0,19986528;0,10528704;;;
REPSOL;5,75;;;REPSOL_57;2;0,3845;0,19986528;0,10528704;;;
REPSOL;6,9;;;REPSOL_57;2;0,4374;0,19986528;0,10528704;;;
REPSOL;10,35;;;REPSOL_57;2;0,5961;0,19986528;0,10528704;;;
REPSOL;13,8;;;REPSOL_57;2;0,7548;0,19986528;0,10528704;;;
REPSOL;17,25;;;REPSOL_57;2;0,9135;0,19986528;0,10528704;;;
REPSOL;20,7;;;REPSOL_57;2;1,0722;0,19986528;0,10528704;;;
REPSOL;1,15;;;REPSOL_58;2;0,1729;0,19986528;0,10528704;;;
REPSOL;2,3;;;REPSOL_58;2;0,2258;0,19986528;0,10528704;;;
REPSOL;3,45;;;REPSOL_58;2;0,2787;0,19986528;0,10528704;;;
REPSOL;4,6;;;REPSOL_58;2;0,3316;0,19986528;0,10528704;;;
REPSOL;5,75;;;REPSOL_58;2;0,3845;0,19986528;0,10528704;;;
REPSOL;6,9;;;REPSOL_58;2;0,4374;0,19986528;0,10528704;;;
REPSOL;10,35;;;REPSOL_58;2;0,5961;0,19986528;0,10528704;;;
REPSOL;13,8;;;REPSOL_58;2;0,7548;0,19986528;0,10528704;;;
REPSOL;17,25;;;REPSOL_58;2;0,9135;0,19986528;0,10528704;;;
REPSOL;20,7;;;REPSOL_58;2;1,0722;0,19986528;0,10528704;;;
REPSOL;1,15;;;REPSOL_59;2;0,1729;0,19986528;0,10528704;;;
REPSOL;2,3;;;REPSOL_59;2;0,2258;0,19986528;0,10528704;;;
REPSOL;3,45;;;REPSOL_59;2;0,2787;0,19986528;0,10528704;;;
REPSOL;4,6;;;REPSOL_59;2;0,3316;0,19986528;0,10528704;;;
REPSOL;5,75;;;REPSOL_59;2;0,3845;0,19986528;0,10528704;;;
REPSOL;6,9;;;REPSOL_59;2;0,4374;0,19986528;0,10528704;;;
REPSOL;10,35;;;REPSOL_59;2;0,5961;0,19986528;0,10528704;;;
REPSOL;13,8;;;REPSOL_59;2;0,7548;0,19986528;0,10528704;;;
REPSOL;17,25;;;REPSOL_59;2;0,9135;0,19986528;0,10528704;;;
REPSOL;20,7;;;REPSOL_59;2;1,0722;0,19986528;0,10528704;;;
REPSOL;1,15;;;REPSOL_60;2;0,1729;0,20194721;0,10638378;;;
REPSOL;2,3;;;REPSOL_60;2;0,2258;0,20194721;0,10638378;;;
REPSOL;3,45;;;REPSOL_60;2;0,2787;0,20194721;0,10638378;;;
REPSOL;4,6;;;REPSOL_60;2;0,3316;0,20194721;0,10638378;;;
REPSOL;5,75;;;REPSOL_60;2;0,3845;0,20194721;0,10638378;;;
REPSOL;6,9;;;REPSOL_60;2;0,4374;0,20194721;0,10638378;;;
REPSOL;10,35;;;REPSOL_60;2;0,5961;0,20194721;0,10638378;;;
REPSOL;13,8;;;REPSOL_60;2;0,7548;0,20194721;0,10638378;;;
REPSOL;17,25;;;REPSOL_60;2;0,9135;0,20194721;0,10638378;;;
REPSOL;20,7;;;REPSOL_60;2;1,0722;0,20194721;0,10638378;;;
REPSOL;1,15;;;REPSOL_61;2;0,2329;0,17555775;0,09864825;;;
REPSOL;2,3;;;REPSOL_61;2;0,2858;0,17555775;0,09864825;;;
REPSOL;3,45;;;REPSOL_61;2;0,3387;0,17555775;0,09864825;;;
REPSOL;4,6;;;REPSOL_61;2;0,3916;0,17555775;0,09864825;;;
REPSOL;5,75;;;REPSOL_61;2;0,4445;0,17555775;0,09864825;;;
REPSOL;6,9;;;REPSOL_61;2;0,4974;0,17555775;0,09864825;;;
REPSOL;10,35;;;REPSOL_61;2;0,7161;0,17555775;0,09864825;;;
REPSOL;13,8;;;REPSOL_61;2;0,8748;0,17555775;0,09864825;;;
REPSOL;17,25;;;REPSOL_61;2;1,0335;0,17555775;0,09864825;;;
REPSOL;20,7;;;REPSOL_61;2;1,1922;0,17555775;0,09864825;;;
REPSOL;1,15;;;REPSOL_62;2;0,2329;0,18023929;0,10127887;;;
REPSOL;2,3;;;REPSOL_62;2;0,2858;0,18023929;0,10127887;;;
REPSOL;3,45;;;REPSOL_62;2;0,3387;0,18023929;0,10127887;;;
REPSOL;4,6;;;REPSOL_62;2;0,3916;0,18023929;0,10127887;;;
REPSOL;5,75;;;REPSOL_62;2;0,4445;0,18023929;0,10127887;;;
REPSOL;6,9;;;REPSOL_62;2;0,4974;0,18023929;0,10127887;;;
REPSOL;10,35;;;REPSOL_62;2;0,7161;0,18023929;0,10127887;;;
REPSOL;13,8;;;REPSOL_62;2;0,8748;0,18023929;0,10127887;;;
REPSOL;17,25;;;REPSOL_62;2;1,0335;0,18023929;0,10127887;;;
REPSOL;20,7;;;REPSOL_62;2;1,1922;0,18023929;0,10127887;;;
REPSOL;1,15;;;REPSOL_63;2;0,2329;0,17555775;0,09864825;;;
REPSOL;2,3;;;REPSOL_63;2;0,2858;0,17555775;0,09864825;;;
REPSOL;3,45;;;REPSOL_63;2;0,3387;0,17555775;0,09864825;;;
REPSOL;4,6;;;REPSOL_63;2;0,3916;0,17555775;0,09864825;;;
REPSOL;5,75;;;REPSOL_63;2;0,4445;0,17555775;0,09864825;;;
REPSOL;6,9;;;REPSOL_63;2;0,4974;0,17555775;0,09864825;;;
REPSOL;10,35;;;REPSOL_63;2;0,7161;0,17555775;0,09864825;;;
REPSOL;13,8;;;REPSOL_63;2;0,8748;0,17555775;0,09864825;;;
REPSOL;17,25;;;REPSOL_63;2;1,0335;0,17555775;0,09864825;;;
REPSOL;20,7;;;REPSOL_63;2;1,1922;0,17555775;0,09864825;;;
REPSOL;1,15;;;REPSOL_64;2;0,2329;0,17555775;0,09864825;;;
REPSOL;2,3;;;REPSOL_64;2;0,2858;0,17555775;0,09864825;;;
REPSOL;3,45;;;REPSOL_64;2;0,3387;0,17555775;0,09864825;;;
REPSOL;4,6;;;REPSOL_64;2;0,3916;0,17555775;0,09864825;;;
REPSOL;5,75;;;REPSOL_64;2;0,4445;0,17555775;0,09864825;;;
REPSOL;6,9;;;REPSOL_64;2;0,4974;0,17555775;0,09864825;;;
REPSOL;10,35;;;REPSOL_64;2;0,7161;0,17555775;0,09864825;;;
REPSOL;13,8;;;REPSOL_64;2;0,8748;0,17555775;0,09864825;;;
REPSOL;17,25;;;REPSOL_64;2;1,0335;0,17555775;0,09864825;;;
REPSOL;20,7;;;REPSOL_64;2;1,1922;0,17555775;0,09864825;;;
REPSOL;1,15;;;REPSOL_65;2;0,1729;0,19570142;0,10309356;;;
REPSOL;2,3;;;REPSOL_65;2;0,2258;0,19570142;0,10309356;;;
REPSOL;3,45;;;REPSOL_65;2;0,2787;0,19570142;0,10309356;;;
REPSOL;4,6;;;REPSOL_65;2;0,3316;0,19570142;0,10309356;;;
REPSOL;5,75;;;REPSOL_65;2;0,3845;0,19570142;0,10309356;;;
REPSOL;6,9;;;REPSOL_65;2;0,4374;0,19570142;0,10309356;;;
REPSOL;10,35;;;REPSOL_65;2;0,5961;0,19570142;0,10309356;;;
REPSOL;13,8;;;REPSOL_65;2;0,7548;0,19570142;0,10309356;;;
REPSOL;17,25;;;REPSOL_65;2;0,9135;0,19570142;0,10309356;;;
REPSOL;20,7;;;REPSOL_65;2;1,0722;0,19570142;0,10309356;;;
REPSOL;1,15;;;REPSOL_66;2;0,1729;0,19570142;0,10309356;;;
REPSOL;2,3;;;REPSOL_66;2;0,2258;0,19570142;0,10309356;;;
REPSOL;3,45;;;REPSOL_66;2;0,2787;0,19570142;0,10309356;;;
REPSOL;4,6;;;REPSOL_66;2;0,3316;0,19570142;0,10309356;;;
REPSOL;5,75;;;REPSOL_66;2;0,3845;0,19570142;0,10309356;;;
REPSOL;6,9;;;REPSOL_66;2;0,4374;0,19570142;0,10309356;;;
REPSOL;10,35;;;REPSOL_66;2;0,5961;0,19570142;0,10309356;;;
REPSOL;13,8;;;REPSOL_66;2;0,7548;0,19570142;0,10309356;;;
REPSOL;17,25;;;REPSOL_66;2;0,9135;0,19570142;0,10309356;;;
REPSOL;20,7;;;REPSOL_66;2;1,0722;0,19570142;0,10309356;;;
REPSOL;1,15;;;REPSOL_67;2;0,1729;0,19570142;0,10309356;;;
REPSOL;2,3;;;REPSOL_67;2;0,2258;0,19570142;0,10309356;;;
REPSOL;3,45;;;REPSOL_67;2;0,2787;0,19570142;0,10309356;;;
REPSOL;4,6;;;REPSOL_67;2;0,3316;0,19570142;0,10309356;;;
REPSOL;5,75;;;REPSOL_67;2;0,3845;0,19570142;0,10309356;;;
REPSOL;6,9;;;REPSOL_67;2;0,4374;0,19570142;0,10309356;;;
REPSOL;10,35;;;REPSOL_67;2;0,5961;0,19570142;0,10309356;;;
REPSOL;13,8;;;REPSOL_67;2;0,7548;0,19570142;0,10309356;;;
REPSOL;17,25;;;REPSOL_67;2;0,9135;0,19570142;0,10309356;;;
REPSOL;20,7;;;REPSOL_67;2;1,0722;0,19570142;0,10309356;;;
REPSOL;1,15;;;REPSOL_68;2;0,1729;0,19778335;0,1041903;;;
REPSOL;2,3;;;REPSOL_68;2;0,2258;0,19778335;0,1041903;;;
REPSOL;3,45;;;REPSOL_68;2;0,2787;0,19778335;0,1041903;;;
REPSOL;4,6;;;REPSOL_68;2;0,3316;0,19778335;0,1041903;;;
REPSOL;5,75;;;REPSOL_68;2;0,3845;0,19778335;0,1041903;;;
REPSOL;6,9;;;REPSOL_68;2;0,4374;0,19778335;0,1041903;;;
REPSOL;10,35;;;REPSOL_68;2;0,5961;0,19778335;0,1041903;;;
REPSOL;13,8;;;REPSOL_68;2;0,7548;0,19778335;0,1041903;;;
REPSOL;17,25;;;REPSOL_68;2;0,9135;0,19778335;0,1041903;;;
REPSOL;20,7;;;REPSOL_68;2;1,0722;0,19778335;0,1041903;;;
REPSOL;1,15;;;REPSOL_69;2;0,1729;0,19778335;0,1041903;;;
REPSOL;2,3;;;REPSOL_69;2;0,2258;0,19778335;0,1041903;;;
REPSOL;3,45;;;REPSOL_69;2;0,2787;0,19778335;0,1041903;;;
REPSOL;4,6;;;REPSOL_69;2;0,3316;0,19778335;0,1041903;;;
REPSOL;5,75;;;REPSOL_69;2;0,3845;0,19778335;0,1041903;;;
REPSOL;6,9;;;REPSOL_69;2;0,4374;0,19778335;0,1041903;;;
REPSOL;10,35;;;REPSOL_69;2;0,5961;0,19778335;0,1041903;;;
REPSOL;13,8;;;REPSOL_69;2;0,7548;0,19778335;0,1041903;;;
REPSOL;17,25;;;REPSOL_69;2;0,9135;0,19778335;0,1041903;;;
REPSOL;20,7;;;REPSOL_69;2;1,0722;0,19778335;0,1041903;;;
REPSOL;1,15;;;REPSOL_70;2;0,1729;0,19778335;0,1041903;;;
REPSOL;2,3;;;REPSOL_70;2;0,2258;0,19778335;0,1041903;;;
REPSOL;3,45;;;REPSOL_70;2;0,2787;0,19778335;0,1041903;;;
REPSOL;4,6;;;REPSOL_70;2;0,3316;0,19778335;0,1041903;;;
REPSOL;5,75;;;REPSOL_70;2;0,3845;0,19778335;0,1041903;;;
REPSOL;6,9;;;REPSOL_70;2;0,4374;0,19778335;0,1041903;;;
REPSOL;10,35;;;REPSOL_70;2;0,5961;0,19778335;0,1041903;;;
REPSOL;13,8;;;REPSOL_70;2;0,7548;0,19778335;0,1041903;;;
REPSOL;17,25;;;REPSOL_70;2;0,9135;0,19778335;0,1041903;;;
REPSOL;20,7;;;REPSOL_70;2;1,0722;0,19778335;0,1041903;;;
REPSOL;1,15;;;REPSOL_71;2;0,1729;0,19778335;0,1041903;;;
REPSOL;2,3;;;REPSOL_71;2;0,2258;0,19778335;0,1041903;;;
REPSOL;3,45;;;REPSOL_71;2;0,2787;0,19778335;0,1041903;;;
REPSOL;4,6;;;REPSOL_71;2;0,3316;0,19778335;0,1041903;;;
REPSOL;5,75;;;REPSOL_71;2;0,3845;0,19778335;0,1041903;;;
REPSOL;6,9;;;REPSOL_71;2;0,4374;0,19778335;0,1041903;;;
REPSOL;10,35;;;REPSOL_71;2;0,5961;0,19778335;0,1041903;;;
REPSOL;13,8;;;REPSOL_71;2;0,7548;0,19778335;0,1041903;;;
REPSOL;17,25;;;REPSOL_71;2;0,9135;0,19778335;0,1041903;;;
REPSOL;20,7;;;REPSOL_71;2;1,0722;0,19778335;0,1041903;;;
REPSOL;1,15;;;REPSOL_72;2;0,1729;0,19778335;0,1041903;;;
REPSOL;2,3;;;REPSOL_72;2;0,2258;0,19778335;0,1041903;;;
REPSOL;3,45;;;REPSOL_72;2;0,2787;0,19778335;0,1041903;;;
REPSOL;4,6;;;REPSOL_72;2;0,3316;0,19778335;0,1041903;;;
REPSOL;5,75;;;REPSOL_72;2;0,3845;0,19778335;0,1041903;;;
REPSOL;6,9;;;REPSOL_72;2;0,4374;0,19778335;0,1041903;;;
REPSOL;10,35;;;REPSOL_72;2;0,5961;0,19778335;0,1041903;;;
REPSOL;13,8;;;REPSOL_72;2;0,7548;0,19778335;0,1041903;;;
REPSOL;17,25;;;REPSOL_72;2;0,9135;0,19778335;0,1041903;;;
REPSOL;20,7;;;REPSOL_72;2;1,0722;0,19778335;0,1041903;;;
REPSOL;1,15;;;REPSOL_73;2;0,1729;0,19778335;0,1041903;;;
REPSOL;2,3;;;REPSOL_73;2;0,2258;0,19778335;0,1041903;;;
REPSOL;3,45;;;REPSOL_73;2;0,2787;0,19778335;0,1041903;;;
REPSOL;4,6;;;REPSOL_73;2;0,3316;0,19778335;0,1041903;;;
REPSOL;5,75;;;REPSOL_73;2;0,3845;0,19778335;0,1041903;;;
REPSOL;6,9;;;REPSOL_73;2;0,4374;0,19778335;0,1041903;;;
REPSOL;10,35;;;REPSOL_73;2;0,5961;0,19778335;0,1041903;;;
REPSOL;13,8;;;REPSOL_73;2;0,7548;0,19778335;0,1041903;;;
REPSOL;17,25;;;REPSOL_73;2;0,9135;0,19778335;0,1041903;;;
REPSOL;20,7;;;REPSOL_73;2;1,0722;0,19778335;0,1041903;;;
REPSOL;1,15;;;REPSOL_74;2;0,1729;0,19361949;0,10199682;;;
REPSOL;2,3;;;REPSOL_74;2;0,2258;0,19361949;0,10199682;;;
REPSOL;3,45;;;REPSOL_74;2;0,2787;0,19361949;0,10199682;;;
REPSOL;4,6;;;REPSOL_74;2;0,3316;0,19361949;0,10199682;;;
REPSOL;5,75;;;REPSOL_74;2;0,3845;0,19361949;0,10199682;;;
REPSOL;6,9;;;REPSOL_74;2;0,4374;0,19361949;0,10199682;;;
REPSOL;10,35;;;REPSOL_74;2;0,5961;0,19361949;0,10199682;;;
REPSOL;13,8;;;REPSOL_74;2;0,7548;0,19361949;0,10199682;;;
REPSOL;17,25;;;REPSOL_74;2;0,9135;0,19361949;0,10199682;;;
REPSOL;20,7;;;REPSOL_74;2;1,0722;0,19361949;0,10199682;;;
REPSOL;1,15;;;REPSOL_75;2;0,1729;0,19361949;0,10199682;;;
REPSOL;2,3;;;REPSOL_75;2;0,2258;0,19361949;0,10199682;;;
REPSOL;3,45;;;REPSOL_75;2;0,2787;0,19361949;0,10199682;;;
REPSOL;4,6;;;REPSOL_75;2;0,3316;0,19361949;0,10199682;;;
REPSOL;5,75;;;REPSOL_75;2;0,3845;0,19361949;0,10199682;;;
REPSOL;6,9;;;REPSOL_75;2;0,4374;0,19361949;0,10199682;;;
REPSOL;10,35;;;REPSOL_75;2;0,5961;0,19361949;0,10199682;;;
REPSOL;13,8;;;REPSOL_75;2;0,7548;0,19361949;0,10199682;;;
REPSOL;17,25;;;REPSOL_75;2;0,9135;0,19361949;0,10199682;;;
REPSOL;20,7;;;REPSOL_75;2;1,0722;0,19361949;0,10199682;;;
REPSOL;1,15;;;REPSOL_76;2;0,1729;0,19361949;0,10199682;;;
REPSOL;2,3;;;REPSOL_76;2;0,2258;0,19361949;0,10199682;;;
REPSOL;3,45;;;REPSOL_76;2;0,2787;0,19361949;0,10199682;;;
REPSOL;4,6;;;REPSOL_76;2;0,3316;0,19361949;0,10199682;;;
REPSOL;5,75;;;REPSOL_76;2;0,3845;0,19361949;0,10199682;;;
REPSOL;6,9;;;REPSOL_76;2;0,4374;0,19361949;0,10199682;;;
REPSOL;10,35;;;REPSOL_76;2;0,5961;0,19361949;0,10199682;;;
REPSOL;13,8;;;REPSOL_76;2;0,7548;0,19361949;0,10199682;;;
REPSOL;17,25;;;REPSOL_76;2;0,9135;0,19361949;0,10199682;;;
REPSOL;20,7;;;REPSOL_76;2;1,0722;0,19361949;0,10199682;;;
REPSOL;1,15;;;REPSOL_77;2;0,1729;0,19361949;0,10199682;;;
REPSOL;2,3;;;REPSOL_77;2;0,2258;0,19361949;0,10199682;;;
REPSOL;3,45;;;REPSOL_77;2;0,2787;0,19361949;0,10199682;;;
REPSOL;4,6;;;REPSOL_77;2;0,3316;0,19361949;0,10199682;;;
REPSOL;5,75;;;REPSOL_77;2;0,3845;0,19361949;0,10199682;;;
REPSOL;6,9;;;REPSOL_77;2;0,4374;0,19361949;0,10199682;;;
REPSOL;10,35;;;REPSOL_77;2;0,5961;0,19361949;0,10199682;;;
REPSOL;13,8;;;REPSOL_77;2;0,7548;0,19361949;0,10199682;;;
REPSOL;17,25;;;REPSOL_77;2;0,9135;0,19361949;0,10199682;;;
REPSOL;20,7;;;REPSOL_77;2;1,0722;0,19361949;0,10199682;;;
REPSOL;1,15;;;REPSOL_78;2;0,1729;0,19570142;0,10309356;;;
REPSOL;2,3;;;REPSOL_78;2;0,2258;0,19570142;0,10309356;;;
REPSOL;3,45;;;REPSOL_78;2;0,2787;0,19570142;0,10309356;;;
REPSOL;4,6;;;REPSOL_78;2;0,3316;0,19570142;0,10309356;;;
REPSOL;5,75;;;REPSOL_78;2;0,3845;0,19570142;0,10309356;;;
REPSOL;6,9;;;REPSOL_78;2;0,4374;0,19570142;0,10309356;;;
REPSOL;10,35;;;REPSOL_78;2;0,5961;0,19570142;0,10309356;;;
REPSOL;13,8;;;REPSOL_78;2;0,7548;0,19570142;0,10309356;;;
REPSOL;17,25;;;REPSOL_78;2;0,9135;0,19570142;0,10309356;;;
REPSOL;20,7;;;REPSOL_78;2;1,0722;0,19570142;0,10309356;;;
REPSOL;1,15;;;REPSOL_79;2;0,1729;0,19570142;0,10309356;;;
REPSOL;2,3;;;REPSOL_79;2;0,2258;0,19570142;0,10309356;;;
REPSOL;3,45;;;REPSOL_79;2;0,2787;0,19570142;0,10309356;;;
REPSOL;4,6;;;REPSOL_79;2;0,3316;0,19570142;0,10309356;;;
REPSOL;5,75;;;REPSOL_79;2;0,3845;0,19570142;0,10309356;;;
REPSOL;6,9;;;REPSOL_79;2;0,4374;0,19570142;0,10309356;;;
REPSOL;10,35;;;REPSOL_79;2;0,5961;0,19570142;0,10309356;;;
REPSOL;13,8;;;REPSOL_79;2;0,7548;0,19570142;0,10309356;;;
REPSOL;17,25;;;REPSOL_79;2;0,9135;0,19570142;0,10309356;;;
REPSOL;20,7;;;REPSOL_79;2;1,0722;0,19570142;0,10309356;;;
REPSOL;1,15;;;REPSOL_80;2;0,1729;0,19570142;0,10309356;;;
REPSOL;2,3;;;REPSOL_80;2;0,2258;0,19570142;0,10309356;;;
REPSOL;3,45;;;REPSOL_80;2;0,2787;0,19570142;0,10309356;;;
REPSOL;4,6;;;REPSOL_80;2;0,3316;0,19570142;0,10309356;;;
REPSOL;5,75;;;REPSOL_80;2;0,3845;0,19570142;0,10309356;;;
REPSOL;6,9;;;REPSOL_80;2;0,4374;0,19570142;0,10309356;;;
REPSOL;10,35;;;REPSOL_80;2;0,5961;0,19570142;0,10309356;;;
REPSOL;13,8;;;REPSOL_80;2;0,7548;0,19570142;0,10309356;;;
REPSOL;17,25;;;REPSOL_80;2;0,9135;0,19570142;0,10309356;;;
REPSOL;20,7;;;REPSOL_80;2;1,0722;0,19570142;0,10309356;;;
REPSOL;1,15;;;REPSOL_81;2;0,1729;0,19361949;0,10199682;;;
REPSOL;2,3;;;REPSOL_81;2;0,2258;0,19361949;0,10199682;;;
REPSOL;3,45;;;REPSOL_81;2;0,2787;0,19361949;0,10199682;;;
REPSOL;4,6;;;REPSOL_81;2;0,3316;0,19361949;0,10199682;;;
REPSOL;5,75;;;REPSOL_81;2;0,3845;0,19361949;0,10199682;;;
REPSOL;6,9;;;REPSOL_81;2;0,4374;0,19361949;0,10199682;;;
REPSOL;10,35;;;REPSOL_81;2;0,5961;0,19361949;0,10199682;;;
REPSOL;13,8;;;REPSOL_81;2;0,7548;0,19361949;0,10199682;;;
REPSOL;17,25;;;REPSOL_81;2;0,9135;0,19361949;0,10199682;;;
REPSOL;20,7;;;REPSOL_81;2;1,0722;0,19361949;0,10199682;;;
REPSOL;1,15;;;REPSOL_82;2;0,1729;0,19361949;0,10199682;;;
REPSOL;2,3;;;REPSOL_82;2;0,2258;0,19361949;0,10199682;;;
REPSOL;3,45;;;REPSOL_82;2;0,2787;0,19361949;0,10199682;;;
REPSOL;4,6;;;REPSOL_82;2;0,3316;0,19361949;0,10199682;;;
REPSOL;5,75;;;REPSOL_82;2;0,3845;0,19361949;0,10199682;;;
REPSOL;6,9;;;REPSOL_82;2;0,4374;0,19361949;0,10199682;;;
REPSOL;10,35;;;REPSOL_82;2;0,5961;0,19361949;0,10199682;;;
REPSOL;13,8;;;REPSOL_82;2;0,7548;0,19361949;0,10199682;;;
REPSOL;17,25;;;REPSOL_82;2;0,9135;0,19361949;0,10199682;;;
REPSOL;20,7;;;REPSOL_82;2;1,0722;0,19361949;0,10199682;;;
REPSOL;1,15;;;REPSOL_83;2;0,1729;0,19153756;0,10090008;;;
REPSOL;2,3;;;REPSOL_83;2;0,2258;0,19153756;0,10090008;;;
REPSOL;3,45;;;REPSOL_83;2;0,2787;0,19153756;0,10090008;;;
REPSOL;4,6;;;REPSOL_83;2;0,3316;0,19153756;0,10090008;;;
REPSOL;5,75;;;REPSOL_83;2;0,3845;0,19153756;0,10090008;;;
REPSOL;6,9;;;REPSOL_83;2;0,4374;0,19153756;0,10090008;;;
REPSOL;10,35;;;REPSOL_83;2;0,5961;0,19153756;0,10090008;;;
REPSOL;13,8;;;REPSOL_83;2;0,7548;0,19153756;0,10090008;;;
REPSOL;17,25;;;REPSOL_83;2;0,9135;0,19153756;0,10090008;;;
REPSOL;20,7;;;REPSOL_83;2;1,0722;0,19153756;0,10090008;;;
REPSOL;1,15;;;REPSOL_84;2;0,1729;0,19153756;0,10090008;;;
REPSOL;2,3;;;REPSOL_84;2;0,2258;0,19153756;0,10090008;;;
REPSOL;3,45;;;REPSOL_84;2;0,2787;0,19153756;0,10090008;;;
REPSOL;4,6;;;REPSOL_84;2;0,3316;0,19153756;0,10090008;;;
REPSOL;5,75;;;REPSOL_84;2;0,3845;0,19153756;0,10090008;;;
REPSOL;6,9;;;REPSOL_84;2;0,4374;0,19153756;0,10090008;;;
REPSOL;10,35;;;REPSOL_84;2;0,5961;0,19153756;0,10090008;;;
REPSOL;13,8;;;REPSOL_84;2;0,7548;0,19153756;0,10090008;;;
REPSOL;17,25;;;REPSOL_84;2;0,9135;0,19153756;0,10090008;;;
REPSOL;20,7;;;REPSOL_84;2;1,0722;0,19153756;0,10090008;;;
REPSOL;1,15;;;REPSOL_85;2;0,1729;0,19153756;0,10090008;;;
REPSOL;2,3;;;REPSOL_85;2;0,2258;0,19153756;0,10090008;;;
REPSOL;3,45;;;REPSOL_85;2;0,2787;0,19153756;0,10090008;;;
REPSOL;4,6;;;REPSOL_85;2;0,3316;0,19153756;0,10090008;;;
REPSOL;5,75;;;REPSOL_85;2;0,3845;0,19153756;0,10090008;;;
REPSOL;6,9;;;REPSOL_85;2;0,4374;0,19153756;0,10090008;;;
REPSOL;10,35;;;REPSOL_85;2;0,5961;0,19153756;0,10090008;;;
REPSOL;13,8;;;REPSOL_85;2;0,7548;0,19153756;0,10090008;;;
REPSOL;17,25;;;REPSOL_85;2;0,9135;0,19153756;0,10090008;;;
REPSOL;20,7;;;REPSOL_85;2;1,0722;0,19153756;0,10090008;;;
REPSOL;1,15;;;REPSOL_86;2;0,1729;0,19153756;0,10090008;;;
REPSOL;2,3;;;REPSOL_86;2;0,2258;0,19153756;0,10090008;;;
REPSOL;3,45;;;REPSOL_86;2;0,2787;0,19153756;0,10090008;;;
REPSOL;4,6;;;REPSOL_86;2;0,3316;0,19153756;0,10090008;;;
REPSOL;5,75;;;REPSOL_86;2;0,3845;0,19153756;0,10090008;;;
REPSOL;6,9;;;REPSOL_86;2;0,4374;0,19153756;0,10090008;;;
REPSOL;10,35;;;REPSOL_86;2;0,5961;0,19153756;0,10090008;;;
REPSOL;13,8;;;REPSOL_86;2;0,7548;0,19153756;0,10090008;;;
REPSOL;17,25;;;REPSOL_86;2;0,9135;0,19153756;0,10090008;;;
REPSOL;20,7;;;REPSOL_86;2;1,0722;0,19153756;0,10090008;;;
REPSOL;1,15;;;REPSOL_87;2;0,1729;0,19153756;0,10090008;;;
REPSOL;2,3;;;REPSOL_87;2;0,2258;0,19153756;0,10090008;;;
REPSOL;3,45;;;REPSOL_87;2;0,2787;0,19153756;0,10090008;;;
REPSOL;4,6;;;REPSOL_87;2;0,3316;0,19153756;0,10090008;;;
REPSOL;5,75;;;REPSOL_87;2;0,3845;0,19153756;0,10090008;;;
REPSOL;6,9;;;REPSOL_87;2;0,4374;0,19153756;0,10090008;;;
REPSOL;10,35;;;REPSOL_87;2;0,5961;0,19153756;0,10090008;;;
REPSOL;13,8;;;REPSOL_87;2;0,7548;0,19153756;0,10090008;;;
REPSOL;17,25;;;REPSOL_87;2;0,9135;0,19153756;0,10090008;;;
REPSOL;20,7;;;REPSOL_87;2;1,0722;0,19153756;0,10090008;;;
REPSOL;1,15;;;REPSOL_88;2;0,1729;0,19361949;0,10199682;;;
REPSOL;2,3;;;REPSOL_88;2;0,2258;0,19361949;0,10199682;;;
REPSOL;3,45;;;REPSOL_88;2;0,2787;0,19361949;0,10199682;;;
REPSOL;4,6;;;REPSOL_88;2;0,3316;0,19361949;0,10199682;;;
REPSOL;5,75;;;REPSOL_88;2;0,3845;0,19361949;0,10199682;;;
REPSOL;6,9;;;REPSOL_88;2;0,4374;0,19361949;0,10199682;;;
REPSOL;10,35;;;REPSOL_88;2;0,5961;0,19361949;0,10199682;;;
REPSOL;13,8;;;REPSOL_88;2;0,7548;0,19361949;0,10199682;;;
REPSOL;17,25;;;REPSOL_88;2;0,9135;0,19361949;0,10199682;;;
REPSOL;20,7;;;REPSOL_88;2;1,0722;0,19361949;0,10199682;;;
REPSOL;1,15;;;REPSOL_89;2;0,1729;0,19361949;0,10199682;;;
REPSOL;2,3;;;REPSOL_89;2;0,2258;0,19361949;0,10199682;;;
REPSOL;3,45;;;REPSOL_89;2;0,2787;0,19361949;0,10199682;;;
REPSOL;4,6;;;REPSOL_89;2;0,3316;0,19361949;0,10199682;;;
REPSOL;5,75;;;REPSOL_89;2;0,3845;0,19361949;0,10199682;;;
REPSOL;6,9;;;REPSOL_89;2;0,4374;0,19361949;0,10199682;;;
REPSOL;10,35;;;REPSOL_89;2;0,5961;0,19361949;0,10199682;;;
REPSOL;13,8;;;REPSOL_89;2;0,7548;0,19361949;0,10199682;;;
REPSOL;17,25;;;REPSOL_89;2;0,9135;0,19361949;0,10199682;;;
REPSOL;20,7;;;REPSOL_89;2;1,0722;0,19361949;0,10199682;;;
REPSOL;1,15;;;REPSOL_90;2;0,1729;0,19153756;0,10090008;;;
REPSOL;2,3;;;REPSOL_90;2;0,2258;0,19153756;0,10090008;;;
REPSOL;3,45;;;REPSOL_90;2;0,2787;0,19153756;0,10090008;;;
REPSOL;4,6;;;REPSOL_90;2;0,3316;0,19153756;0,10090008;;;
REPSOL;5,75;;;REPSOL_90;2;0,3845;0,19153756;0,10090008;;;
REPSOL;6,9;;;REPSOL_90;2;0,4374;0,19153756;0,10090008;;;
REPSOL;10,35;;;REPSOL_90;2;0,5961;0,19153756;0,10090008;;;
REPSOL;13,8;;;REPSOL_90;2;0,7548;0,19153756;0,10090008;;;
REPSOL;17,25;;;REPSOL_90;2;0,9135;0,19153756;0,10090008;;;
REPSOL;20,7;;;REPSOL_90;2;1,0722;0,19153756;0,10090008;;;
REPSOL;1,15;;;REPSOL_91;2;0,1729;0,19153756;0,10090008;;;
REPSOL;2,3;;;REPSOL_91;2;0,2258;0,19153756;0,10090008;;;
REPSOL;3,45;;;REPSOL_91;2;0,2787;0,19153756;0,10090008;;;
REPSOL;4,6;;;REPSOL_91;2;0,3316;0,19153756;0,10090008;;;
REPSOL;5,75;;;REPSOL_91;2;0,3845;0,19153756;0,10090008;;;
REPSOL;6,9;;;REPSOL_91;2;0,4374;0,19153756;0,10090008;;;
REPSOL;10,35;;;REPSOL_91;2;0,5961;0,19153756;0,10090008;;;
REPSOL;13,8;;;REPSOL_91;2;0,7548;0,19153756;0,10090008;;;
REPSOL;17,25;;;REPSOL_91;2;0,9135;0,19153756;0,10090008;;;
REPSOL;20,7;;;REPSOL_91;2;1,0722;0,19153756;0,10090008;;;
REPSOL;1,15;;;REPSOL_92;2;0,1529;0,175197075;0,107097075;;;
REPSOL;2,3;;;REPSOL_92;2;0,2058;0,175197075;0,107097075;;;
REPSOL;3,45;;;REPSOL_92;2;0,2587;0,175197075;0,107097075;;;
REPSOL;4,6;;;REPSOL_92;2;0,3116;0,175197075;0,107097075;;;
REPSOL;5,75;;;REPSOL_92;2;0,3645;0,175197075;0,107097075;;;
REPSOL;6,9;;;REPSOL_92;2;0,4174;0,175197075;0,107097075;;;
REPSOL;10,35;;;REPSOL_92;2;0,5761;0,175197075;0,107097075;;;
REPSOL;13,8;;;REPSOL_92;2;0,7348;0,175197075;0,107097075;;;
REPSOL;17,25;;;REPSOL_92;2;0,8935;0,175197075;0,107097075;;;
REPSOL;20,7;;;REPSOL_92;2;1,0522;0,175197075;0,107097075;;;
REPSOL;1,15;;;REPSOL_93;2;0,1529;0,175197075;0,107097075;;;
REPSOL;2,3;;;REPSOL_93;2;0,2058;0,175197075;0,107097075;;;
REPSOL;3,45;;;REPSOL_93;2;0,2587;0,175197075;0,107097075;;;
REPSOL;4,6;;;REPSOL_93;2;0,3116;0,175197075;0,107097075;;;
REPSOL;5,75;;;REPSOL_93;2;0,3645;0,175197075;0,107097075;;;
REPSOL;6,9;;;REPSOL_93;2;0,4174;0,175197075;0,107097075;;;
REPSOL;10,35;;;REPSOL_93;2;0,5761;0,175197075;0,107097075;;;
REPSOL;13,8;;;REPSOL_93;2;0,7348;0,175197075;0,107097075;;;
REPSOL;17,25;;;REPSOL_93;2;0,8935;0,175197075;0,107097075;;;
REPSOL;20,7;;;REPSOL_93;2;1,0522;0,175197075;0,107097075;;;
REPSOL;1,15;;;REPSOL_94;2;0,1529;0,175197075;0,107097075;;;
REPSOL;2,3;;;REPSOL_94;2;0,2058;0,175197075;0,107097075;;;
REPSOL;3,45;;;REPSOL_94;2;0,2587;0,175197075;0,107097075;;;
REPSOL;4,6;;;REPSOL_94;2;0,3116;0,175197075;0,107097075;;;
REPSOL;5,75;;;REPSOL_94;2;0,3645;0,175197075;0,107097075;;;
REPSOL;6,9;;;REPSOL_94;2;0,4174;0,175197075;0,107097075;;;
REPSOL;10,35;;;REPSOL_94;2;0,5761;0,175197075;0,107097075;;;
REPSOL;13,8;;;REPSOL_94;2;0,7348;0,175197075;0,107097075;;;
REPSOL;17,25;;;REPSOL_94;2;0,8935;0,175197075;0,107097075;;;
REPSOL;20,7;;;REPSOL_94;2;1,0522;0,175197075;0,107097075;;;
REPSOL;1,15;;;REPSOL_95;2;0,1529;0,175197075;0,107097075;;;
REPSOL;2,3;;;REPSOL_95;2;0,2058;0,175197075;0,107097075;;;
REPSOL;3,45;;;REPSOL_95;2;0,2587;0,175197075;0,107097075;;;
REPSOL;4,6;;;REPSOL_95;2;0,3116;0,175197075;0,107097075;;;
REPSOL;5,75;;;REPSOL_95;2;0,3645;0,175197075;0,107097075;;;
REPSOL;6,9;;;REPSOL_95;2;0,4174;0,175197075;0,107097075;;;
REPSOL;10,35;;;REPSOL_95;2;0,5761;0,175197075;0,107097075;;;
REPSOL;13,8;;;REPSOL_95;2;0,7348;0,175197075;0,107097075;;;
REPSOL;17,25;;;REPSOL_95;2;0,8935;0,175197075;0,107097075;;;
REPSOL;20,7;;;REPSOL_95;2;1,0522;0,175197075;0,107097075;;;
REPSOL;1,15;;;REPSOL_96;2;0,2029;0,173997075;0,105897075;;;
REPSOL;2,3;;;REPSOL_96;2;0,2558;0,173997075;0,105897075;;;
REPSOL;3,45;;;REPSOL_96;2;0,3087;0,173997075;0,105897075;;;
REPSOL;4,6;;;REPSOL_96;2;0,3616;0,173997075;0,105897075;;;
REPSOL;5,75;;;REPSOL_96;2;0,4145;0,173997075;0,105897075;;;
REPSOL;6,9;;;REPSOL_96;2;0,4674;0,173997075;0,105897075;;;
REPSOL;10,35;;;REPSOL_96;2;0,6261;0,173997075;0,105897075;;;
REPSOL;13,8;;;REPSOL_96;2;0,7848;0,173997075;0,105897075;;;
REPSOL;17,25;;;REPSOL_96;2;0,9435;0,173997075;0,105897075;;;
REPSOL;20,7;;;REPSOL_96;2;1,1022;0,173997075;0,105897075;;;
REPSOL;1,15;;;REPSOL_97;2;0,2779;0,181497075;0,113397075;;;
REPSOL;2,3;;;REPSOL_97;2;0,3308;0,181497075;0,113397075;;;
REPSOL;3,45;;;REPSOL_97;2;0,3837;0,181497075;0,113397075;;;
REPSOL;4,6;;;REPSOL_97;2;0,3866;0,181497075;0,113397075;;;
REPSOL;5,75;;;REPSOL_97;2;0,4395;0,181497075;0,113397075;;;
REPSOL;6,9;;;REPSOL_97;2;0,4924;0,181497075;0,113397075;;;
REPSOL;10,35;;;REPSOL_97;2;0,6511;0,181497075;0,113397075;;;
REPSOL;13,8;;;REPSOL_97;2;0,8098;0,181497075;0,113397075;;;
REPSOL;17,25;;;REPSOL_97;2;0,9685;0,181497075;0,113397075;;;
REPSOL;20,7;;;REPSOL_97;2;1,1272;0,181497075;0,113397075;;;
REPSOL;1,15;;;REPSOL_98;2;0,3029;0,184997075;0,116897075;;;
REPSOL;2,3;;;REPSOL_98;2;0,3558;0,184997075;0,116897075;;;
REPSOL;3,45;;;REPSOL_98;2;0,4087;0,184997075;0,116897075;;;
REPSOL;4,6;;;REPSOL_98;2;0,4116;0,184997075;0,116897075;;;
REPSOL;5,75;;;REPSOL_98;2;0,4645;0,184997075;0,116897075;;;
REPSOL;6,9;;;REPSOL_98;2;0,5174;0,184997075;0,116897075;;;
REPSOL;10,35;;;REPSOL_98;2;0,6761;0,184997075;0,116897075;;;
REPSOL;13,8;;;REPSOL_98;2;0,8348;0,184997075;0,116897075;;;
REPSOL;17,25;;;REPSOL_98;2;0,9935;0,184997075;0,116897075;;;
REPSOL;20,7;;;REPSOL_98;2;1,1522;0,184997075;0,116897075;;;
REPSOL;1,15;;;REPSOL_99;2;0,2779;0,181497075;0,113397075;;;
REPSOL;2,3;;;REPSOL_99;2;0,3308;0,181497075;0,113397075;;;
REPSOL;3,45;;;REPSOL_99;2;0,3837;0,181497075;0,113397075;;;
REPSOL;4,6;;;REPSOL_99;2;0,3866;0,181497075;0,113397075;;;
REPSOL;5,75;;;REPSOL_99;2;0,4395;0,181497075;0,113397075;;;
REPSOL;6,9;;;REPSOL_99;2;0,4924;0,181497075;0,113397075;;;
REPSOL;10,35;;;REPSOL_99;2;0,6511;0,181497075;0,113397075;;;
REPSOL;13,8;;;REPSOL_99;2;0,8098;0,181497075;0,113397075;;;
REPSOL;17,25;;;REPSOL_99;2;0,9685;0,181497075;0,113397075;;;
REPSOL;20,7;;;REPSOL_99;2;1,1272;0,181497075;0,113397075;;;
REPSOL;1,15;;;REPSOL_100;3;0,2779;0,345397075;0,137297075;0,113397075;;
REPSOL;2,3;;;REPSOL_100;3;0,3308;0,345397075;0,137297075;0,113397075;;
REPSOL;3,45;;;REPSOL_100;3;0,3837;0,345397075;0,137297075;0,113397075;;
REPSOL;4,6;;;REPSOL_100;3;0,3866;0,345397075;0,137297075;0,113397075;;
REPSOL;5,75;;;REPSOL_100;3;0,4395;0,345397075;0,137297075;0,113397075;;
REPSOL;6,9;;;REPSOL_100;3;0,4924;0,345397075;0,137297075;0,113397075;;
REPSOL;10,35;;;REPSOL_100;3;0,6511;0,345397075;0,137297075;0,113397075;;
REPSOL;13,8;;;REPSOL_100;3;0,8098;0,345397075;0,137297075;0,113397075;;
REPSOL;17,25;;;REPSOL_100;3;0,9685;0,345397075;0,137297075;0,113397075;;
REPSOL;20,7;;;REPSOL_100;3;1,1272;0,345397075;0,137297075;0,113397075;;
REPSOL;27,6;;;REPSOL_100;3;1,3949;0,345297075;0,149297075;0,112597075;;
REPSOL;34,5;;;REPSOL_100;3;1,6999;0,345297075;0,149297075;0,112597075;;
REPSOL;41,4;;;REPSOL_100;3;2,0049;0,345297075;0,149297075;0,112597075;;
REPSOL;1,15;;;REPSOL_107;3;0,1529;0,339097075;0,130997075;0,107097075;;
REPSOL;2,3;;;REPSOL_107;3;0,2058;0,339097075;0,130997075;0,107097075;;
REPSOL;3,45;;;REPSOL_107;3;0,2587;0,339097075;0,130997075;0,107097075;;
REPSOL;4,6;;;REPSOL_107;3;0,3116;0,339097075;0,130997075;0,107097075;;
REPSOL;5,75;;;REPSOL_107;3;0,3645;0,339097075;0,130997075;0,107097075;;
REPSOL;6,9;;;REPSOL_107;3;0,4174;0,339097075;0,130997075;0,107097075;;
REPSOL;10,35;;;REPSOL_107;3;0,5761;0,339097075;0,130997075;0,107097075;;
REPSOL;13,8;;;REPSOL_107;3;0,7348;0,339097075;0,130997075;0,107097075;;
REPSOL;17,25;;;REPSOL_107;3;0,8935;0,339097075;0,130997075;0,107097075;;
REPSOL;20,7;;;REPSOL_107;3;1,0522;0,339097075;0,130997075;0,107097075;;
REPSOL;27,6;;;REPSOL_107;3;1,3199;0,338997075;0,142997075;0,106297075;;
REPSOL;34,5;;;REPSOL_107;3;1,6249;0,338997075;0,142997075;0,106297075;;
REPSOL;41,4;;;REPSOL_107;3;1,9299;0,338997075;0,142997075;0,106297075;;
REPSOL;1,15;;;REPSOL_92;3;0,1529;0,339097075;0,130997075;0,107097075;;
REPSOL;2,3;;;REPSOL_92;3;0,2058;0,339097075;0,130997075;0,107097075;;
REPSOL;3,45;;;REPSOL_92;3;0,2587;0,339097075;0,130997075;0,107097075;;
REPSOL;4,6;;;REPSOL_92;3;0,3116;0,339097075;0,130997075;0,107097075;;
REPSOL;5,75;;;REPSOL_92;3;0,3645;0,339097075;0,130997075;0,107097075;;
REPSOL;6,9;;;REPSOL_92;3;0,4174;0,339097075;0,130997075;0,107097075;;
REPSOL;10,35;;;REPSOL_92;3;0,5761;0,339097075;0,130997075;0,107097075;;
REPSOL;13,8;;;REPSOL_92;3;0,7348;0,339097075;0,130997075;0,107097075;;
REPSOL;17,25;;;REPSOL_92;3;0,8935;0,339097075;0,130997075;0,107097075;;
REPSOL;20,7;;;REPSOL_92;3;1,0522;0,339097075;0,130997075;0,107097075;;
REPSOL;27,6;;;REPSOL_92;3;1,3199;0,338997075;0,142997075;0,106297075;;
REPSOL;34,5;;;REPSOL_92;3;1,6249;0,338997075;0,142997075;0,106297075;;
REPSOL;41,4;;;REPSOL_92;3;1,9299;0,338997075;0,142997075;0,106297075;;
REPSOL;1,15;;;REPSOL_93;3;0,1529;0,339097075;0,130997075;0,107097075;;
REPSOL;2,3;;;REPSOL_93;3;0,2058;0,339097075;0,130997075;0,107097075;;
REPSOL;3,45;;;REPSOL_93;3;0,2587;0,339097075;0,130997075;0,107097075;;
REPSOL;4,6;;;REPSOL_93;3;0,3116;0,339097075;0,130997075;0,107097075;;
REPSOL;5,75;;;REPSOL_93;3;0,3645;0,339097075;0,130997075;0,107097075;;
REPSOL;6,9;;;REPSOL_93;3;0,4174;0,339097075;0,130997075;0,107097075;;
REPSOL;10,35;;;REPSOL_93;3;0,5761;0,339097075;0,130997075;0,107097075;;
REPSOL;13,8;;;REPSOL_93;3;0,7348;0,339097075;0,130997075;0,107097075;;
REPSOL;17,25;;;REPSOL_93;3;0,8935;0,339097075;0,130997075;0,107097075;;
REPSOL;20,7;;;REPSOL_93;3;1,0522;0,339097075;0,130997075;0,107097075;;
REPSOL;27,6;;;REPSOL_93;3;1,3199;0,338997075;0,142997075;0,106297075;;
REPSOL;34,5;;;REPSOL_93;3;1,6249;0,338997075;0,142997075;0,106297075;;
REPSOL;41,4;;;REPSOL_93;3;1,9299;0,338997075;0,142997075;0,106297075;;
REPSOL;1,15;;;REPSOL_94;3;0,1529;0,339097075;0,130997075;0,107097075;;
REPSOL;2,3;;;REPSOL_94;3;0,2058;0,339097075;0,130997075;0,107097075;;
REPSOL;3,45;;;REPSOL_94;3;0,2587;0,339097075;0,130997075;0,107097075;;
REPSOL;4,6;;;REPSOL_94;3;0,3116;0,339097075;0,130997075;0,107097075;;
REPSOL;5,75;;;REPSOL_94;3;0,3645;0,339097075;0,130997075;0,107097075;;
REPSOL;6,9;;;REPSOL_94;3;0,4174;0,339097075;0,130997075;0,107097075;;
REPSOL;10,35;;;REPSOL_94;3;0,5761;0,339097075;0,130997075;0,107097075;;
REPSOL;13,8;;;REPSOL_94;3;0,7348;0,339097075;0,130997075;0,107097075;;
REPSOL;17,25;;;REPSOL_94;3;0,8935;0,339097075;0,130997075;0,107097075;;
REPSOL;20,7;;;REPSOL_94;3;1,0522;0,339097075;0,130997075;0,107097075;;
REPSOL;27,6;;;REPSOL_94;3;1,3199;0,338997075;0,142997075;0,106297075;;
REPSOL;34,5;;;REPSOL_94;3;1,6249;0,338997075;0,142997075;0,106297075;;
REPSOL;41,4;;;REPSOL_94;3;1,9299;0,338997075;0,142997075;0,106297075;;
REPSOL;1,15;;;REPSOL_95;3;0,1529;0,339097075;0,130997075;0,107097075;;
REPSOL;2,3;;;REPSOL_95;3;0,2058;0,339097075;0,130997075;0,107097075;;
REPSOL;3,45;;;REPSOL_95;3;0,2587;0,339097075;0,130997075;0,107097075;;
REPSOL;4,6;;;REPSOL_95;3;0,3116;0,339097075;0,130997075;0,107097075;;
REPSOL;5,75;;;REPSOL_95;3;0,3645;0,339097075;0,130997075;0,107097075;;
REPSOL;6,9;;;REPSOL_95;3;0,4174;0,339097075;0,130997075;0,107097075;;
REPSOL;10,35;;;REPSOL_95;3;0,5761;0,339097075;0,130997075;0,107097075;;
REPSOL;13,8;;;REPSOL_95;3;0,7348;0,339097075;0,130997075;0,107097075;;
REPSOL;17,25;;;REPSOL_95;3;0,8935;0,339097075;0,130997075;0,107097075;;
REPSOL;20,7;;;REPSOL_95;3;1,0522;0,339097075;0,130997075;0,107097075;;
REPSOL;27,6;;;REPSOL_95;3;1,3199;0,338997075;0,142997075;0,106297075;;
REPSOL;34,5;;;REPSOL_95;3;1,6249;0,338997075;0,142997075;0,106297075;;
REPSOL;41,4;;;REPSOL_95;3;1,9299;0,338997075;0,142997075;0,106297075;;
REPSOL;1,15;;;REPSOL_96;3;0,2029;0,337897075;0,129797075;0,105897075;;
REPSOL;2,3;;;REPSOL_96;3;0,2558;0,337897075;0,129797075;0,105897075;;
REPSOL;3,45;;;REPSOL_96;3;0,3087;0,337897075;0,129797075;0,105897075;;
REPSOL;4,6;;;REPSOL_96;3;0,3616;0,337897075;0,129797075;0,105897075;;
REPSOL;5,75;;;REPSOL_96;3;0,4145;0,337897075;0,129797075;0,105897075;;
REPSOL;6,9;;;REPSOL_96;3;0,4674;0,337897075;0,129797075;0,105897075;;
REPSOL;10,35;;;REPSOL_96;3;0,6261;0,337897075;0,129797075;0,105897075;;
REPSOL;13,8;;;REPSOL_96;3;0,7848;0,337897075;0,129797075;0,105897075;;
REPSOL;17,25;;;REPSOL_96;3;0,9435;0,337897075;0,129797075;0,105897075;;
REPSOL;20,7;;;REPSOL_96;3;1,1022;0,337897075;0,129797075;0,105897075;;
REPSOL;27,6;;;REPSOL_96;3;1,3699;0,337797075;0,141797075;0,105097075;;
REPSOL;34,5;;;REPSOL_96;3;1,6749;0,337797075;0,141797075;0,105097075;;
REPSOL;41,4;;;REPSOL_96;3;1,9799;0,337797075;0,141797075;0,105097075;;
REPSOL;1,15;;;REPSOL_97;3;0,2779;0,345397075;0,137297075;0,113397075;;
REPSOL;2,3;;;REPSOL_97;3;0,3308;0,345397075;0,137297075;0,113397075;;
REPSOL;3,45;;;REPSOL_97;3;0,3837;0,345397075;0,137297075;0,113397075;;
REPSOL;4,6;;;REPSOL_97;3;0,3866;0,345397075;0,137297075;0,113397075;;
REPSOL;5,75;;;REPSOL_97;3;0,4395;0,345397075;0,137297075;0,113397075;;
REPSOL;6,9;;;REPSOL_97;3;0,4924;0,345397075;0,137297075;0,113397075;;
REPSOL;10,35;;;REPSOL_97;3;0,6511;0,345397075;0,137297075;0,113397075;;
REPSOL;13,8;;;REPSOL_97;3;0,8098;0,345397075;0,137297075;0,113397075;;
REPSOL;17,25;;;REPSOL_97;3;0,9685;0,345397075;0,137297075;0,113397075;;
REPSOL;20,7;;;REPSOL_97;3;1,1272;0,345397075;0,137297075;0,113397075;;
REPSOL;27,6;;;REPSOL_97;3;1,3949;0,345297075;0,149297075;0,112597075;;
REPSOL;34,5;;;REPSOL_97;3;1,6999;0,345297075;0,149297075;0,112597075;;
REPSOL;41,4;;;REPSOL_97;3;2,0049;0,345297075;0,149297075;0,112597075;;
REPSOL;1,15;;;REPSOL_98;3;0,3029;0,348897075;0,140797075;0,116897075;;
REPSOL;2,3;;;REPSOL_98;3;0,3558;0,348897075;0,140797075;0,116897075;;
REPSOL;3,45;;;REPSOL_98;3;0,4087;0,348897075;0,140797075;0,116897075;;
REPSOL;4,6;;;REPSOL_98;3;0,4116;0,348897075;0,140797075;0,116897075;;
REPSOL;5,75;;;REPSOL_98;3;0,4645;0,348897075;0,140797075;0,116897075;;
REPSOL;6,9;;;REPSOL_98;3;0,5174;0,348897075;0,140797075;0,116897075;;
REPSOL;10,35;;;REPSOL_98;3;0,6761;0,348897075;0,140797075;0,116897075;;
REPSOL;13,8;;;REPSOL_98;3;0,8348;0,348897075;0,140797075;0,116897075;;
REPSOL;17,25;;;REPSOL_98;3;0,9935;0,348897075;0,140797075;0,116897075;;
REPSOL;20,7;;;REPSOL_98;3;1,1522;0,348897075;0,140797075;0,116897075;;
REPSOL;27,6;;;REPSOL_98;3;1,4199;0,348797075;0,152797075;0,116097075;;
REPSOL;34,5;;;REPSOL_98;3;1,7249;0,348797075;0,152797075;0,116097075;;
REPSOL;41,4;;;REPSOL_98;3;2,0299;0,348797075;0,152797075;0,116097075;;
REPSOL;1,15;;;REPSOL_99;3;0,2779;0,345397075;0,137297075;0,113397075;;
REPSOL;2,3;;;REPSOL_99;3;0,3308;0,345397075;0,137297075;0,113397075;;
REPSOL;3,45;;;REPSOL_99;3;0,3837;0,345397075;0,137297075;0,113397075;;
REPSOL;4,6;;;REPSOL_99;3;0,3866;0,345397075;0,137297075;0,113397075;;
REPSOL;5,75;;;REPSOL_99;3;0,4395;0,345397075;0,137297075;0,113397075;;
REPSOL;6,9;;;REPSOL_99;3;0,4924;0,345397075;0,137297075;0,113397075;;
REPSOL;10,35;;;REPSOL_99;3;0,6511;0,345397075;0,137297075;0,113397075;;
REPSOL;13,8;;;REPSOL_99;3;0,8098;0,345397075;0,137297075;0,113397075;;
REPSOL;17,25;;;REPSOL_99;3;0,9685;0,345397075;0,137297075;0,113397075;;
REPSOL;20,7;;;REPSOL_99;3;1,1272;0,345397075;0,137297075;0,113397075;;
REPSOL;27,6;;;REPSOL_99;3;1,3949;0,345297075;0,149297075;0,112597075;;
REPSOL;34,5;;;REPSOL_99;3;1,6999;0,345297075;0,149297075;0,112597075;;
REPSOL;41,4;;;REPSOL_99;3;2,0049;0,345297075;0,149297075;0,112597075;;
SUNCORE;1,15;1;;SUNCORE_01;1;0,1541;0,1573866;;;;
SUNCORE;2,3;2;;SUNCORE_01;1;0,21316;0,1573866;;;;
SUNCORE;3,45;3;;SUNCORE_01;1;0,26232;0,1573866;;;;
SUNCORE;4,6;4;;SUNCORE_01;1;0,33172;0,1573866;;;;
SUNCORE;5,75;;;SUNCORE_01;1;0,40101;0,1573866;;;;
SUNCORE;6,9;;;SUNCORE_01;1;0,45435;0,1573866;;;;
SUNCORE;10,35;;;SUNCORE_01;1;0,63219;0,1573866;;;;
SUNCORE;13,8;;;SUNCORE_01;1;0,8262;0,1573866;;;;
SUNCORE;17,25;;;SUNCORE_01;1;1,02021;0,1573866;;;;
SUNCORE;20,7;;;SUNCORE_01;1;1,16978;0,1573866;;;;
SUNCORE;1,15;;;SUNCORE_01;2;0,1541;0,1803866;0,1122866;;;
SUNCORE;2,3;;;SUNCORE_01;2;0,21316;0,1803866;0,1122866;;;
SUNCORE;3,45;;;SUNCORE_01;2;0,26232;0,1803866;0,1122866;;;
SUNCORE;4,6;;;SUNCORE_01;2;0,33172;0,1803866;0,1122866;;;
SUNCORE;5,75;;;SUNCORE_01;2;0,40101;0,1803866;0,1122866;;;
SUNCORE;6,9;;;SUNCORE_01;2;0,45435;0,1803866;0,1122866;;;
SUNCORE;10,35;;;SUNCORE_01;2;0,63219;0,1803866;0,1122866;;;
SUNCORE;13,8;;;SUNCORE_01;2;0,8262;0,1803866;0,1122866;;;
SUNCORE;17,25;;;SUNCORE_01;2;1,02021;0,1803866;0,1122866;;;
SUNCORE;20,7;;;SUNCORE_01;2;1,16978;0,1803866;0,1122866;;;
SUNCORE;1,15;;;SUNCORE_01;3;0,1541;0,3442866;0,1361866;0,1122866;;
SUNCORE;2,3;;;SUNCORE_01;3;0,21316;0,3442866;0,1361866;0,1122866;;
SUNCORE;3,45;;;SUNCORE_01;3;0,26232;0,3442866;0,1361866;0,1122866;;
SUNCORE;4,6;;;SUNCORE_01;3;0,33172;0,3442866;0,1361866;0,1122866;;
SUNCORE;5,75;;;SUNCORE_01;3;0,40101;0,3442866;0,1361866;0,1122866;;
SUNCORE;6,9;;;SUNCORE_01;3;0,45435;0,3442866;0,1361866;0,1122866;;
SUNCORE;10,35;;;SUNCORE_01;3;0,63219;0,3442866;0,1361866;0,1122866;;
SUNCORE;13,8;;;SUNCORE_01;3;0,8262;0,3442866;0,1361866;0,1122866;;
SUNCORE;17,25;;;SUNCORE_01;3;1,02021;0,3442866;0,1361866;0,1122866;;
SUNCORE;20,7;;;SUNCORE_01;3;1,16978;0,3442866;0,1361866;0,1122866;;
SUNCORE;27,6;;;SUNCORE_01;3;1,610268;0,3441866;0,1481866;0,1114866;;
SUNCORE;34,5;;;SUNCORE_01;3;2,012868;0,3441866;0,1481866;0,1114866;;
SUNCORE;41,4;;;SUNCORE_01;3;2,415468;0,3441866;0,1481866;0,1114866;;
USENERGY;1,15;1;;USENERGY_01;1;0,19779;0,1655;;;;
USENERGY;2,3;2;;USENERGY_01;1;0,26721;0,1655;;;;
USENERGY;3,45;3;;USENERGY_01;1;0,32712;0,1655;;;;
USENERGY;4,6;4;;USENERGY_01;1;0,40611;0,1655;;;;
USENERGY;5,75;;;USENERGY_01;1;0,48487;0,1655;;;;
USENERGY;6,9;;;USENERGY_01;1;0,5634;0,1655;;;;
USENERGY;10,35;;;USENERGY_01;1;0,74812;0,1655;;;;
USENERGY;13,8;;;USENERGY_01;1;0,97465;0,1655;;;;
USENERGY;17,25;;;USENERGY_01;1;1,229224;0,1655;;;;
USENERGY;20,7;;;USENERGY_01;1;1,4395;0,1655;;;;
USENERGY;1,15;;;USENERGY_01;2;0,19779;0,227794;0,1382783;;;
USENERGY;2,3;;;USENERGY_01;2;0,26721;0,227794;0,1382783;;;
USENERGY;3,45;;;USENERGY_01;2;0,32712;0,227794;0,1382783;;;
USENERGY;4,6;;;USENERGY_01;2;0,40611;0,227794;0,1382783;;;
USENERGY;5,75;;;USENERGY_01;2;0,48487;0,227794;0,1382783;;;
USENERGY;6,9;;;USENERGY_01;2;0,5634;0,227794;0,1382783;;;
USENERGY;10,35;;;USENERGY_01;2;0,74812;0,227794;0,1382783;;;
USENERGY;13,8;;;USENERGY_01;2;0,97465;0,227794;0,1382783;;;
USENERGY;17,25;;;USENERGY_01;2;1,229224;0,227794;0,1382783;;;
USENERGY;20,7;;;USENERGY_01;2;1,4395;0,227794;0,1382783;;;
USENERGY;1,15;;;USENERGY_01;3;0,19779;0,364;0,1625;0,1565;;
USENERGY;2,3;;;USENERGY_01;3;0,26721;0,364;0,1625;0,1565;;
USENERGY;3,45;;;USENERGY_01;3;0,32712;0,364;0,1625;0,1565;;
USENERGY;4,6;;;USENERGY_01;3;0,40611;0,364;0,1625;0,1565;;
USENERGY;5,75;;;USENERGY_01;3;0,48487;0,364;0,1625;0,1565;;
USENERGY;6,9;;;USENERGY_01;3;0,5634;0,364;0,1625;0,1565;;
USENERGY;10,35;;;USENERGY_01;3;0,74812;0,364;0,1625;0,1565;;
USENERGY;13,8;;;USENERGY_01;3;0,97465;0,364;0,1625;0,1565;;
USENERGY;17,25;;;USENERGY_01;3;1,229224;0,364;0,1625;0,1565;;
USENERGY;20,7;;;USENERGY_01;3;1,4395;0,364;0,1625;0,1565;;
USENERGY;27,6;;;USENERGY_01;3;1,73357142857143;0,364;0,1625;0,1565;;
USENERGY;34,5;;;USENERGY_01;3;2,06743;0,364;0,1625;0,1565;;
USENERGY;41,4;;;USENERGY_01;3;2,49244714285714;0,364;0,1625;0,1565;;
YESENERGY;1,15;1;;YESENERGY_01;1;0,1365;0,1451525;;;;
YESENERGY;2,3;2;;YESENERGY_01;1;0,1995;0,1451525;;;;
YESENERGY;3,45;3;;YESENERGY_01;1;0,288;0,1451525;;;;
YESENERGY;4,6;4;;YESENERGY_01;1;0,3897;0,1451525;;;;
YESENERGY;5,75;;;YESENERGY_01;1;0,4699;0,1451525;;;;
YESENERGY;6,9;;;YESENERGY_01;1;0,5795;0,1451525;;;;
YESENERGY;10,35;;;YESENERGY_01;1;0,7877;0,1451525;;;;
YESENERGY;13,8;;;YESENERGY_01;1;1,0415;0,1451525;;;;
YESENERGY;17,25;;;YESENERGY_01;1;1,3236;0,1451525;;;;
YESENERGY;20,7;;;YESENERGY_01;1;1,7323;0,1451525;;;;
YESENERGY;1,15;1;;YESENERGY_02;1;0,1365;0,1599;;;;
YESENERGY;2,3;2;;YESENERGY_02;1;0,1995;0,1599;;;;
YESENERGY;3,45;3;;YESENERGY_02;1;0,288;0,1599;;;;
YESENERGY;4,6;4;;YESENERGY_02;1;0,3897;0,1599;;;;
YESENERGY;5,75;;;YESENERGY_02;1;0,4699;0,1599;;;;
YESENERGY;6,9;;;YESENERGY_02;1;0,5795;0,1599;;;;
YESENERGY;10,35;;;YESENERGY_02;1;0,7877;0,1599;;;;
YESENERGY;13,8;;;YESENERGY_02;1;1,0415;0,1599;;;;
YESENERGY;17,25;;;YESENERGY_02;1;1,3235;0,1599;;;;
YESENERGY;20,7;;;YESENERGY_02;1;1,7323;0,1599;;;;
YESENERGY;1,15;1;;YESENERGY_03;1;0,1365;0,1599;;;0,10079;0,11802
YESENERGY;2,3;2;;YESENERGY_03;1;0,1995;0,1599;;;0,1295;0,11293
YESENERGY;3,45;3;;YESENERGY_03;1;0,288;0,1599;;;0,168;0,10998
YESENERGY;4,6;4;;YESENERGY_03;1;0,3897;0,1599;;;0,2131;0,1087
YESENERGY;5,75;;;YESENERGY_03;1;0,4699;0,1599;;;;
YESENERGY;6,9;;;YESENERGY_03;1;0,5795;0,1599;;;;
YESENERGY;10,35;;;YESENERGY_03;1;0,7877;0,1599;;;;
YESENERGY;13,8;;;YESENERGY_03;1;1,0415;0,1599;;;;
YESENERGY;17,25;;;YESENERGY_03;1;1,3235;0,1599;;;;
YESENERGY;20,7;;;YESENERGY_03;1;1,7323;0,1599;;;;
YESENERGY;1,15;1;;YESENERGY_04;1;;;;;0,10284;0,11802
YESENERGY;2,3;2;;YESENERGY_04;1;;;;;0,13195;0,11293
YESENERGY;3,45;3;;YESENERGY_04;1;;;;;0,17106;0,10998
YESENERGY;4,6;4;;YESENERGY_04;1;;;;;0,21657;0,1087
YESENERGY;1,15;;;YESENERGY_01;2;0,1295;0,1681525;0,1000525;;;
YESENERGY;2,3;;;YESENERGY_01;2;0,2163;0,1681525;0,1000525;;;
YESENERGY;3,45;;;YESENERGY_01;2;0,288;0,1681525;0,1000525;;;
YESENERGY;4,6;;;YESENERGY_01;2;0,3725;0,1681525;0,1000525;;;
YESENERGY;5,75;;;YESENERGY_01;2;0,4557;0,1681525;0,1000525;;;
YESENERGY;6,9;;;YESENERGY_01;2;0,5288;0,1681525;0,1000525;;;
YESENERGY;10,35;;;YESENERGY_01;2;0,6982;0,1681525;0,1000525;;;
YESENERGY;13,8;;;YESENERGY_01;2;0,8976;0,1681525;0,1000525;;;
YESENERGY;17,25;;;YESENERGY_01;2;1,0688;0,1681525;0,1000525;;;
YESENERGY;20,7;;;YESENERGY_01;2;1,2663;0,1681525;0,1000525;;;
YESENERGY;1,15;;;YESENERGY_02;2;0,1365;0,1863;0,1033;;;
YESENERGY;2,3;;;YESENERGY_02;2;0,1995;0,1863;0,1033;;;
YESENERGY;3,45;;;YESENERGY_02;2;0,288;0,1863;0,1033;;;
YESENERGY;4,6;;;YESENERGY_02;2;0,3897;0,1863;0,1033;;;
YESENERGY;5,75;;;YESENERGY_02;2;0,4699;0,1863;0,1033;;;
YESENERGY;6,9;;;YESENERGY_02;2;0,5795;0,1863;0,1033;;;
YESENERGY;10,35;;;YESENERGY_02;2;0,7877;0,1863;0,1033;;;
YESENERGY;13,8;;;YESENERGY_02;2;1,0415;0,1863;0,1033;;;
YESENERGY;17,25;;;YESENERGY_02;2;1,3235;0,1863;0,1033;;;
YESENERGY;20,7;;;YESENERGY_02;2;1,7323;0,1863;0,1033;;;
YESENERGY;3,45;;;YESENERGY_03;2;0,288;0,1863;0,1033;;;
YESENERGY;4,6;;;YESENERGY_03;2;0,3897;0,1863;0,1033;;;
YESENERGY;5,75;;;YESENERGY_03;2;0,4699;0,1863;0,1033;;;
YESENERGY;6,9;;;YESENERGY_03;2;0,5795;0,1863;0,1033;;;
YESENERGY;10,35;;;YESENERGY_03;2;0,7877;0,1863;0,1033;;;
YESENERGY;13,8;;;YESENERGY_03;2;1,0415;0,1863;0,1033;;;
YESENERGY;17,25;;;YESENERGY_03;2;1,3235;0,1863;0,1033;;;
YESENERGY;20,7;;;YESENERGY_03;2;1,7323;0,1863;0,1033;;;
YESENERGY;27,6;;;YESENERGY_01;3;1,7739;0,3319525;0,1359525;0,0992525;;
YESENERGY;34,5;;;YESENERGY_01;3;1,8063;0,3319525;0,1359525;0,0992525;;
YESENERGY;41,4;;;YESENERGY_01;3;2,1396;0,3319525;0,1359525;0,0992525;;
YESENERGY;27,6;;;YESENERGY_02;3;1,7739;0,3795;0,1491;0,103;;
YESENERGY;34,5;;;YESENERGY_02;3;1,8063;0,3795;0,1491;0,103;;
YESENERGY;41,4;;;YESENERGY_02;3;2,1396;0,3795;0,1491;0,103;;
YESENERGY;27,6;;;YESENERGY_03;3;1,3026;0,3795;0,1491;0,103;;
YESENERGY;34,5;;;YESENERGY_03;3;1,6163;0,3795;0,1491;0,103;;
YESENERGY;41,4;;;YESENERGY_03;3;1,9279;0,3795;0,1491;0,103;;
ZUG POWER;1,15;1;;ZUG POWER_01;1;0,1862;0,17322;;;;
ZUG POWER;2,3;2;;ZUG POWER_01;1;0,2391;0,17322;;;;
ZUG POWER;3,45;3;;ZUG POWER_01;1;0,292;0,17322;;;;
ZUG POWER;4,6;4;;ZUG POWER_01;1;0,3449;0,17322;;;;
ZUG POWER;5,75;;;ZUG POWER_01;1;0,3978;0,17322;;;;
ZUG POWER;6,9;;;ZUG POWER_01;1;0,4507;0,17322;;;;
ZUG POWER;10,35;;;ZUG POWER_01;1;0,6094;0,17322;;;;
ZUG POWER;13,8;;;ZUG POWER_01;1;0,7681;0,17322;;;;
ZUG POWER;17,25;;;ZUG POWER_01;1;0,9268;0,17322;;;;
ZUG POWER;20,7;;;ZUG POWER_01;1;1,0855;0,17322;;;;
ZUG POWER;1,15;1;;ZUG POWER_02;1;0,1862;0,14035;;;;
ZUG POWER;2,3;2;;ZUG POWER_02;1;0,2391;0,14035;;;;
ZUG POWER;3,45;3;;ZUG POWER_02;1;0,292;0,14035;;;;
ZUG POWER;4,6;4;;ZUG POWER_02;1;0,3449;0,14035;;;;
ZUG POWER;5,75;;;ZUG POWER_02;1;0,3978;0,14035;;;;
ZUG POWER;6,9;;;ZUG POWER_02;1;0,4507;0,14035;;;;
ZUG POWER;10,35;;;ZUG POWER_02;1;0,6094;0,14035;;;;
ZUG POWER;13,8;;;ZUG POWER_02;1;0,7681;0,14035;;;;
ZUG POWER;17,25;;;ZUG POWER_02;1;0,9268;0,14035;;;;
ZUG POWER;20,7;;;ZUG POWER_02;1;1,0855;0,14035;;;;
ZUG POWER;1,15;1;;ZUG POWER_03;1;;;;;0,1147;0,09374
ZUG POWER;2,3;2;;ZUG POWER_03;1;;;;;0,1448;0,08865
ZUG POWER;3,45;3;;ZUG POWER_03;1;;;;;0,1768;0,0857
ZUG POWER;4,6;4;;ZUG POWER_03;1;;;;;0,2219;0,08442
ZUG POWER;1,15;1;;ZUG POWER_04;1;;;;;0,1156;0,081927152
ZUG POWER;2,3;2;;ZUG POWER_04;1;;;;;0,1497;0,076835152
ZUG POWER;3,45;3;;ZUG POWER_04;1;;;;;0,1827;0,073886152
ZUG POWER;4,6;4;;ZUG POWER_04;1;;;;;0,2364;0,072604152
ZUG POWER;3,45;;;ZUG POWER_01;2;0,292;0,20327;0,11182;;;
ZUG POWER;4,6;;;ZUG POWER_01;2;0,3449;0,20327;0,11182;;;
ZUG POWER;5,75;;;ZUG POWER_01;2;0,3978;0,20327;0,11182;;;
ZUG POWER;6,9;;;ZUG POWER_01;2;0,4507;0,20327;0,11182;;;
ZUG POWER;10,35;;;ZUG POWER_01;2;0,6094;0,20327;0,11182;;;
ZUG POWER;13,8;;;ZUG POWER_01;2;0,7681;0,20327;0,11182;;;
ZUG POWER;17,25;;;ZUG POWER_01;2;0,9268;0,20327;0,11182;;;
ZUG POWER;20,7;;;ZUG POWER_01;2;1,0855;0,20327;0,11182;;;
ZUG POWER;1,15;;;ZUG POWER_02;2;0,1862;0,16335;0,09525;;;
ZUG POWER;2,3;;;ZUG POWER_02;2;0,2391;0,16335;0,09525;;;
ZUG POWER;3,45;;;ZUG POWER_02;2;0,292;0,16335;0,09525;;;
ZUG POWER;4,6;;;ZUG POWER_02;2;0,3449;0,16335;0,09525;;;
ZUG POWER;5,75;;;ZUG POWER_02;2;0,3978;0,16335;0,09525;;;
ZUG POWER;6,9;;;ZUG POWER_02;2;0,4507;0,16335;0,09525;;;
ZUG POWER;10,35;;;ZUG POWER_02;2;0,6094;0,16335;0,09525;;;
ZUG POWER;13,8;;;ZUG POWER_02;2;0,7681;0,16335;0,09525;;;
ZUG POWER;17,25;;;ZUG POWER_02;2;0,9268;0,16335;0,09525;;;
ZUG POWER;20,7;;;ZUG POWER_02;2;1,0855;0,16335;0,09525;;;
ZUG POWER;3,45;;;ZUG POWER_01;3;0,292;0,37022;0,15211;0,12031;;
ZUG POWER;4,6;;;ZUG POWER_01;3;0,3449;0,37022;0,15211;0,12031;;
ZUG POWER;5,75;;;ZUG POWER_01;3;0,3978;0,37022;0,15211;0,12031;;
ZUG POWER;6,9;;;ZUG POWER_01;3;0,4507;0,37022;0,15211;0,12031;;
ZUG POWER;10,35;;;ZUG POWER_01;3;0,6094;0,37022;0,15211;0,12031;;
ZUG POWER;13,8;;;ZUG POWER_01;3;0,7681;0,37022;0,15211;0,12031;;
ZUG POWER;17,25;;;ZUG POWER_01;3;0,9268;0,37022;0,15211;0,12031;;
ZUG POWER;20,7;;;ZUG POWER_01;3;1,0855;0,37022;0,15211;0,12031;;
ZUG POWER;27,6;;;ZUG POWER_01;3;1,5032;0,3796;0,1747;0,13124;;
ZUG POWER;34,5;;;ZUG POWER_01;3;1,8082;0,3796;0,1747;0,13124;;
ZUG POWER;41,4;;;ZUG POWER_01;3;2,1132;0,3796;0,1747;0,13124;;
ZUG POWER;1,15;;;ZUG POWER_02;3;0,1862;0,32725;0,11915;0,09525;;
ZUG POWER;2,3;;;ZUG POWER_02;3;0,2391;0,32725;0,11915;0,09525;;
ZUG POWER;3,45;;;ZUG POWER_02;3;0,292;0,32725;0,11915;0,09525;;
ZUG POWER;4,6;;;ZUG POWER_02;3;0,3449;0,32725;0,11915;0,09525;;
ZUG POWER;5,75;;;ZUG POWER_02;3;0,3978;0,32725;0,11915;0,09525;;
ZUG POWER;6,9;;;ZUG POWER_02;3;0,4507;0,32725;0,11915;0,09525;;
ZUG POWER;10,35;;;ZUG POWER_02;3;0,6094;0,32725;0,11915;0,09525;;
ZUG POWER;13,8;;;ZUG POWER_02;3;0,7681;0,32725;0,11915;0,09525;;
ZUG POWER;17,25;;;ZUG POWER_02;3;0,9268;0,32725;0,11915;0,09525;;
ZUG POWER;20,7;;;ZUG POWER_02;3;1,0855;0,32725;0,11915;0,09525;;
ZUG POWER;27,6;;;ZUG POWER_02;3;1,5032;0,32715;0,13115;0,09445;;
ZUG POWER;34,5;;;ZUG POWER_02;3;1,8082;0,32715;0,13115;0,09445;;
ZUG POWER;41,4;;;ZUG POWER_02;3;2,1132;0,32715;0,13115;0,09445;;
